order_id,customer_id,customer_address,address_tokens,num_address_tokens,address_char_len,is_cod,order_value,sku_category,sku_risk_index,is_first_time,prior_orders,prior_rto_rate,whatsapp_response_rate,pincode,city,district,state,tier,latitude,longitude,digipin,has_premise,has_landmark,pin_mismatch_m,s_addr,dist_category,distance_km,promised_tat_days,delay_days,rto_probability,rto_flag
VALMO_ORD_0000001,CUST_046278,"Ward No. 268, Mohalla Azad Nagar, Opposite State Bank of India, Main Bazaar Road, Veppanthatti, Tiruchirappalli, Tamil Nadu, 621116",PREMISE:Ward No. 268|LANDMARK:Opposite State Bank of India|ROAD:Main Bazaar Road|LOCALITY:Mohalla Azad Nagar|PIN:621116,5,131,1,501.68,Apparel_Ethnic,0.22,1,0,0.0,0.53,621116,Tiruchirappalli,Tiruchirappalli,Tamil Nadu,2,11.36996,78.82578,M98-FT6-P85T,1,1,12.8,0.9661,1,3.68,3,1,0.1859,0
VALMO_ORD_0000002,CUST_035139,"House No. 79, Opposite Panchayat Bhawan, Bypass Road, Kalyan Nagar, Raipur, Chhattisgarh, 492005",PREMISE:House No. 79|LANDMARK:Opposite Panchayat Bhawan|ROAD:Bypass Road|LOCALITY:Kalyan Nagar|PIN:492005,5,96,0,268.36,Apparel_Western,0.2,1,0,0.0,0.597,492005,Raipur,Raipur,Chhattisgarh,2,21.26735,81.71341,2LK-45F-4L9J,1,1,328.3,0.9145,0,1.18,3,1,0.0384,0
VALMO_ORD_0000003,CUST_035938,"Verma Residency, Flat 154, Near Water Tank, Station Road, Patel Nagar, Nellore, Andhra Pradesh, 524314",PREMISE:Verma Residency|LANDMARK:Near Water Tank|ROAD:Station Road|LOCALITY:Patel Nagar|PIN:524314,5,102,1,151.61,Footwear,0.19,0,6,0.095,0.705,524314,Nellore,Nellore,Andhra Pradesh,2,14.46349,80.0773,464-4T5-L2FK,1,1,48.1,0.9577,1,5.82,5,0,0.1398,0
VALMO_ORD_0000004,CUST_029082,"Holding No. 1, Basti Subhash Nagar, Near Govt Primary School, Gali Number 6, Rajpur, Dehradun, Uttarakhand, 248009",LANDMARK:Near Govt Primary School|LOCALITY:Basti Subhash Nagar|PIN:248009,3,114,1,424.96,Apparel_Western,0.2,0,9,0.239,0.817,248009,Dehradun,Dehradun,Uttarakhand,2,30.38218,78.09313,CP4-76L-4488,0,1,197.6,0.635,0,1.59,5,0,0.1647,0
VALMO_ORD_0000005,CUST_040846,"Behind Durga Hospital, College Road, Khachrod, Ujjain, Madhya Pradesh, 456224",LANDMARK:Behind Durga Hospital|ROAD:College Road|PIN:456224,3,77,1,798.31,Apparel_Western,0.2,1,0,0.0,0.69,456224,Ujjain,Ujjain,Madhya Pradesh,2,23.46321,75.28117,34K-6TK-M266,0,1,176.2,0.6368,0,1.05,2,0,0.1811,0
VALMO_ORD_0000006,CUST_059760,"Quarter No. 287, Railway Colony, Near Peepal Ka Ped, Bypass Road, Shastri Nagar, Shimoga, Karnataka, 577433",PREMISE:Quarter No. 287|LANDMARK:Near Peepal Ka Ped|ROAD:Bypass Road|LOCALITY:Railway Colony|PIN:577433,5,107,1,352.77,Apparel_Ethnic,0.22,0,4,0.141,0.851,577433,Shimoga,Shimoga,Karnataka,3,14.44553,75.22312,44K-TCC-T3MJ,1,1,103.1,0.9584,0,2.73,4,1,0.1603,1
VALMO_ORD_0000007,CUST_065871,"Surya Niwas, Room 595, Gali Number 2, Dooda Magge, Hassan, Karnataka, 573142",PREMISE:Surya Niwas|PIN:573142,2,76,1,651.48,Footwear,0.19,0,15,0.092,0.916,573142,Hassan,Hassan,Karnataka,3,12.70622,76.08885,4M2-M2K-MCCK,1,0,980.4,0.3905,1,4.92,3,1,0.2589,1
VALMO_ORD_0000008,CUST_078283,"Khata No. 157, Village Rampur, Main Bazaar Road, Ankleshwar I E, Bharuch, Gujarat, 393002",PREMISE:Khata No. 157|ROAD:Main Bazaar Road|LOCALITY:Village Rampur|PIN:393002,4,89,0,510.02,Apparel_Ethnic,0.22,0,6,0.257,0.743,393002,Bharuch,Bharuch,Gujarat,3,21.61543,73.01626,3LK-892-9774,1,0,231.8,0.5632,0,1.08,2,0,0.0463,0
VALMO_ORD_0000009,CUST_003265,"Opposite Shiv Mandir, Nehru Road, Ajabpur, Dehradun, Uttarakhand, 248121",LANDMARK:Opposite Shiv Mandir|ROAD:Nehru Road|LOCALITY:Ajabpur|PIN:248121,4,72,1,190.12,Home_Kitchen,0.13,0,3,0.303,0.829,248121,Dehradun,Dehradun,Uttarakhand,2,30.29072,78.03509,CP4-634-8F4C,0,1,269.7,0.6099,0,1.63,4,0,0.1684,0
VALMO_ORD_0000010,CUST_031554,"Holding No. 275, Basti Patel Nagar, Subhash Path, New Secretariate, Chandigarh, Chandigarh, 160001",ROAD:Subhash Path|LOCALITY:Basti Patel Nagar|PIN:160001,3,98,1,510.87,Apparel_Western,0.2,0,3,0.281,0.421,160001,Chandigarh,Chandigarh,Chandigarh,2,30.75885,76.7975,CM7-P9F-T833,0,0,257.8,0.2722,0,0.62,4,2,0.2683,0
VALMO_ORD_0000011,CUST_052059,"Khata No. 133, Village Rampur, Near Bus Stand, Ring Road, Somajiguda S.O, Hyderabad, Telangana, 500082",PREMISE:Khata No. 133|LANDMARK:Near Bus Stand|ROAD:Ring Road|LOCALITY:Village Rampur|PIN:500082,5,102,1,193.82,Apparel_Ethnic,0.22,0,10,0.249,0.786,500082,Hyderabad,Hyderabad,Telangana,1,17.42201,78.44244,422-2MK-FM79,1,1,77.0,0.9484,1,5.59,5,1,0.1529,0
VALMO_ORD_0000012,CUST_068146,"Plot No. 142, Gali 13, Cinema Road, Bandipur, Hathras, Uttar Pradesh, 224125",PREMISE:Plot No. 142|ROAD:Cinema Road|LOCALITY:Bandipur|PIN:224125,4,76,0,369.83,Electronics_Accessories,0.12,0,8,0.12,0.843,224125,Hathras,Hathras,Uttar Pradesh,3,26.23953,82.8374,2J2-M9K-LP59,1,0,3.2,0.6415,1,6.48,3,1,0.0522,0
VALMO_ORD_0000013,CUST_004585,"Khata No. 26, Village Rampur, Nehru Road, Azad Nagar, New Delhi, Delhi, 110044",PREMISE:Khata No. 26|ROAD:Nehru Road|LOCALITY:Village Rampur|PIN:110044,4,78,0,337.89,Apparel_Ethnic,0.22,0,14,0.566,0.38,110044,New Delhi,South Delhi,Delhi,1,28.50294,77.31892,39J-PCJ-3L93,1,0,102.2,0.5923,1,6.33,3,0,0.047,0
VALMO_ORD_0000014,CUST_013109,"Quarter No. 306, Railway Colony, Behind Ram Hospital, Subhash Path, Purani Basti, Tirunelveli, Tamil Nadu, 628751",PREMISE:Quarter No. 306|LANDMARK:Behind Ram Hospital|ROAD:Subhash Path|LOCALITY:Railway Colony|PIN:628751,5,113,1,323.69,Personal_Care,0.08,1,0,0.0,0.692,628751,Tirunelveli,Tirunelveli,Tamil Nadu,2,8.64188,78.00453,M23-8J2-CL98,1,1,181.9,0.9356,0,1.38,5,0,0.1405,0
VALMO_ORD_0000015,CUST_053784,"Opposite HP Petrol Pump, Link Road, Suresh Samant Marg, Mumbai, Maharashtra, 400102",LANDMARK:Opposite HP Petrol Pump|ROAD:Link Road|PIN:400102,3,83,1,267.92,Apparel_Ethnic,0.22,1,0,0.0,0.772,400102,Mumbai,Mumbai,Maharashtra,1,19.1467,72.83226,4FK-243-TL63,0,1,323.3,0.6011,2,15.5,4,0,0.2451,0
VALMO_ORD_0000016,CUST_000175,"Shanti Niwas, Room 672, Near Railway Crossing, Gandhi Marg, Adarsh Nagar, Prakasam, Andhra Pradesh, 523286",PREMISE:Shanti Niwas|LANDMARK:Near Railway Crossing|ROAD:Gandhi Marg|LOCALITY:Adarsh Nagar|PIN:523286,5,106,1,251.95,Home_Kitchen,0.13,1,0,0.0,0.461,523286,Prakasam,Prakasam,Andhra Pradesh,3,15.45331,80.11156,46C-PL5-FLCP,1,1,598.0,0.8283,2,10.51,5,1,0.2831,0
VALMO_ORD_0000017,CUST_059900,"Holding No. 196, Basti Gandhi Nagar, Opposite State Bank of India, Subhash Path, Gandhi Nagar, Guntur, Andhra Pradesh, 522111",LANDMARK:Opposite State Bank of India|ROAD:Subhash Path|LOCALITY:Basti Gandhi Nagar|PIN:522111,4,125,1,616.23,Apparel_Western,0.2,0,8,0.036,0.819,522111,Guntur,Guntur,Andhra Pradesh,2,15.92243,80.56047,469-C4C-L39P,0,1,608.6,0.506,2,10.52,5,2,0.3008,0
VALMO_ORD_0000018,CUST_061606,"Near Peepal Ka Ped, Station Road, Maner, Maner, Bihar, 801108",LANDMARK:Near Peepal Ka Ped|ROAD:Station Road|PIN:801108,3,61,1,626.14,Footwear,0.19,0,2,0.281,0.42,801108,Maner,Patna,Bihar,2,25.50328,84.82687,23M-825-5LM9,0,1,784.7,0.4992,2,12.06,3,3,0.3614,0
VALMO_ORD_0000019,CUST_047968,"Ring Road, Kadaba, Mangalore, Karnataka, 574221",ROAD:Ring Road|PIN:574221,2,47,1,204.39,Personal_Care,0.08,1,0,0.0,0.685,574221,Mangalore,Dak. Kannada,Karnataka,2,12.73606,75.47789,4M3-MFP-73L3,0,0,110.1,0.2923,1,3.86,4,0,0.2488,0
VALMO_ORD_0000020,CUST_005987,"Holding No. 33, Basti Kalyan Nagar, Near Water Tank, College Road, Adarsh Nagar, Bangalore, Karnataka, 560018",LANDMARK:Near Water Tank|ROAD:College Road|LOCALITY:Basti Kalyan Nagar|PIN:560018,4,109,1,478.47,Apparel_Western,0.2,0,7,0.283,0.456,560018,Bangalore,Bangalore,Karnataka,1,13.03239,77.44719,4PJ-7F2-65J3,0,1,1285.9,0.4375,1,3.02,3,0,0.1957,0
VALMO_ORD_0000021,CUST_026301,"Gokul Niwas, Room 750, Near Balaji Mandir, Bypass Road, Kodavasal, Kodavasal, Tamil Nadu, 612601",PREMISE:Gokul Niwas|LANDMARK:Near Balaji Mandir|ROAD:Bypass Road|PIN:612601,4,96,1,438.78,Apparel_Western,0.2,0,7,0.088,0.813,612601,Kodavasal,Thanjavur,Tamil Nadu,3,10.85872,79.46707,M8J-C5F-PTJ5,1,1,69.7,0.9477,1,5.25,4,1,0.1789,0
VALMO_ORD_0000022,CUST_026448,"Flat 444, Krishna Apartments, Bypass Road, Shastri Nagar, Tiruchirappalli, Tamil Nadu, 620009",PREMISE:Flat 444|ROAD:Bypass Road|LOCALITY:Shastri Nagar|PIN:620009,4,93,1,660.68,Apparel_Ethnic,0.22,0,23,0.161,0.96,620009,Tiruchirappalli,Tiruchirappalli,Tamil Nadu,2,10.70552,78.51455,M92-26K-34J9,1,0,116.3,0.6041,2,13.57,4,4,0.3627,0
VALMO_ORD_0000023,CUST_002618,"Flat 535, Shanti Apartments, Link Road, Kalyani Khani, Adilabad, Telangana, 504231",PREMISE:Flat 535|ROAD:Link Road|PIN:504231,3,82,1,282.79,Apparel_Western,0.2,1,0,0.0,0.45,504231,Adilabad,Adilabad,Telangana,3,18.98884,79.43247,48K-44L-TKLP,1,0,121.3,0.6005,0,1.66,2,0,0.2078,0
VALMO_ORD_0000024,CUST_073226,"Radhe Residency, Flat 256, Main Bazaar Road, Subhash Nagar, Jalaun, Uttar Pradesh, 285124",PREMISE:Radhe Residency|ROAD:Main Bazaar Road|LOCALITY:Subhash Nagar|PIN:285124,4,89,1,353.75,Footwear,0.19,0,13,0.475,0.856,285124,Jalaun,Jalaun,Uttar Pradesh,3,26.37504,79.25865,37J-KFL-68P7,1,0,21.2,0.6026,0,2.25,4,0,0.208,0
VALMO_ORD_0000025,CUST_010213,"Station Road, Extn Iistage, Bangalore, Karnataka, 560024",ROAD:Station Road|PIN:560024,2,56,1,703.67,Apparel_Western,0.2,1,0,0.0,0.941,560024,Bangalore,Bangalore,Karnataka,1,13.04758,77.60738,4P3-FMM-L45T,0,0,176.2,0.2854,1,6.98,5,0,0.233,0
VALMO_ORD_0000026,CUST_009285,"Khata No. 47, Village Rampur, Subhash Path, Purani Basti, Moradabad, Uttar Pradesh, 244251",PREMISE:Khata No. 47|ROAD:Subhash Path|LOCALITY:Village Rampur|PIN:244251,4,90,1,349.31,Apparel_Ethnic,0.22,0,10,0.121,0.698,244251,Moradabad,Moradabad,Uttar Pradesh,2,29.01881,78.40347,399-M76-5PTT,1,0,18.5,0.6057,1,3.71,4,0,0.1835,1
VALMO_ORD_0000027,CUST_050445,"Holding No. 140, Basti Subhash Nagar, Near Peepal Ka Ped, Gandhi Marg, Income Tax Building, Kolkata, West Bengal, 700069",LANDMARK:Near Peepal Ka Ped|ROAD:Gandhi Marg|LOCALITY:Basti Subhash Nagar|PIN:700069,4,120,1,642.01,Apparel_Western,0.2,0,18,0.347,0.748,700069,Kolkata,Kolkata,West Bengal,1,22.58414,88.3607,2TF-J8K-P3PL,0,1,209.8,0.6427,2,13.38,4,0,0.2265,0
VALMO_ORD_0000028,CUST_077645,"House No. 317, Near Peepal Ka Ped, Hospital Road, Patel Nagar, Patiala, Punjab, 147111",PREMISE:House No. 317|LANDMARK:Near Peepal Ka Ped|ROAD:Hospital Road|LOCALITY:Patel Nagar|PIN:147111,5,86,1,237.12,Apparel_Ethnic,0.22,1,0,0.0,0.731,147111,Patiala,Patiala,Punjab,3,30.18382,76.50993,CM6-L9K-FT84,1,1,782.5,0.7864,1,5.61,3,0,0.2093,1
VALMO_ORD_0000029,CUST_024995,"Ward No. 197, Mohalla Gandhi Nagar, Opposite HP Petrol Pump, Main Bazaar Road, Irungalur, Tiruchirappalli, Tamil Nadu, 621105",PREMISE:Ward No. 197|LANDMARK:Opposite HP Petrol Pump|ROAD:Main Bazaar Road|LOCALITY:Mohalla Gandhi Nagar|PIN:621105,5,125,1,1097.04,Apparel_Ethnic,0.22,0,4,0.127,0.53,621105,Tiruchirappalli,Tiruchirappalli,Tamil Nadu,2,10.97837,78.75954,M98-L5L-J7K2,1,1,103.2,0.9599,2,13.59,5,0,0.1879,0
VALMO_ORD_0000030,CUST_047427,"Flat 369, Radhe Apartments, Near Peepal Ka Ped, Station Road, Patel Nagar, Pune, Maharashtra, 411015",PREMISE:Flat 369|LANDMARK:Near Peepal Ka Ped|ROAD:Station Road|LOCALITY:Patel Nagar|PIN:411015,5,100,1,381.38,Electronics_Accessories,0.12,1,0,0.0,0.751,411015,Pune,Pune,Maharashtra,1,18.61236,73.89031,4FP-375-L977,1,1,48.0,0.9499,2,7.87,3,3,0.2638,1
VALMO_ORD_0000031,CUST_076829,"Ward No. 279, Mohalla Patel Nagar, Opposite HP Petrol Pump, Hospital Road, Chandchar, Bijapur, Karnataka, 586205",PREMISE:Ward No. 279|LANDMARK:Opposite HP Petrol Pump|ROAD:Hospital Road|LOCALITY:Mohalla Patel Nagar|PIN:586205,5,112,1,456.77,Apparel_Ethnic,0.22,0,7,0.067,0.66,586205,Bijapur,Bijapur,Karnataka,3,17.3091,75.64865,433-54P-F8T7,1,1,151.0,0.9274,0,1.83,3,0,0.1402,0
VALMO_ORD_0000032,CUST_047832,"Hospital Road, Badgaon, Udaipur, Rajasthan, 313011",ROAD:Hospital Road|LOCALITY:Udaipur|PIN:313011,3,50,1,324.25,Footwear,0.19,0,12,0.301,0.669,313011,Udaipur,Udaipur,Rajasthan,2,24.67224,73.64542,3K9-KJ2-3CK5,0,0,199.9,0.288,2,16.05,4,2,0.3718,1
VALMO_ORD_0000033,CUST_038910,"Ward No. 99, Mohalla Purani Basti, Near Peepal Ka Ped, Gandhi Marg, Bhatrojkhan, Almora, Uttarakhand, 263646",PREMISE:Ward No. 99|LANDMARK:Near Peepal Ka Ped|ROAD:Gandhi Marg|LOCALITY:Mohalla Purani Basti|PIN:263646,5,108,1,573.09,Apparel_Ethnic,0.22,0,8,0.296,0.947,263646,Almora,Almora,Uttarakhand,3,29.58197,79.27159,CTL-LJ5-46MF,1,1,297.4,0.9064,0,1.98,3,0,0.1576,0
VALMO_ORD_0000034,CUST_024194,"Industrial Area Phase 6, Azad Nagar, Trivandrum, Kerala, 695004",LOCALITY:Industrial Area Phase|PIN:695004,2,63,0,534.89,Footwear,0.19,0,6,0.35,0.336,695004,Trivandrum,Trivandrum,Kerala,3,8.53809,76.94386,M37-79C-PMTL,0,0,155.7,0.2965,0,1.41,2,0,0.0594,0
VALMO_ORD_0000035,CUST_077369,"Flat 492, Verma Apartments, Behind Ganesh Hospital, Cinema Road, Bandi Atmakur, Kurnool, Andhra Pradesh, 518523",PREMISE:Flat 492|LANDMARK:Behind Ganesh Hospital|ROAD:Cinema Road|PIN:518523,4,111,0,625.91,Apparel_Western,0.2,1,0,0.0,0.936,518523,Kurnool,Kurnool,Andhra Pradesh,3,15.58651,78.55449,459-6LL-8C6M,1,1,433.9,0.8821,1,6.37,3,2,0.0602,0
VALMO_ORD_0000036,CUST_006925,"House No. 318, Behind Reliance Fresh, Gali Number 6, Fulgaon B.O, Pune, Maharashtra, 412216",PREMISE:House No. 318|LANDMARK:Behind Reliance Fresh|PIN:412216,3,91,0,745.52,Home_Kitchen,0.13,0,13,0.136,0.631,412216,Pune,Pune,Maharashtra,1,18.64285,74.05847,4FP-7FM-3CL3,1,1,422.7,0.873,0,2.02,4,1,0.0287,0
VALMO_ORD_0000037,CUST_035060,"Shanti Niwas, Room 439, Near Peepal Ka Ped, Subhash Path, Purani Basti, Ahmedabad, Gujarat, 380014",PREMISE:Shanti Niwas|LANDMARK:Near Peepal Ka Ped|ROAD:Subhash Path|LOCALITY:Purani Basti|PIN:380014,5,98,1,307.04,Apparel_Ethnic,0.22,1,0,0.0,0.535,380014,Ahmedabad,Ahmedabad,Gujarat,1,23.04142,72.56557,3KL-JM6-M73M,1,1,11.3,0.9813,2,7.81,2,2,0.239,0
VALMO_ORD_0000038,CUST_061931,"Ward No. 173, Mohalla Kalyan Nagar, Main Bazaar Road, Kalyan Nagar, Boudh, Odisha, 762020",PREMISE:Ward No. 173|ROAD:Main Bazaar Road|LOCALITY:Mohalla Kalyan Nagar|PIN:762020,4,89,1,556.82,Footwear,0.19,0,15,0.239,0.689,762020,Boudh,Boudh,Odisha,3,20.63771,84.59407,2MM-PFF-JJ2C,1,0,898.3,0.4053,1,6.3,4,0,0.2436,1
VALMO_ORD_0000039,CUST_079495,"Vrindavan Residency, Flat 711, Station Road, Azad Nagar, Kordha, Odisha, 768226",PREMISE:Vrindavan Residency|ROAD:Station Road|LOCALITY:Azad Nagar|PIN:768226,4,79,1,150.0,Footwear,0.19,0,3,0.319,0.722,768226,Kordha,Kordha,Odisha,3,21.74108,83.48897,2L7-PF5-MF6K,1,0,497.3,0.475,0,2.65,3,3,0.2943,0
VALMO_ORD_0000040,CUST_058873,"Khata No. 69, Village Rampur, Opposite Panchayat Bhawan, Station Road, N E E R I, Nagpur, Maharashtra, 440020",PREMISE:Khata No. 69|LANDMARK:Opposite Panchayat Bhawan|ROAD:Station Road|LOCALITY:Village Rampur|PIN:440020,5,109,1,904.92,Apparel_Ethnic,0.22,0,19,0.377,0.74,440020,Nagpur,Nagpur,Maharashtra,2,21.11206,79.05891,3P6-P55-3JL9,1,1,55.0,0.9789,2,10.46,3,0,0.2059,0
VALMO_ORD_0000041,CUST_031880,"Shop No. 117, Grain Market, Near Peepal Ka Ped, Gandhi Marg, Rao, Indore, Madhya Pradesh, 453331",PREMISE:Shop No. 117|LANDMARK:Grain Market|ROAD:Gandhi Marg|PIN:453331,4,96,1,384.46,Apparel_Ethnic,0.22,1,0,0.0,0.094,453331,Indore,Indore,Madhya Pradesh,2,22.63331,75.83582,3MC-8P7-2F25,1,1,8.3,0.9579,0,1.15,2,0,0.145,0
VALMO_ORD_0000042,CUST_017018,"House No. 218, Gali Number 3, Azad Nagar, Bari Brahmana, Jammu & Kashmir, 181133",PREMISE:House No. 218|LOCALITY:Azad Nagar|PIN:181133,3,80,1,373.34,Apparel_Western,0.2,0,22,0.021,0.504,181133,Bari Brahmana,Jammu,Jammu & Kashmir,2,32.64139,74.9106,C4K-3K5-4J3C,1,0,3.1,0.639,0,1.01,2,0,0.1493,0
VALMO_ORD_0000043,CUST_042972,"Gali Number 3, Bhadra Reservior Project, Chikamaglur, Karnataka, 577115",PIN:577115,1,71,1,313.66,Apparel_Ethnic,0.22,0,10,0.258,0.731,577115,Chikamaglur,Chikamaglur,Karnataka,3,13.71407,75.64441,4MC-93C-8JJ6,0,0,208.2,0.2842,2,7.72,4,0,0.3359,0
VALMO_ORD_0000044,CUST_031781,"Krishna Niwas, Room 450, Behind Ram Hospital, Ring Road, Maksi, Shajapur, Madhya Pradesh, 465106",PREMISE:Krishna Niwas|LANDMARK:Behind Ram Hospital|ROAD:Ring Road|LOCALITY:Shajapur|PIN:465106,5,96,0,281.23,Apparel_Ethnic,0.22,0,8,0.027,0.37,465106,Shajapur,Shajapur,Madhya Pradesh,3,23.27142,76.1708,34P-9JC-55M8,1,1,291.3,0.9225,0,2.15,3,0,0.0308,0
VALMO_ORD_0000045,CUST_073505,"Holding No. 26, Basti Gandhi Nagar, Hospital Road, Bijwasan, New Delhi, Delhi, 110061",ROAD:Hospital Road|LOCALITY:Basti Gandhi Nagar|PIN:110061,3,85,1,219.76,Apparel_Western,0.2,0,4,0.188,0.777,110061,New Delhi,South West,Delhi,1,28.57206,77.05227,39J-K43-67J9,0,0,90.6,0.308,0,0.73,3,0,0.1807,0
VALMO_ORD_0000046,CUST_070263,"Beside Govt Hospital, Kalyan Marg, Madanpur, Gaya, Bihar, 824208",LANDMARK:Beside Govt Hospital|ROAD:Kalyan Marg|LOCALITY:Madanpur|PIN:824208,4,64,1,297.34,Apparel_Ethnic,0.22,0,9,0.164,0.837,824208,Gaya,Gaya,Bihar,2,24.68374,84.62315,24C-5FT-MM5L,0,1,57.9,0.6804,0,2.64,4,3,0.2213,0
VALMO_ORD_0000047,CUST_013241,"Ward No. 252, Mohalla Azad Nagar, Behind Balaji Hospital, Industrial Area Phase 3, Moth Mawli St Mary Church, Mumbai, Maharashtra, 400050",PREMISE:Ward No. 252|LANDMARK:Behind Balaji Hospital|LOCALITY:Mohalla Azad Nagar|PIN:400050,4,137,1,376.8,Apparel_Ethnic,0.22,1,0,0.0,0.245,400050,Mumbai,Mumbai,Maharashtra,1,19.04627,72.85186,4FK-52J-JK2K,1,1,115.6,0.9673,0,1.66,3,0,0.1276,1
VALMO_ORD_0000048,CUST_060999,"Khata No. 299, Village Rampur, Main Bazaar Road, Paharganj, New Delhi, Delhi, 110055",PREMISE:Khata No. 299|ROAD:Main Bazaar Road|LOCALITY:Village Rampur|PIN:110055,4,84,1,563.15,Home_Kitchen,0.13,0,10,0.196,0.475,110055,New Delhi,Central Delhi,Delhi,1,28.64468,77.20978,39J-4C7-7382,1,0,549.0,0.4815,2,9.64,3,0,0.2319,1
VALMO_ORD_0000049,CUST_004647,"Ward No. 52, Mohalla Azad Nagar, Behind Krishna Hospital, Kalyan Marg, Anandnagm, Mumbai, Maharashtra, 400055",PREMISE:Ward No. 52|LANDMARK:Behind Krishna Hospital|ROAD:Kalyan Marg|LOCALITY:Mohalla Azad Nagar|PIN:400055,5,109,1,636.31,Home_Kitchen,0.13,0,8,0.067,0.831,400055,Mumbai,Mumbai,Maharashtra,1,19.07389,72.84334,4FK-5C6-JCFK,1,1,207.7,0.9193,0,2.11,3,0,0.1069,1
VALMO_ORD_0000050,CUST_063228,"Khata No. 292, Village Rampur, Opposite HP Petrol Pump, College Road, N M Joshi Mg Delisle Rd, Mumbai, Maharashtra, 400013",PREMISE:Khata No. 292|LANDMARK:Opposite HP Petrol Pump|ROAD:College Road|LOCALITY:Village Rampur|PIN:400013,5,122,1,251.99,Apparel_Ethnic,0.22,0,4,0.124,0.537,400013,Mumbai,Mumbai,Maharashtra,1,19.0028,72.81399,4FK-5K6-2753,1,1,227.0,0.9118,0,1.6,3,1,0.1295,0
VALMO_ORD_0000051,CUST_033570,"Shop No. 320, Sabzi Market, Opposite HP Petrol Pump, Main Bazaar Road, Tambaram Sanitorium, Tambaram, Tamil Nadu, 600047",PREMISE:Shop No. 320|LANDMARK:Sabzi Market|ROAD:Main Bazaar Road|PIN:600047,4,120,0,696.8,Footwear,0.19,0,12,0.146,0.665,600047,Tambaram,Chennai,Tamil Nadu,1,12.93464,80.15991,4T3-2M8-PF37,1,1,561.4,0.8298,0,2.26,3,0,0.0266,0
VALMO_ORD_0000052,CUST_015626,"Gokul Niwas, Room 540, College Road, Bhopal Regional College, Bhopal, Madhya Pradesh, 462013",PREMISE:Gokul Niwas|ROAD:College Road|PIN:462013,3,92,1,405.05,Apparel_Western,0.2,0,8,0.526,0.648,462013,Bhopal,Bhopal,Madhya Pradesh,2,23.27498,77.40806,35L-979-397C,1,0,4.7,0.6067,1,3.24,3,1,0.2412,0
VALMO_ORD_0000053,CUST_037803,"Opposite State Bank of India, Subhash Path, Adarsh Nagar, Hyderabad, Andhra Pradesh, 515005",LANDMARK:Opposite State Bank of India|ROAD:Subhash Path|LOCALITY:Adarsh Nagar|PIN:515005,4,91,0,244.35,Apparel_Ethnic,0.22,1,0,0.0,0.554,515005,Hyderabad,Hyderabad,Andhra Pradesh,1,14.66777,77.61336,454-J3M-6J2C,0,1,256.1,0.6178,1,4.61,3,3,0.0659,0
VALMO_ORD_0000054,CUST_046970,"Khata No. 4, Village Rampur, Opposite HP Petrol Pump, Industrial Area Phase 6, Bhebia S.O, North 24 Parganas, West Bengal, 743456",PREMISE:Khata No. 4|LANDMARK:Opposite HP Petrol Pump|LOCALITY:Village Rampur|PIN:743456,4,129,0,533.36,Apparel_Western,0.2,0,6,0.123,0.772,743456,North 24 Parganas,North 24 Parganas,West Bengal,3,22.53012,88.80674,2TF-767-CC2F,1,1,371.5,0.8418,2,8.24,3,0,0.0545,0
VALMO_ORD_0000055,CUST_040413,"Flat 347, Krishna Apartments, Opposite Panchayat Bhawan, Cinema Road, Dhigawada, Alwar, Rajasthan, 301414",PREMISE:Flat 347|LANDMARK:Opposite Panchayat Bhawan|ROAD:Cinema Road|PIN:301414,4,105,1,286.97,Apparel_Western,0.2,0,5,0.151,0.883,301414,Alwar,Alwar,Rajasthan,3,27.31368,76.59913,3CT-MK9-M9F7,1,1,136.7,0.9431,0,2.65,3,0,0.143,0
VALMO_ORD_0000056,CUST_040063,"Near Railway Crossing, Kalyan Marg, Veppanapalli, Dharmapuri, Tamil Nadu, 635121",LANDMARK:Near Railway Crossing|ROAD:Kalyan Marg|PIN:635121,3,80,0,661.11,Footwear,0.19,0,9,0.477,0.618,635121,Dharmapuri,Dharmapuri,Tamil Nadu,3,12.70066,78.16146,4P2-L3L-J53C,0,1,339.0,0.5936,2,14.55,2,0,0.0785,0
VALMO_ORD_0000057,CUST_014695,"Ward No. 161, Mohalla Kalyan Nagar, Near Bus Stand, College Road, Belghana, Bilaspur, Chhattisgarh, 495116",PREMISE:Ward No. 161|LANDMARK:Near Bus Stand|ROAD:College Road|LOCALITY:Mohalla Kalyan Nagar|PIN:495116,5,106,1,628.84,Home_Kitchen,0.13,0,5,0.049,0.5,495116,Bilaspur,Bilaspur,Chhattisgarh,3,22.54932,82.06854,2LC-JJK-P277,1,1,13.3,0.9727,1,4.77,4,0,0.1496,0
VALMO_ORD_0000058,CUST_072257,"Opposite State Bank of India, Station Road, Savlaj, Sangli, Maharashtra, 416311",LANDMARK:Opposite State Bank of India|ROAD:Station Road|PIN:416311,3,79,1,547.66,Electronics_Accessories,0.12,0,6,0.032,0.846,416311,Sangli,Sangli,Maharashtra,3,17.15333,74.75374,43J-LLF-M97K,0,1,6.3,0.6665,2,14.7,3,0,0.238,0
VALMO_ORD_0000059,CUST_011963,"Ring Road, Inderlok, New Delhi, Delhi, 110035",ROAD:Ring Road|PIN:110035,2,45,1,661.08,Apparel_Ethnic,0.22,1,0,0.0,0.149,110035,New Delhi,North Delhi,Delhi,1,28.67223,77.17178,39J-3L6-9KP6,0,0,303.6,0.2445,1,4.81,2,1,0.2682,1
VALMO_ORD_0000060,CUST_015835,"Shop No. 278, Cloth Market, College Road, Purani Basti, Chennai, Tamil Nadu, 600105",PREMISE:Shop No. 278|LANDMARK:Cloth Market|ROAD:College Road|LOCALITY:Purani Basti|PIN:600105,5,83,1,409.6,Apparel_Western,0.2,0,7,0.097,0.375,600105,Chennai,Chennai,Tamil Nadu,1,13.07952,80.2086,4T3-9TC-JCK3,1,1,218.8,0.9066,1,3.76,2,0,0.1291,0
VALMO_ORD_0000061,CUST_074308,"Hospital Road, Koivila, Kollam, Kerala, 691590",ROAD:Hospital Road|PIN:691590,2,46,1,325.9,Electronics_Accessories,0.12,1,0,0.0,0.538,691590,Kollam,Kollam,Kerala,3,8.99148,76.53617,M38-JP7-J653,0,0,23.6,0.3206,0,1.75,3,3,0.3324,0
VALMO_ORD_0000062,CUST_032557,"Near Govt Primary School, Hospital Road, Gandhi Nagar, Jaipur, Rajasthan, 302027",LANDMARK:Near Govt Primary School|ROAD:Hospital Road|LOCALITY:Gandhi Nagar|PIN:302027,4,80,1,388.11,Footwear,0.19,1,0,0.0,0.854,302027,Jaipur,Jaipur,Rajasthan,2,26.97734,75.88794,339-JLM-C82J,0,1,58.3,0.6579,1,5.99,3,1,0.2267,0
VALMO_ORD_0000063,CUST_014824,"Flat 288, Krishna Apartments, Opposite State Bank of India, Cinema Road, Rabindranagar, Kolkata, West Bengal, 700018",PREMISE:Flat 288|LANDMARK:Opposite State Bank of India|ROAD:Cinema Road|LOCALITY:Rabindranagar|PIN:700018,5,116,0,298.6,Apparel_Ethnic,0.22,0,7,0.185,0.774,700018,Kolkata,Kolkata,West Bengal,1,22.56485,88.26819,2TF-JJ2-F3FC,1,1,105.6,0.9606,0,1.88,4,1,0.0283,0
VALMO_ORD_0000064,CUST_037258,"Block B, Sector 97, Link Road, Purani Basti, Kolkata, West Bengal, 700003",PREMISE:Block B|ROAD:Link Road|LOCALITY:Purani Basti|PIN:700003,4,73,1,345.73,Personal_Care,0.08,0,2,0.441,0.93,700003,Kolkata,Kolkata,West Bengal,1,22.62006,88.38279,2TF-FT6-LC58,1,0,554.3,0.4724,1,5.54,2,1,0.2203,0
VALMO_ORD_0000065,CUST_001002,"Holding No. 223, Basti Kalyan Nagar, Behind Reliance Fresh, Link Road, Gandhi Nagar, Karjat, Maharashtra, 414402",LANDMARK:Behind Reliance Fresh|ROAD:Link Road|LOCALITY:Basti Kalyan Nagar|PIN:414402,4,112,1,494.67,Apparel_Ethnic,0.22,0,12,0.207,0.687,414402,Karjat,Ahmednagar,Maharashtra,3,18.56189,74.95709,4CL-3M8-5F8T,0,1,141.1,0.6365,1,3.85,4,0,0.2085,0
VALMO_ORD_0000066,CUST_042030,"House No. 34, Near Railway Crossing, Ring Road, Loyla College, Chennai, Tamil Nadu, 600034",PREMISE:House No. 34|LANDMARK:Near Railway Crossing|ROAD:Ring Road|PIN:600034,4,90,1,344.09,Apparel_Ethnic,0.22,0,6,0.199,0.755,600034,Chennai,Chennai,Tamil Nadu,1,13.06447,80.25884,4T3-8L2-TLPL,1,1,297.4,0.9128,0,2.72,3,0,0.1179,0
VALMO_ORD_0000067,CUST_061621,"House No. 31, College Road, Azad Nagar, Mangalore, Karnataka, 576211",PREMISE:House No. 31|ROAD:College Road|LOCALITY:Azad Nagar|PIN:576211,4,68,1,158.35,Apparel_Western,0.2,0,7,0.098,0.814,576211,Mangalore,Dak. Kannada,Karnataka,2,13.61956,74.73031,4L8-8T4-TJJP,1,0,82.1,0.6203,0,0.67,2,0,0.1565,0
VALMO_ORD_0000068,CUST_016365,"Near Bus Stand, College Road, Doodwa B.O, Jhujhunu, Rajasthan, 332746",LANDMARK:Near Bus Stand|ROAD:College Road|PIN:332746,3,69,0,484.74,Apparel_Ethnic,0.22,0,3,0.141,0.305,332746,Jhujhunu,Jhujhunu,Rajasthan,3,28.07723,75.94241,3C5-KC7-P597,0,1,67.0,0.675,2,10.3,3,0,0.0633,0
VALMO_ORD_0000069,CUST_024163,"Cinema Road, Patel Nagar, Barpeta, Assam, 781305",ROAD:Cinema Road|LOCALITY:Patel Nagar|PIN:781305,3,48,1,203.91,Apparel_Ethnic,0.22,0,11,0.239,0.546,781305,Barpeta,Barpeta,Assam,3,26.28479,91.20581,7J3-4LJ-MJ82,0,0,286.0,0.2654,2,17.12,3,3,0.4402,1
VALMO_ORD_0000070,CUST_068319,"House No. 114, Near Peepal Ka Ped, Industrial Area Phase 6, Srinagar Colony, Hyderabad, Andhra Pradesh, 500873",PREMISE:House No. 114|LANDMARK:Near Peepal Ka Ped|LOCALITY:Industrial Area Phase|PIN:500873,4,110,0,313.95,Apparel_Ethnic,0.22,1,0,0.0,0.642,500873,Hyderabad,Hyderabad,Andhra Pradesh,1,17.43264,78.46828,422-2M8-LLTP,1,1,129.1,0.9097,0,1.12,2,0,0.0295,0
VALMO_ORD_0000071,CUST_049791,"Plot No. 164, Gali 8, Near Govt Primary School, Ring Road, Baragaon, Baragaon, Uttar Pradesh, 284121",PREMISE:Plot No. 164|LANDMARK:Near Govt Primary School|ROAD:Ring Road|PIN:284121,4,100,1,363.1,Home_Kitchen,0.13,0,8,0.249,0.718,284121,Baragaon,Jhansi,Uttar Pradesh,2,25.53507,78.6562,32P-88L-C7LK,1,1,9.6,0.9784,2,17.3,4,0,0.1897,0
VALMO_ORD_0000072,CUST_005674,"Near Water Tank, Bypass Road, Hosadurga Fort, Pavagada, Karnataka, 577527",LANDMARK:Near Water Tank|ROAD:Bypass Road|PIN:577527,3,73,1,268.37,Apparel_Western,0.2,0,5,0.229,0.894,577527,Pavagada,Chitradurga,Karnataka,3,13.83811,76.28906,44P-P77-LM6J,0,1,39.2,0.6621,2,10.07,4,0,0.2639,0
VALMO_ORD_0000073,CUST_010313,"Ward No. 345, Mohalla Patel Nagar, Behind Laxmi Hospital, Hospital Road, Nayandahalli, Bangalore, Karnataka, 560039",PREMISE:Ward No. 345|LANDMARK:Behind Laxmi Hospital|ROAD:Hospital Road|LOCALITY:Mohalla Patel Nagar|PIN:560039,5,115,1,185.31,Personal_Care,0.08,0,2,0.172,0.446,560039,Bangalore,Bangalore,Karnataka,1,12.94174,77.53986,4PJ-76M-MP7K,1,1,47.1,0.9876,0,2.91,2,0,0.1047,0
VALMO_ORD_0000074,CUST_075066,"Surya Residency, Flat 201, Gali Number 8, Shastri Nagar, New Delhi, Delhi, 110036",PREMISE:Surya Residency|LOCALITY:Shastri Nagar|PIN:110036,3,81,0,190.13,Footwear,0.19,0,4,0.115,0.701,110036,New Delhi,North West,Delhi,1,28.80104,77.17841,39J-CML-4F7K,1,0,571.2,0.4665,2,7.67,3,0,0.0561,0
VALMO_ORD_0000075,CUST_005987,"Ward No. 316, Mohalla Adarsh Nagar, Opposite State Bank of India, Bypass Road, Adarsh Nagar, Bangalore, Karnataka, 560018",PREMISE:Ward No. 316|LANDMARK:Opposite State Bank of India|ROAD:Bypass Road|LOCALITY:Mohalla Adarsh Nagar|PIN:560018,5,121,1,1621.9,Apparel_Ethnic,0.22,1,0,0.0,0.728,560018,Bangalore,Bangalore,Karnataka,1,13.02768,77.45809,4PJ-7CK-F4TP,1,1,92.0,0.9422,0,2.92,3,0,0.13,0
VALMO_ORD_0000076,CUST_031483,"Plot No. 42, Gali 14, Near Peepal Ka Ped, Hospital Road, Gandhi Nagar, Kanpur Dehat, Uttar Pradesh, 209312",PREMISE:Plot No. 42|LANDMARK:Near Peepal Ka Ped|ROAD:Hospital Road|LOCALITY:Gandhi Nagar|PIN:209312,5,106,1,628.52,Footwear,0.19,0,2,0.067,0.652,209312,Kanpur Dehat,Kanpur Dehat,Uttar Pradesh,2,26.30088,79.88188,373-K4T-TPMJ,1,1,2.6,0.9946,0,0.99,5,0,0.1169,0
VALMO_ORD_0000077,CUST_066135,"Behind Shiv Hospital, Nehru Road, Sector 22 Chandigarh, Chandigarh, Chandigarh, 160022",PREMISE:Sector 22|LANDMARK:Behind Shiv Hospital|ROAD:Nehru Road|PIN:160022,4,86,1,438.86,Apparel_Ethnic,0.22,0,4,0.284,0.66,160022,Chandigarh,Chandigarh,Chandigarh,2,30.72838,76.74305,CM7-PJ9-8LL8,1,1,544.7,0.8191,1,4.7,2,2,0.2143,0
VALMO_ORD_0000078,CUST_033925,"Holding No. 308, Basti Adarsh Nagar, Near Govt Primary School, Hospital Road, Purani Basti, Satara, Maharashtra, 415108",LANDMARK:Near Govt Primary School|ROAD:Hospital Road|LOCALITY:Basti Adarsh Nagar|PIN:415108,4,119,1,151.97,Apparel_Western,0.2,0,18,0.124,0.62,415108,Satara,Satara,Maharashtra,3,17.20296,74.22565,4J7-L3L-C4C7,0,1,16.9,0.6838,1,4.62,3,0,0.1938,0
VALMO_ORD_0000079,CUST_031880,"House No. 29, Hospital Road, Rao, Indore, Madhya Pradesh, 453331",PREMISE:House No. 29|ROAD:Hospital Road|PIN:453331,3,64,1,361.62,Electronics_Accessories,0.12,1,0,0.0,0.29,453331,Indore,Indore,Madhya Pradesh,2,22.62666,75.82146,3MC-8P4-895F,1,0,183.9,0.5918,0,1.64,3,0,0.182,0
VALMO_ORD_0000080,CUST_001646,"Ward No. 126, Mohalla Azad Nagar, Opposite Panchayat Bhawan, Nehru Road, Bassi Jaipur, Jaipur, Rajasthan, 303301",PREMISE:Ward No. 126|LANDMARK:Opposite Panchayat Bhawan|ROAD:Nehru Road|LOCALITY:Mohalla Azad Nagar|PIN:303301,5,112,1,534.95,Home_Kitchen,0.13,0,6,0.054,0.855,303301,Jaipur,Jaipur,Rajasthan,2,26.91478,75.99389,339-K74-9KCP,1,1,21.7,0.9677,1,3.46,2,0,0.1334,0
VALMO_ORD_0000081,CUST_038805,"Gupta Residency, Flat 488, Temple Street, Patel Nagar, Tirunelveli, Tamil Nadu, 627117",PREMISE:Gupta Residency|ROAD:Temple Street|LOCALITY:Patel Nagar|PIN:627117,4,86,0,389.47,Footwear,0.19,0,10,0.034,0.78,627117,Tirunelveli,Tirunelveli,Tamil Nadu,2,8.40541,77.61401,M23-KCC-836F,1,0,50.0,0.6059,1,3.59,3,1,0.0463,0
VALMO_ORD_0000082,CUST_068195,"Near Bus Stand, Nehru Road, Koyna, Oras, Maharashtra, 415207",LANDMARK:Near Bus Stand|ROAD:Nehru Road|PIN:415207,3,60,1,271.46,Footwear,0.19,1,0,0.0,0.445,415207,Oras,Sindhudurg,Maharashtra,3,17.37941,73.73481,4J2-K8L-C8T2,0,1,364.7,0.5907,0,1.04,3,2,0.2604,1
VALMO_ORD_0000083,CUST_023417,"Patel Residency, Flat 116, Subhash Path, Natipora, Srinagar, Jammu & Kashmir, 190015",PREMISE:Patel Residency|ROAD:Subhash Path|LOCALITY:Srinagar|PIN:190015,4,84,1,711.34,Home_Kitchen,0.13,0,4,0.2,0.803,190015,Srinagar,Srinagar,Jammu & Kashmir,2,34.03967,74.81151,C3L-L4P-7TT8,1,0,222.1,0.5679,2,13.7,2,0,0.2444,1
VALMO_ORD_0000084,CUST_044695,"Gupta Residency, Flat 519, Near Govt Primary School, Industrial Area Phase 3, Kherani Raod, Mumbai, Maharashtra, 400072",PREMISE:Gupta Residency|LANDMARK:Near Govt Primary School|LOCALITY:Industrial Area Phase|PIN:400072,4,119,1,181.01,Apparel_Western,0.2,1,0,0.0,0.642,400072,Mumbai,Mumbai,Maharashtra,1,19.10214,72.89356,4FK-2TL-8F4T,1,1,84.9,0.9642,0,2.03,3,0,0.127,0
VALMO_ORD_0000085,CUST_006292,"Plot No. 21, Gali 11, Behind Post Office, Hospital Road, Pimpalgaon, Nashik, Maharashtra, 422209",PREMISE:Plot No. 21|LANDMARK:Behind Post Office|ROAD:Hospital Road|PIN:422209,4,96,1,371.73,Personal_Care,0.08,0,14,0.505,0.498,422209,Nashik,Nashik,Maharashtra,2,20.15686,73.98537,4F9-52M-FFKK,1,1,10.5,0.9603,1,3.72,5,2,0.2042,0
VALMO_ORD_0000086,CUST_077680,"Plot No. 20, Gali 5, Beside Govt Hospital, Link Road, Massanjore, Dumka, Jharkhand, 814144",PREMISE:Plot No. 20|LANDMARK:Beside Govt Hospital|ROAD:Link Road|PIN:814144,4,90,1,919.41,Apparel_Ethnic,0.22,0,20,0.026,0.282,814144,Dumka,Dumka,Jharkhand,3,24.23597,87.26348,252-J76-TKL3,1,1,126.5,0.9529,2,13.29,5,0,0.2025,0
VALMO_ORD_0000087,CUST_027035,"Plot No. 348, Gali 6, Near Water Tank, Link Road, Shikari B.O, Reasi, Jammu & Kashmir, 185233",PREMISE:Plot No. 348|LANDMARK:Near Water Tank|ROAD:Link Road|PIN:185233,4,93,1,402.03,Personal_Care,0.08,0,7,0.187,0.742,185233,Reasi,Reasi,Jammu & Kashmir,3,33.36183,74.70502,CK7-859-62LC,1,1,731.4,0.7879,0,0.86,2,0,0.156,1
VALMO_ORD_0000088,CUST_036809,"Quarter No. 106, Railway Colony, Behind Reliance Fresh, Gali Number 8, Adarsh Nagar, Thrissur, Kerala, 680517",PREMISE:Quarter No. 106|LANDMARK:Behind Reliance Fresh|LOCALITY:Railway Colony|PIN:680517,4,109,1,229.68,Electronics_Accessories,0.12,1,0,0.0,0.115,680517,Thrissur,Thrissur,Kerala,3,10.64919,76.07694,MC2-4C9-T8P3,1,1,124.9,0.9534,0,1.37,4,0,0.1584,0
VALMO_ORD_0000089,CUST_052917,"Quarter No. 323, Railway Colony, Near Water Tank, Bypass Road, Bhogiwal B.O, Sangrur, Punjab, 148019",PREMISE:Quarter No. 323|LANDMARK:Near Water Tank|ROAD:Bypass Road|LOCALITY:Railway Colony|PIN:148019,5,100,0,375.07,Apparel_Western,0.2,1,0,0.0,0.654,148019,Sangrur,Sangrur,Punjab,3,30.58977,75.82982,CM4-829-8C8K,1,1,344.8,0.8953,1,3.95,4,2,0.0595,0
VALMO_ORD_0000090,CUST_041592,"Yadav Residency, Flat 691, Opposite State Bank of India, Bypass Road, Govind Nagari, Kanpur, Uttar Pradesh, 208006",PREMISE:Yadav Residency|LANDMARK:Opposite State Bank of India|ROAD:Bypass Road|LOCALITY:Kanpur|PIN:208006,5,114,1,595.43,Apparel_Ethnic,0.22,0,10,0.154,0.755,208006,Kanpur,Kanpur,Uttar Pradesh,2,26.45726,80.29709,373-746-FPF5,1,1,590.1,0.8453,0,1.03,3,0,0.1373,0
VALMO_ORD_0000091,CUST_021256,"College Road, Shastri Nagar, Kolkata, West Bengal, 700028",ROAD:College Road|LOCALITY:Shastri Nagar|PIN:700028,3,57,1,388.23,Personal_Care,0.08,0,2,0.125,0.742,700028,Kolkata,Kolkata,West Bengal,1,22.65904,88.44054,2TF-C44-2263,0,0,134.5,0.2841,0,1.21,4,0,0.1719,1
VALMO_ORD_0000092,CUST_057602,"Radhe Residency, Flat 138, Near Govt Primary School, College Road, Azad Nagar, Dibrugarh, Assam, 786101",PREMISE:Radhe Residency|LANDMARK:Near Govt Primary School|ROAD:College Road|LOCALITY:Azad Nagar|PIN:786101,5,103,1,363.68,Home_Kitchen,0.13,1,0,0.0,0.557,786101,Dibrugarh,Dibrugarh,Assam,3,27.49599,95.08111,79L-K2C-F89P,1,1,161.4,0.95,1,6.63,5,1,0.2044,0
VALMO_ORD_0000093,CUST_066744,"Ward No. 159, Mohalla Gandhi Nagar, Subhash Path, Vaiapurinagar, Madurai, Tamil Nadu, 639002",PREMISE:Ward No. 159|ROAD:Subhash Path|LOCALITY:Mohalla Gandhi Nagar|PIN:639002,4,92,1,284.68,Footwear,0.19,0,18,0.05,0.482,639002,Madurai,Madurai,Tamil Nadu,2,10.94218,78.05199,M9C-TMT-2TJM,1,0,212.5,0.577,0,0.97,2,1,0.1778,0
VALMO_ORD_0000094,CUST_018499,"Main Bazaar Road, Belgachia Road, Kolkata, West Bengal, 700037",ROAD:Main Bazaar Road|PIN:700037,2,62,1,389.68,Apparel_Western,0.2,1,0,0.0,0.45,700037,Kolkata,Kolkata,West Bengal,1,22.61082,88.36436,2TF-FTM-LJJ2,0,0,333.9,0.2559,1,5.77,5,1,0.2648,0
VALMO_ORD_0000095,CUST_008802,"Link Road, Burma Mines, Jamshedpur, Jharkhand, 831007",ROAD:Link Road|LOCALITY:Jamshedpur|PIN:831007,3,53,1,173.3,Apparel_Western,0.2,1,0,0.0,0.517,831007,Jamshedpur,Purbi Singbhum,Jharkhand,2,22.78633,86.2183,25L-M5L-T3M2,0,0,16.6,0.3096,0,2.97,3,3,0.3109,0
VALMO_ORD_0000096,CUST_037900,"Sharma Residency, Flat 271, Gandhi Marg, Purani Basti, Salem, Tamil Nadu, 636902",PREMISE:Sharma Residency|ROAD:Gandhi Marg|LOCALITY:Purani Basti|PIN:636902,4,80,1,400.07,Apparel_Western,0.2,1,0,0.0,0.753,636902,Salem,Salem,Tamil Nadu,2,12.05918,78.4731,4PP-9C8-2498,1,0,1280.5,0.3637,0,2.97,4,1,0.2438,0
VALMO_ORD_0000097,CUST_019516,"Quarter No. 182, Railway Colony, Nehru Road, Patel Nagar, Varanasi, Uttar Pradesh, 232110",PREMISE:Quarter No. 182|ROAD:Nehru Road|LOCALITY:Railway Colony|PIN:232110,4,89,1,432.37,Footwear,0.19,1,0,0.0,0.832,232110,Varanasi,Varanasi,Uttar Pradesh,2,25.27293,83.39374,2JT-4C8-MTC6,1,0,349.1,0.5573,1,5.56,4,0,0.2165,1
VALMO_ORD_0000098,CUST_047347,"Hospital Road, Kalyan Nagar, Channagiri, Karnataka, 577544",ROAD:Hospital Road|LOCALITY:Kalyan Nagar|PIN:577544,3,58,1,863.51,Personal_Care,0.08,0,16,0.053,0.691,577544,Channagiri,Chitradurga,Karnataka,3,14.25633,75.88148,44P-FJK-267F,0,0,33.1,0.3344,0,1.65,3,2,0.253,0
VALMO_ORD_0000099,CUST_068724,"House No. 99, Opposite HP Petrol Pump, Station Road, Rambir Singh Pora, Jammu, Jammu & Kashmir, 181102",PREMISE:House No. 99|LANDMARK:Opposite HP Petrol Pump|ROAD:Station Road|PIN:181102,4,102,1,765.39,Apparel_Western,0.2,0,17,0.085,0.337,181102,Jammu,Jammu,Jammu & Kashmir,2,32.59585,74.70067,CK6-7PP-M9F6,1,1,444.4,0.8381,2,14.71,3,0,0.1994,1
VALMO_ORD_0000100,CUST_076883,"Near Krishna Mandir, Kalyan Marg, Narayangaon, Pune, Maharashtra, 410504",LANDMARK:Near Krishna Mandir|ROAD:Kalyan Marg|PIN:410504,3,72,1,150.0,Footwear,0.19,0,8,0.211,0.57,410504,Pune,Pune,Maharashtra,1,19.12417,73.98036,4F5-2PF-4962,0,1,379.3,0.5817,1,5.55,2,1,0.1927,0
VALMO_ORD_0000101,CUST_054816,"Kalyan Marg, Adarsh Nagar, Amraoti, Maharashtra, 444810",ROAD:Kalyan Marg|LOCALITY:Adarsh Nagar|PIN:444810,3,55,1,273.05,Apparel_Western,0.2,0,3,0.201,0.898,444810,Amraoti,Amraoti,Maharashtra,3,21.33018,77.69278,3P4-K82-6CKP,0,0,177.7,0.2751,0,1.28,3,0,0.232,0
VALMO_ORD_0000102,CUST_046759,"Holding No. 207, Basti Patel Nagar, Behind Post Office, Bypass Road, Kempapura Agrahara, Bangalore, Karnataka, 560023",LANDMARK:Behind Post Office|ROAD:Bypass Road|LOCALITY:Basti Patel Nagar|PIN:560023,4,117,1,1166.68,Apparel_Western,0.2,1,0,0.0,0.874,560023,Bangalore,Bangalore,Karnataka,1,13.35988,77.27757,4PF-4T8-24CL,0,1,12.5,0.6613,2,12.25,4,0,0.2343,1
VALMO_ORD_0000103,CUST_024202,"Shop No. 201, Main Market, Near Sai Baba Mandir, Subhash Path, Shastri Nagar, Chinsurah, West Bengal, 712223",PREMISE:Shop No. 201|LANDMARK:Main Market|ROAD:Subhash Path|LOCALITY:Shastri Nagar|PIN:712223,5,108,1,350.92,Apparel_Ethnic,0.22,0,9,0.058,0.865,712223,Chinsurah,Hooghly,West Bengal,3,22.77024,88.32498,26L-LPJ-5LC6,1,1,14.2,0.9618,1,4.19,4,0,0.156,1
VALMO_ORD_0000104,CUST_072096,"Gandhi Marg, Purani Basti, Hyderabad, Telangana, 500097",ROAD:Gandhi Marg|LOCALITY:Purani Basti|PIN:500097,3,55,1,421.96,Apparel_Western,0.2,0,4,0.339,0.805,500097,Hyderabad,Hyderabad,Telangana,1,17.32557,78.52397,422-563-C5MJ,0,0,99.9,0.3141,1,6.23,4,2,0.271,1
VALMO_ORD_0000105,CUST_061514,"Near Water Tank, Link Road, Azad Nagar, Bijnore, Uttar Pradesh, 246762",LANDMARK:Near Water Tank|ROAD:Link Road|LOCALITY:Azad Nagar|PIN:246762,4,70,0,353.15,Personal_Care,0.08,1,0,0.0,0.553,246762,Bijnore,Bijnore,Uttar Pradesh,3,29.43033,78.41949,399-9JM-PKL3,0,1,109.4,0.646,0,2.23,5,4,0.0784,0
VALMO_ORD_0000106,CUST_055279,"Holding No. 320, Basti Adarsh Nagar, Industrial Area Phase 2, Shastri Nagar, Jagalur, Karnataka, 577553",LOCALITY:Basti Adarsh Nagar|PIN:577553,2,103,1,750.28,Apparel_Western,0.2,0,9,0.131,0.892,577553,Jagalur,Chitradurga,Karnataka,3,14.46937,76.2452,445-5P5-F475,0,0,385.1,0.2414,1,5.71,3,0,0.26,0
VALMO_ORD_0000107,CUST_030771,"Plot No. 290, Gali 4, Near Peepal Ka Ped, Gandhi Marg, Azad Nagar, Hyderabad, Telangana, 500086",PREMISE:Plot No. 290|LANDMARK:Near Peepal Ka Ped|ROAD:Gandhi Marg|LOCALITY:Azad Nagar|PIN:500086,5,95,1,1523.13,Apparel_Ethnic,0.22,1,0,0.0,0.143,500086,Hyderabad,Hyderabad,Telangana,1,17.3616,78.39867,422-477-F2J8,1,1,68.0,0.9629,0,0.8,4,0,0.128,0
VALMO_ORD_0000108,CUST_029326,"Ward No. 200, Mohalla Purani Basti, Behind Post Office, Kalyan Marg, Gandhi Nagar, Mumbai, Maharashtra, 400003",PREMISE:Ward No. 200|LANDMARK:Behind Post Office|ROAD:Kalyan Marg|LOCALITY:Mohalla Purani Basti|PIN:400003,5,110,1,649.63,Apparel_Ethnic,0.22,1,0,0.0,0.21,400003,Mumbai,Mumbai,Maharashtra,1,18.96859,72.85463,4FK-5PK-CMP3,1,1,241.0,0.9243,2,15.58,4,0,0.1979,0
VALMO_ORD_0000109,CUST_002111,"Near Peepal Ka Ped, Kalyan Marg, Subhash Nagar, Mahboobnagar, Telangana, 509326",LANDMARK:Near Peepal Ka Ped|ROAD:Kalyan Marg|LOCALITY:Subhash Nagar|PIN:509326,4,79,1,713.88,Apparel_Ethnic,0.22,0,6,0.339,0.397,509326,Mahboobnagar,Mahboobnagar,Telangana,3,16.07671,78.25811,42P-L7T-J933,0,1,163.5,0.6281,1,3.47,3,0,0.2213,1
VALMO_ORD_0000110,CUST_072569,"Behind Balaji Hospital, Main Bazaar Road, Gandhi Nagar, Bidar, Karnataka, 585416",LANDMARK:Behind Balaji Hospital|ROAD:Main Bazaar Road|LOCALITY:Gandhi Nagar|PIN:585416,4,80,1,429.09,Personal_Care,0.08,1,0,0.0,0.67,585416,Bidar,Bidar,Karnataka,3,18.00863,76.99605,438-76T-2L7K,0,1,137.5,0.6163,2,11.96,4,0,0.2862,0
VALMO_ORD_0000111,CUST_009209,"House No. 151, Opposite HP Petrol Pump, Bypass Road, Adarsh Nagar, Hyderabad, Telangana, 500018",PREMISE:House No. 151|LANDMARK:Opposite HP Petrol Pump|ROAD:Bypass Road|LOCALITY:Adarsh Nagar|PIN:500018,5,95,1,792.01,Apparel_Western,0.2,0,2,0.037,0.714,500018,Hyderabad,Hyderabad,Telangana,1,17.45035,78.44036,422-2K6-TPKM,1,1,125.4,0.9484,1,3.33,5,0,0.1218,0
VALMO_ORD_0000112,CUST_033891,"Opposite State Bank of India, Gali Number 3, Yelabanka, Bangalore, Karnataka, 560064",LANDMARK:Opposite State Bank of India|PIN:560064,2,84,1,412.05,Apparel_Western,0.2,0,10,0.09,0.435,560064,Bangalore,Bangalore,Karnataka,1,13.08479,77.5958,4P3-FKT-6KPM,0,1,106.5,0.6633,1,3.2,5,1,0.1735,1
VALMO_ORD_0000113,CUST_038954,"Bypass Road, Narsinghpur, Cuttack, Odisha, 754032",ROAD:Bypass Road|LOCALITY:Narsinghpur|PIN:754032,3,49,0,665.11,Apparel_Ethnic,0.22,0,6,0.304,0.58,754032,Cuttack,Cuttack,Odisha,2,20.51571,84.98381,2MP-LTK-CPJ4,0,0,2.2,0.3378,0,1.82,4,2,0.0654,0
VALMO_ORD_0000114,CUST_049028,"Near Railway Crossing, Kalyan Marg, Shastri Nagar, #N/A, Kerala, 686022",LANDMARK:Near Railway Crossing|ROAD:Kalyan Marg|LOCALITY:Shastri Nagar|PIN:686022,4,71,0,364.52,Apparel_Ethnic,0.22,1,0,0.0,0.425,686022,#N/A,Kottayam,Kerala,3,9.5981,76.45646,MCT-JK9-J52F,0,1,188.1,0.6382,1,4.49,3,1,0.0643,0
VALMO_ORD_0000115,CUST_002491,"Flat 467, Verma Apartments, Opposite Panchayat Bhawan, College Road, Adarsh Nagar, New Delhi, Delhi, 110022",PREMISE:Flat 467|LANDMARK:Opposite Panchayat Bhawan|ROAD:College Road|LOCALITY:Adarsh Nagar|PIN:110022,5,107,1,317.01,Apparel_Ethnic,0.22,0,22,0.045,0.94,110022,New Delhi,South Delhi,Delhi,1,28.56311,77.16458,39J-4K5-575C,1,1,306.7,0.9027,0,2.46,4,1,0.1258,1
VALMO_ORD_0000116,CUST_022236,"Hospital Road, Patel Nagar, Dumka, Jharkhand, 814148",ROAD:Hospital Road|LOCALITY:Patel Nagar|PIN:814148,3,52,0,593.67,Apparel_Ethnic,0.22,0,8,0.357,0.893,814148,Dumka,Dumka,Jharkhand,3,24.0611,87.41077,252-5KK-PJFT,0,0,162.0,0.2987,2,11.48,5,0,0.0943,0
VALMO_ORD_0000117,CUST_051470,"Beside Govt Hospital, Nehru Road, Adarsh Nagar, Chennai, Tamil Nadu, 600078",LANDMARK:Beside Govt Hospital|ROAD:Nehru Road|LOCALITY:Adarsh Nagar|PIN:600078,4,75,0,300.92,Apparel_Western,0.2,0,16,0.147,0.781,600078,Chennai,Chennai,Tamil Nadu,1,13.04529,80.20717,4T3-28F-85M6,0,1,39.3,0.6526,2,13.12,3,0,0.0493,0
VALMO_ORD_0000118,CUST_070059,"Krishna Residency, Flat 235, Bypass Road, Gip Colony S.O, Howrah, West Bengal, 711112",PREMISE:Krishna Residency|ROAD:Bypass Road|LOCALITY:Gip Colony|PIN:711112,4,85,1,220.42,Apparel_Western,0.2,1,0,0.0,0.374,711112,Howrah,Howrah,West Bengal,2,22.60944,88.28722,2TF-FML-LTTK,1,0,287.3,0.5442,0,1.8,4,0,0.193,0
VALMO_ORD_0000119,CUST_013815,"Holding No. 255, Basti Subhash Nagar, Near Hanuman Temple, Main Bazaar Road, Patel Nagar, Pratapgarh, Uttar Pradesh, 230204",LANDMARK:Near Hanuman Temple|ROAD:Main Bazaar Road|LOCALITY:Basti Subhash Nagar|PIN:230204,4,123,0,533.97,Apparel_Western,0.2,1,0,0.0,0.459,230204,Pratapgarh,Pratapgarh,Uttar Pradesh,3,25.72899,81.53055,2JK-KL7-C8P4,0,1,220.6,0.6355,0,2.17,3,1,0.055,0
VALMO_ORD_0000120,CUST_066794,"Holding No. 251, Basti Subhash Nagar, Behind Shiv Hospital, Nehru Road, Adarsh Nagar, Bangalore, Karnataka, 560066",LANDMARK:Behind Shiv Hospital|ROAD:Nehru Road|LOCALITY:Basti Subhash Nagar|PIN:560066,4,114,1,652.54,Footwear,0.19,1,0,0.0,0.334,560066,Bangalore,Bangalore,Karnataka,1,12.95911,77.73028,4P3-3K7-LMM9,0,1,176.4,0.6461,0,2.19,4,0,0.1596,0
VALMO_ORD_0000121,CUST_001013,"House No. 277, Beside Govt Hospital, Main Bazaar Road, Subhash Nagar, Bangalore, Karnataka, 560085",PREMISE:House No. 277|LANDMARK:Beside Govt Hospital|ROAD:Main Bazaar Road|LOCALITY:Subhash Nagar|PIN:560085,5,98,0,607.53,Apparel_Ethnic,0.22,0,7,0.217,0.771,560085,Bangalore,Bangalore,Karnataka,1,12.9638,77.5486,4PJ-762-3P9T,1,1,160.0,0.9281,0,1.06,3,1,0.0296,0
VALMO_ORD_0000122,CUST_071276,"Flat 315, Sharma Apartments, Near Govt Primary School, Kalyan Marg, Amdabad S.O, Katihar, Bihar, 854112",PREMISE:Flat 315|LANDMARK:Near Govt Primary School|ROAD:Kalyan Marg|PIN:854112,4,103,0,409.37,Apparel_Ethnic,0.22,0,21,0.035,0.694,854112,Katihar,Katihar,Bihar,3,25.31124,87.7998,22T-JTF-6J35,1,1,145.5,0.942,1,4.12,3,0,0.0355,0
VALMO_ORD_0000123,CUST_053234,"Block B, Sector 52, Behind Ram Hospital, Subhash Path, Someshwarnagar, Pune, Maharashtra, 412306",PREMISE:Block B|LANDMARK:Behind Ram Hospital|ROAD:Subhash Path|LOCALITY:Someshwarnagar|PIN:412306,5,96,1,457.23,Apparel_Ethnic,0.22,0,7,0.13,0.588,412306,Pune,Pune,Maharashtra,1,18.12987,74.33385,4J8-CLJ-554P,1,1,170.4,0.9486,2,8.73,3,1,0.1903,0
VALMO_ORD_0000124,CUST_040750,"Near Hanuman Temple, Nehru Road, Gandhi Nagar, Jagatsinghapur, Odisha, 754102",LANDMARK:Near Hanuman Temple|ROAD:Nehru Road|LOCALITY:Gandhi Nagar|PIN:754102,4,77,1,406.92,Footwear,0.19,0,10,0.035,0.623,754102,Jagatsinghapur,Jagatsinghapur,Odisha,3,20.31679,86.0789,59F-J2F-T759,0,1,115.8,0.6511,1,3.93,4,0,0.1903,1
VALMO_ORD_0000125,CUST_011303,"Block B, Sector 57, Behind Post Office, Hospital Road, Tulsihata, English Bazar, West Bengal, 732140",PREMISE:Block B|LANDMARK:Behind Post Office|ROAD:Hospital Road|PIN:732140,4,100,1,263.47,Apparel_Western,0.2,0,6,0.226,0.736,732140,English Bazar,Malda,West Bengal,3,25.47714,87.89721,22T-C47-6M7K,1,1,37.3,0.9629,1,4.85,3,0,0.1666,0
VALMO_ORD_0000126,CUST_054801,"Behind Post Office, College Road, Purani Basti, Chaksu, Rajasthan, 303901",LANDMARK:Behind Post Office|ROAD:College Road|LOCALITY:Purani Basti|PIN:303901,4,73,1,450.96,Footwear,0.19,1,0,0.0,0.104,303901,Chaksu,Jaipur,Rajasthan,2,26.56216,75.89674,332-FL5-3894,0,1,291.8,0.6106,0,0.88,2,0,0.1838,0
VALMO_ORD_0000127,CUST_073736,"Khata No. 112, Village Rampur, Near Govt Primary School, Subhash Path, Bareja, Ahmedabad, Gujarat, 382425",PREMISE:Khata No. 112|LANDMARK:Near Govt Primary School|ROAD:Subhash Path|LOCALITY:Village Rampur|PIN:382425,5,105,0,329.67,Apparel_Ethnic,0.22,1,0,0.0,0.299,382425,Ahmedabad,Ahmedabad,Gujarat,1,22.85898,72.55674,3KL-LCP-474J,1,1,63.2,0.957,0,0.92,4,0,0.0284,0
VALMO_ORD_0000128,CUST_041759,"Flat 171, Sharma Apartments, Opposite Panchayat Bhawan, College Road, Bhopal Vidhayak, Bhopal, Madhya Pradesh, 462026",PREMISE:Flat 171|LANDMARK:Opposite Panchayat Bhawan|ROAD:College Road|PIN:462026,4,117,0,771.07,Apparel_Ethnic,0.22,1,0,0.0,0.872,462026,Bhopal,Bhopal,Madhya Pradesh,2,23.15636,77.46318,35L-7CJ-P8FT,1,1,157.2,0.9399,1,6.93,3,0,0.0384,0
VALMO_ORD_0000129,CUST_077410,"Ward No. 33, Mohalla Purani Basti, Main Bazaar Road, Patel Nagar, Bharuch, Gujarat, 393001",PREMISE:Ward No. 33|ROAD:Main Bazaar Road|LOCALITY:Mohalla Purani Basti|PIN:393001,4,90,1,217.24,Apparel_Ethnic,0.22,0,4,0.298,0.483,393001,Bharuch,Bharuch,Gujarat,3,21.63863,73.00704,3LJ-TP4-2TFK,1,0,475.5,0.4896,1,6.17,3,3,0.3259,0
VALMO_ORD_0000130,CUST_065119,"Behind Ganesh Hospital, Station Road, Thuruthi, Kasargode, Kerala, 671351",LANDMARK:Behind Ganesh Hospital|ROAD:Station Road|PIN:671351,3,73,1,346.16,Footwear,0.19,0,5,0.473,0.9,671351,Kasargode,Kasargode,Kerala,3,12.28213,75.13345,4MK-52T-99FK,0,1,145.1,0.6477,0,1.5,4,0,0.2016,0
VALMO_ORD_0000131,CUST_065181,"Industrial Area Phase 9, Subhash Nagar, Farukhabad, Uttar Pradesh, 209739",LOCALITY:Industrial Area Phase|PIN:209739,2,73,1,275.96,Apparel_Western,0.2,0,8,0.081,0.627,209739,Farukhabad,Farukhabad,Uttar Pradesh,3,27.28226,79.60255,38L-PPF-J37F,0,0,40.9,0.338,2,17.62,4,2,0.3688,1
VALMO_ORD_0000132,CUST_029746,"Holding No. 115, Basti Azad Nagar, Behind Post Office, Industrial Area Phase 9, Kanchanbari, Kailashahar, Tripura, 799288",LANDMARK:Behind Post Office|LOCALITY:Basti Azad Nagar|PIN:799288,3,121,1,685.84,Electronics_Accessories,0.12,0,3,0.004,0.707,799288,Kailashahar,North Tripura,Tripura,3,24.09258,91.98238,7K2-52L-9PP4,0,1,21.4,0.6488,2,13.0,3,2,0.2945,1
VALMO_ORD_0000133,CUST_066312,"Bypass Road, Patel Nagar, Bangalore, Karnataka, 560041",ROAD:Bypass Road|LOCALITY:Patel Nagar|PIN:560041,3,54,1,763.82,Apparel_Ethnic,0.22,1,0,0.0,0.064,560041,Bangalore,Bangalore,Karnataka,1,12.92961,77.60282,4P3-JMJ-233P,0,0,476.8,0.1975,2,11.75,2,0,0.3139,0
VALMO_ORD_0000134,CUST_048838,"Flat 162, Verma Apartments, Opposite State Bank of India, Hospital Road, Shastri Nagar, Mumbai, Maharashtra, 400042",PREMISE:Flat 162|LANDMARK:Opposite State Bank of India|ROAD:Hospital Road|LOCALITY:Shastri Nagar|PIN:400042,5,115,1,250.94,Apparel_Ethnic,0.22,1,0,0.0,0.767,400042,Mumbai,Mumbai,Maharashtra,1,19.15495,72.93046,4FK-7KJ-8852,1,1,105.9,0.9657,0,2.13,5,1,0.1448,0
VALMO_ORD_0000135,CUST_040383,"Block A, Sector 296, Bypass Road, Azad Nagar, Gonda, Uttar Pradesh, 271607",PREMISE:Block A|ROAD:Bypass Road|LOCALITY:Azad Nagar|PIN:271607,4,74,0,616.87,Home_Kitchen,0.13,0,9,0.212,0.85,271607,Gonda,Gonda,Uttar Pradesh,3,27.36438,82.28454,2FM-M94-MLL8,1,0,738.2,0.4564,1,5.16,5,0,0.0555,0
VALMO_ORD_0000136,CUST_056798,"Opposite State Bank of India, Link Road, Sosia, Kalahandi, Odisha, 766029",LANDMARK:Opposite State Bank of India|ROAD:Link Road|PIN:766029,3,73,1,220.1,Apparel_Ethnic,0.22,0,12,0.074,0.728,766029,Kalahandi,Kalahandi,Odisha,3,19.98573,82.82272,5F9-M45-488T,0,1,150.4,0.6299,0,0.95,3,0,0.1741,0
VALMO_ORD_0000137,CUST_067040,"Flat 168, Krishna Apartments, Opposite Shiv Mandir, Temple Street, Narasimhanaickenpalyam, Coimbatore, Tamil Nadu, 641031",PREMISE:Flat 168|LANDMARK:Opposite Shiv Mandir|ROAD:Temple Street|PIN:641031,4,121,1,472.02,Electronics_Accessories,0.12,0,7,0.121,0.47,641031,Coimbatore,Coimbatore,Tamil Nadu,2,11.03255,76.93982,MC8-T23-F5MT,1,1,17.3,0.9573,0,1.48,2,1,0.1364,0
VALMO_ORD_0000138,CUST_000202,"Yadav Residency, Flat 583, Behind Ram Hospital, Industrial Area Phase 4, Banki Bazar, Sundargarh, Odisha, 770046",PREMISE:Yadav Residency|LANDMARK:Behind Ram Hospital|LOCALITY:Industrial Area Phase|PIN:770046,4,112,1,264.04,Home_Kitchen,0.13,1,0,0.0,0.412,770046,Sundargarh,Sundargarh,Odisha,3,22.39497,84.84013,2MC-66F-JK2F,1,1,350.3,0.9002,2,14.37,3,1,0.2709,0
VALMO_ORD_0000139,CUST_079590,"Radhe Residency, Flat 412, Near Bus Stand, Station Road, Kasal, Oras, Maharashtra, 416603",PREMISE:Radhe Residency|LANDMARK:Near Bus Stand|ROAD:Station Road|PIN:416603,4,89,1,726.74,Apparel_Ethnic,0.22,1,0,0.0,0.393,416603,Oras,Sindhudurg,Maharashtra,3,16.16793,73.6515,4JP-KL8-LKJ8,1,1,226.6,0.9193,2,8.15,3,0,0.2469,0
VALMO_ORD_0000140,CUST_068118,"Quarter No. 43, Railway Colony, Cinema Road, Sainik School, Bijapur, Karnataka, 586102",PREMISE:Quarter No. 43|LANDMARK:Sainik School|ROAD:Cinema Road|LOCALITY:Railway Colony|PIN:586102,5,86,0,324.35,Apparel_Ethnic,0.22,0,10,0.119,0.593,586102,Bijapur,Bijapur,Karnataka,3,16.80949,75.73491,434-6FL-LK77,1,1,697.6,0.8073,1,3.96,4,0,0.0413,1
VALMO_ORD_0000141,CUST_076572,"Ward No. 121, Mohalla Azad Nagar, Behind Shiv Hospital, Ring Road, Purani Basti, Rajkot, Gujarat, 360006",PREMISE:Ward No. 121|LANDMARK:Behind Shiv Hospital|ROAD:Ring Road|LOCALITY:Mohalla Azad Nagar|PIN:360006,5,104,0,403.37,Footwear,0.19,0,7,0.024,0.63,360006,Rajkot,Rajkot,Gujarat,2,22.33714,70.7715,JTF-6P6-MM43,1,1,293.6,0.908,1,5.08,4,0,0.0313,0
VALMO_ORD_0000142,CUST_028585,"Opposite Panchayat Bhawan, Industrial Area Phase 7, Zawar Mines, Udaipur, Rajasthan, 313901",LANDMARK:Opposite Panchayat Bhawan|LOCALITY:Industrial Area Phase|PIN:313901,3,91,1,231.11,Apparel_Ethnic,0.22,1,0,0.0,0.158,313901,Udaipur,Udaipur,Rajasthan,2,24.34696,73.77309,3K2-CKK-7CP3,0,1,68.9,0.6758,2,9.79,4,0,0.2595,0
VALMO_ORD_0000143,CUST_069913,"Holding No. 324, Basti Adarsh Nagar, Opposite Shiv Mandir, Temple Street, Brahmadesam, Vellore, Tamil Nadu, 604301",LANDMARK:Opposite Shiv Mandir|ROAD:Temple Street|LOCALITY:Basti Adarsh Nagar|PIN:604301,4,114,1,455.37,Apparel_Western,0.2,1,0,0.0,0.443,604301,Vellore,Vellore,Tamil Nadu,3,12.19173,79.79497,4TK-T82-JFKM,0,1,38.4,0.6794,0,2.51,4,0,0.197,0
VALMO_ORD_0000144,CUST_056308,"Block A, Sector 70, Gali Number 4, Khalsa Dhibri, Gaya, Bihar, 805141",PREMISE:Block A|PIN:805141,2,69,1,434.8,Apparel_Ethnic,0.22,0,4,0.211,0.375,805141,Gaya,Gaya,Bihar,2,24.85237,85.62682,248-3CC-PFP9,1,0,71.6,0.6099,0,2.87,3,1,0.1879,0
VALMO_ORD_0000145,CUST_020243,"Flat 635, Vrindavan Apartments, Cinema Road, Penumantra, West Godavari, Andhra Pradesh, 534124",PREMISE:Flat 635|ROAD:Cinema Road|PIN:534124,3,94,1,523.75,Apparel_Ethnic,0.22,0,9,0.081,0.638,534124,West Godavari,West Godavari,Andhra Pradesh,3,16.64851,81.68538,5JK-M34-FM36,1,0,428.3,0.4998,2,10.72,3,1,0.3075,0
VALMO_ORD_0000146,CUST_044921,"Vrindavan Niwas, Room 700, Opposite Shiv Mandir, Bypass Road, Gandhi Nagar, Saran, Bihar, 841418",PREMISE:Vrindavan Niwas|LANDMARK:Opposite Shiv Mandir|ROAD:Bypass Road|LOCALITY:Gandhi Nagar|PIN:841418,5,96,1,267.67,Personal_Care,0.08,1,0,0.0,0.079,841418,Saran,Saran,Bihar,3,25.87425,86.31748,22K-2MF-KC7T,1,1,78.5,0.9627,0,2.22,4,0,0.1552,0
VALMO_ORD_0000147,CUST_009737,"Ring Road, Purani Basti, Nuh, Haryana, 122107",ROAD:Ring Road|LOCALITY:Purani Basti|PIN:122107,3,45,1,185.32,Apparel_Western,0.2,0,13,0.181,0.275,122107,Nuh,Gurgaon,Haryana,2,28.0631,77.04178,39K-KCL-7LLF,0,0,214.5,0.2861,0,1.2,3,1,0.2294,1
VALMO_ORD_0000148,CUST_015911,"Block D, Sector 262, Behind Ram Hospital, Bypass Road, Lohapur, Suri, West Bengal, 731237",PREMISE:Block D|LANDMARK:Behind Ram Hospital|ROAD:Bypass Road|LOCALITY:Lohapur|PIN:731237,5,89,1,356.48,Electronics_Accessories,0.12,1,0,0.0,0.129,731237,Suri,Birbhum,West Bengal,3,24.26362,87.96389,257-38T-M8K9,1,1,2.5,0.9729,2,16.24,4,1,0.2581,0
VALMO_ORD_0000149,CUST_035060,"Holding No. 230, Basti Gandhi Nagar, Near Railway Crossing, Kalyan Marg, Navjivan, Ahmedabad, Gujarat, 380014",LANDMARK:Near Railway Crossing|ROAD:Kalyan Marg|LOCALITY:Basti Gandhi Nagar|PIN:380014,4,109,1,803.8,Apparel_Western,0.2,0,8,0.011,0.728,380014,Ahmedabad,Ahmedabad,Gujarat,1,23.0211,72.56926,3KL-KC7-85JM,0,1,95.9,0.6647,2,10.22,4,0,0.1945,0
VALMO_ORD_0000150,CUST_058053,"Ward No. 78, Mohalla Kalyan Nagar, Opposite Panchayat Bhawan, Gali Number 3, Beejadandi S.O, Mandla, Madhya Pradesh, 481666",PREMISE:Ward No. 78|LANDMARK:Opposite Panchayat Bhawan|LOCALITY:Mohalla Kalyan Nagar|PIN:481666,4,123,1,364.09,Apparel_Ethnic,0.22,0,8,0.153,0.978,481666,Mandla,Mandla,Madhya Pradesh,3,22.98489,80.18084,36M-523-792K,1,1,204.2,0.9196,2,13.9,4,0,0.2182,1
VALMO_ORD_0000151,CUST_053784,"Radhe Niwas, Room 525, Bypass Road, Adarsh Nagar, Mumbai, Maharashtra, 400102",PREMISE:Radhe Niwas|ROAD:Bypass Road|LOCALITY:Adarsh Nagar|PIN:400102,4,77,0,339.74,Electronics_Accessories,0.12,0,12,0.153,0.732,400102,Mumbai,Mumbai,Maharashtra,1,19.15874,72.85274,4FK-25F-K2KP,1,0,387.4,0.5188,2,14.06,3,0,0.0534,0
VALMO_ORD_0000152,CUST_056500,"Block D, Sector 91, Gali Number 2, Pithoragarh Ho., Pithoragarh, Uttarakhand, 262501",PREMISE:Block D|PIN:262501,2,84,1,476.79,Footwear,0.19,0,4,0.051,0.739,262501,Pithoragarh,Pithoragarh,Uttarakhand,3,29.55328,80.17625,CTM-P53-MPF9,1,0,37.9,0.6168,0,2.36,2,0,0.1723,0
VALMO_ORD_0000153,CUST_029267,"Holding No. 130, Basti Kalyan Nagar, College Road, Gandhi Nagar, New Delhi, Delhi, 110020",ROAD:College Road|LOCALITY:Basti Kalyan Nagar|PIN:110020,3,89,1,280.63,Electronics_Accessories,0.12,0,3,0.153,0.95,110020,New Delhi,South Delhi,Delhi,1,28.53624,77.27119,39J-4T2-642P,0,0,83.9,0.3201,0,1.73,4,1,0.1935,0
VALMO_ORD_0000154,CUST_014608,"Shop No. 198, Grain Market, Near Govt Primary School, Subhash Path, Barang, Cuttack, Odisha, 754005",PREMISE:Shop No. 198|LANDMARK:Grain Market|ROAD:Subhash Path|PIN:754005,4,99,1,1124.5,Apparel_Western,0.2,0,4,0.053,0.804,754005,Cuttack,Cuttack,Odisha,2,20.3634,85.78526,5C8-9MT-5CK4,1,1,63.7,0.9669,1,5.31,2,0,0.1367,0
VALMO_ORD_0000155,CUST_012328,"Gokul Residency, Flat 540, Opposite State Bank of India, College Road, Arei, Cuttack, Odisha, 755027",PREMISE:Gokul Residency|LANDMARK:Opposite State Bank of India|ROAD:College Road|PIN:755027,4,100,0,549.68,Apparel_Ethnic,0.22,1,0,0.0,0.768,755027,Cuttack,Cuttack,Odisha,2,20.79316,86.43086,2PL-7L4-KK33,1,1,279.6,0.911,1,4.11,3,4,0.0682,0
VALMO_ORD_0000156,CUST_053799,"Near Govt Primary School, Nehru Road, Patel Nagar, Coimbatore, Tamil Nadu, 641602",LANDMARK:Near Govt Primary School|ROAD:Nehru Road|LOCALITY:Patel Nagar|PIN:641602,4,81,1,793.29,Footwear,0.19,0,23,0.119,0.604,641602,Coimbatore,Coimbatore,Tamil Nadu,2,11.12308,77.33639,M9F-545-MKC5,0,1,327.0,0.5888,1,4.08,3,0,0.1837,0
VALMO_ORD_0000157,CUST_046156,"Patel Niwas, Room 555, Opposite State Bank of India, Kalyan Marg, Khinwara, Pali, Rajasthan, 306502",PREMISE:Patel Niwas|LANDMARK:Opposite State Bank of India|ROAD:Kalyan Marg|PIN:306502,4,99,1,477.93,Apparel_Ethnic,0.22,0,10,0.219,0.539,306502,Pali,Pali,Rajasthan,3,25.4377,73.62,3JM-8T6-CP8P,1,1,27.6,0.9736,2,17.97,3,1,0.2418,0
VALMO_ORD_0000158,CUST_010073,"Khata No. 165, Village Rampur, Near Ganesh Mandir, Ring Road, Thogamalai, Karur, Tamil Nadu, 621313",PREMISE:Khata No. 165|LANDMARK:Near Ganesh Mandir|ROAD:Ring Road|LOCALITY:Village Rampur|PIN:621313,5,99,1,451.39,Apparel_Western,0.2,0,5,0.063,0.784,621313,Karur,Karur,Tamil Nadu,3,10.74389,78.45037,M92-234-FF3M,1,1,89.5,0.9638,1,6.68,5,1,0.1751,1
VALMO_ORD_0000159,CUST_073028,"Block C, Sector 235, Opposite Shiv Mandir, Bypass Road, Subhash Nagar, Kozhikode, Kerala, 673593",PREMISE:Block C|LANDMARK:Opposite Shiv Mandir|ROAD:Bypass Road|LOCALITY:Subhash Nagar|PIN:673593,5,96,1,274.28,Personal_Care,0.08,0,5,0.186,0.643,673593,Kozhikode,Kozhikode,Kerala,3,11.60376,76.20522,4MP-P3C-9MF2,1,1,207.7,0.9181,0,2.16,3,0,0.1419,0
VALMO_ORD_0000160,CUST_029839,"Ward No. 86, Mohalla Subhash Nagar, Behind Reliance Fresh, Link Road, Dadri, Dadri, Uttar Pradesh, 203207",PREMISE:Ward No. 86|LANDMARK:Behind Reliance Fresh|ROAD:Link Road|LOCALITY:Mohalla Subhash Nagar|PIN:203207,5,105,1,928.72,Home_Kitchen,0.13,1,0,0.0,0.934,203207,Dadri,Gautam Buddha Nagar,Uttar Pradesh,3,28.53367,77.52555,39J-6P7-TL96,1,1,68.4,0.9802,1,4.81,3,0,0.178,0
VALMO_ORD_0000161,CUST_031445,"Flat 507, Singh Apartments, Near Water Tank, Ring Road, Charak Palli, Medak, Telangana, 502221",PREMISE:Flat 507|LANDMARK:Near Water Tank|ROAD:Ring Road|PIN:502221,4,94,1,381.54,Apparel_Western,0.2,1,0,0.0,0.905,502221,Medak,Medak,Telangana,3,17.61157,77.49309,42J-85F-K49P,1,1,82.7,0.9623,0,0.65,3,3,0.2296,0
VALMO_ORD_0000162,CUST_001700,"Ward No. 98, Mohalla Purani Basti, Opposite HP Petrol Pump, Cinema Road, Shastri Nagar, Gangapur, Uttar Pradesh, 221302",PREMISE:Ward No. 98|LANDMARK:Opposite HP Petrol Pump|ROAD:Cinema Road|LOCALITY:Mohalla Purani Basti|PIN:221302,5,119,1,192.53,Apparel_Western,0.2,0,8,0.017,0.754,221302,Gangapur,Varanasi,Uttar Pradesh,2,25.28789,82.9373,2JP-2LT-9LPK,1,1,40.7,0.978,0,0.79,5,2,0.1493,0
VALMO_ORD_0000163,CUST_016791,"House No. 189, Opposite Shiv Mandir, Ring Road, Rahta, Moradabad, Uttar Pradesh, 244255",PREMISE:House No. 189|LANDMARK:Opposite Shiv Mandir|ROAD:Ring Road|PIN:244255,4,87,1,301.7,Apparel_Ethnic,0.22,0,3,0.068,0.94,244255,Moradabad,Moradabad,Uttar Pradesh,2,28.53298,78.30025,392-4L6-88JK,1,1,77.8,0.9632,0,0.57,2,3,0.1753,0
VALMO_ORD_0000164,CUST_049137,"Bypass Road, Mangolpuri Block 1, New Delhi, Delhi, 110083",PREMISE:Block 1|ROAD:Bypass Road|PIN:110083,3,57,1,691.95,Apparel_Ethnic,0.22,0,6,0.138,0.71,110083,New Delhi,North Delhi,Delhi,1,28.69038,77.0838,39J-JPC-9JPJ,1,0,401.6,0.5338,0,2.49,3,2,0.1928,0
VALMO_ORD_0000165,CUST_055603,"Patel Niwas, Room 681, Opposite HP Petrol Pump, Cinema Road, Sadar Bazar, Ghatampur, Uttar Pradesh, 209206",PREMISE:Patel Niwas|LANDMARK:Opposite HP Petrol Pump|ROAD:Cinema Road|LOCALITY:Ghatampur|PIN:209206,5,106,1,488.27,Home_Kitchen,0.13,0,4,0.054,0.791,209206,Ghatampur,Kanpur,Uttar Pradesh,2,26.13418,80.16585,373-PPK-LT3F,1,1,14.5,0.9735,0,1.92,3,2,0.1486,1
VALMO_ORD_0000166,CUST_006309,"Opposite HP Petrol Pump, Ring Road, Adarsh Nagar, Chennai, Tamil Nadu, 600112",LANDMARK:Opposite HP Petrol Pump|ROAD:Ring Road|LOCALITY:Adarsh Nagar|PIN:600112,4,77,0,186.58,Home_Kitchen,0.13,1,0,0.0,0.073,600112,Chennai,Chennai,Tamil Nadu,1,13.09125,80.24261,4T3-8KK-TP8T,0,1,269.0,0.6157,0,2.06,3,0,0.0363,0
VALMO_ORD_0000167,CUST_063429,"Behind Krishna Hospital, Bypass Road, Gandhi Nagar, Howrah, West Bengal, 711414",LANDMARK:Behind Krishna Hospital|ROAD:Bypass Road|LOCALITY:Gandhi Nagar|PIN:711414,4,79,1,300.47,Footwear,0.19,0,2,0.164,0.357,711414,Howrah,Howrah,West Bengal,2,22.61278,88.07951,2P8-9TL-53P9,0,1,191.4,0.6296,0,2.21,3,0,0.1595,0
VALMO_ORD_0000168,CUST_074688,"Behind Krishna Hospital, Hospital Road, Sivanchetty Garden, Bangalore, Karnataka, 560042",LANDMARK:Behind Krishna Hospital|ROAD:Hospital Road|PIN:560042,3,88,1,361.22,Home_Kitchen,0.13,0,8,0.025,0.785,560042,Bangalore,Bangalore,Karnataka,1,12.9952,77.61259,4P3-J33-P6F2,0,1,4.4,0.6768,2,17.91,4,1,0.2129,0
VALMO_ORD_0000169,CUST_057972,"Plot No. 314, Gali 15, Link Road, Sova Nagar, English Bazar, West Bengal, 732209",PREMISE:Plot No. 314|LANDMARK:English Bazar|ROAD:Link Road|LOCALITY:Sova Nagar|PIN:732209,5,80,1,258.76,Apparel_Ethnic,0.22,0,2,0.153,0.524,732209,English Bazar,Malda,West Bengal,3,25.04214,87.95492,22T-M6P-CP7C,1,1,48.6,0.9736,1,5.43,3,0,0.1613,0
VALMO_ORD_0000170,CUST_079976,"Opposite State Bank of India, Hospital Road, Pahargarh, Morena, Madhya Pradesh, 476228",LANDMARK:Opposite State Bank of India|ROAD:Hospital Road|PIN:476228,3,86,1,434.47,Apparel_Ethnic,0.22,0,7,0.183,0.6,476228,Morena,Morena,Madhya Pradesh,3,26.12754,77.60221,323-LML-5L3K,0,1,227.6,0.6109,0,2.01,3,1,0.2077,1
VALMO_ORD_0000171,CUST_035139,"Ward No. 69, Mohalla Kalyan Nagar, Behind Sai Baba Hospital, Cinema Road, Raipur Kapa, Raipur, Chhattisgarh, 492005",PREMISE:Ward No. 69|LANDMARK:Behind Sai Baba Hospital|ROAD:Cinema Road|LOCALITY:Mohalla Kalyan Nagar|PIN:492005,5,115,1,374.31,Footwear,0.19,0,12,0.19,0.618,492005,Raipur,Raipur,Chhattisgarh,2,21.26689,81.7097,2LK-448-6MP6,1,1,39.7,0.986,0,0.83,4,0,0.1244,1
VALMO_ORD_0000172,CUST_012279,"House No. 151, Opposite Shiv Mandir, Industrial Area Phase 5, Shastri Nagar, Kollam, Kerala, 690536",PREMISE:House No. 151|LANDMARK:Opposite Shiv Mandir|LOCALITY:Industrial Area Phase|PIN:690536,4,99,1,294.19,Apparel_Ethnic,0.22,0,5,0.059,0.85,690536,Kollam,Kollam,Kerala,3,9.02199,76.53078,M38-J52-PM8J,1,1,670.8,0.8178,0,1.87,2,0,0.1513,0
VALMO_ORD_0000173,CUST_011656,"Behind Post Office, Bypass Road, Gandhi Nagar, Jejuri, Maharashtra, 412303",LANDMARK:Behind Post Office|ROAD:Bypass Road|LOCALITY:Gandhi Nagar|PIN:412303,4,74,1,173.6,Apparel_Ethnic,0.22,0,5,0.132,0.825,412303,Jejuri,Pune,Maharashtra,1,18.2526,74.14967,4FP-TPT-5TJ9,0,1,41.1,0.6704,1,4.83,3,0,0.1568,0
VALMO_ORD_0000174,CUST_072514,"Gali Number 4, Mota Miya Mangrol, Surat, Gujarat, 394410",PIN:394410,1,56,1,288.21,Personal_Care,0.08,0,2,0.057,0.7,394410,Surat,Surat,Gujarat,3,21.44234,73.07435,3L4-JJC-MC5C,0,0,85.9,0.322,2,9.33,3,0,0.2944,0
VALMO_ORD_0000175,CUST_033748,"Quarter No. 21, Railway Colony, Near Peepal Ka Ped, Subhash Path, Malegaon B K, Pune, Maharashtra, 413115",PREMISE:Quarter No. 21|LANDMARK:Near Peepal Ka Ped|ROAD:Subhash Path|LOCALITY:Railway Colony|PIN:413115,5,105,1,474.55,Apparel_Ethnic,0.22,1,0,0.0,0.457,413115,Pune,Pune,Maharashtra,1,18.14439,74.45755,4J8-CT9-982C,1,1,238.0,0.9159,1,3.49,4,1,0.1716,1
VALMO_ORD_0000176,CUST_076007,"Quarter No. 305, Railway Colony, Behind Shiv Hospital, Station Road, Choutra Guntur, Guntur, Andhra Pradesh, 522003",PREMISE:Quarter No. 305|LANDMARK:Behind Shiv Hospital|ROAD:Station Road|LOCALITY:Railway Colony|PIN:522003,5,115,1,268.21,Personal_Care,0.08,1,0,0.0,0.318,522003,Guntur,Guntur,Andhra Pradesh,2,16.28286,80.44266,47P-JMT-P7F2,1,1,465.3,0.831,0,2.71,5,1,0.1712,0
VALMO_ORD_0000177,CUST_074394,"Quarter No. 36, Railway Colony, Gali Number 9, Ramgarh, Varanasi, Uttar Pradesh, 232107",PREMISE:Quarter No. 36|LOCALITY:Railway Colony|PIN:232107,3,87,1,748.02,Apparel_Western,0.2,0,7,0.221,0.804,232107,Varanasi,Varanasi,Uttar Pradesh,2,25.47186,83.26417,2JT-F5K-279C,1,0,97.2,0.6102,0,0.96,2,2,0.2106,0
VALMO_ORD_0000178,CUST_018587,"Shop No. 77, Main Market, Opposite Shiv Mandir, Link Road, Ignou S.O, South West Delhi, Delhi, 110068",PREMISE:Shop No. 77|LANDMARK:Main Market|ROAD:Link Road|PIN:110068,4,101,1,385.95,Footwear,0.19,0,11,0.08,0.57,110068,South West Delhi,South West Delhi,Delhi,1,28.51404,77.19371,39J-MC9-FKP5,1,1,91.6,0.9534,1,4.98,2,3,0.1785,1
VALMO_ORD_0000179,CUST_066312,"Beside Govt Hospital, Station Road, Tilak Nagar, Bangalore, Karnataka, 560041",LANDMARK:Beside Govt Hospital|ROAD:Station Road|LOCALITY:Tilak Nagar|PIN:560041,4,77,0,249.73,Apparel_Ethnic,0.22,1,0,0.0,0.248,560041,Bangalore,Bangalore,Karnataka,1,12.91721,77.59363,4P3-JL6-PF99,0,1,44.2,0.6718,0,1.88,3,1,0.0413,0
VALMO_ORD_0000180,CUST_075812,"Yadav Niwas, Room 264, Hospital Road, Purani Basti, Kalavai, Tamil Nadu, 632506",PREMISE:Yadav Niwas|ROAD:Hospital Road|LOCALITY:Purani Basti|PIN:632506,4,79,1,505.5,Electronics_Accessories,0.12,0,1,0.221,0.748,632506,Kalavai,Vellore,Tamil Nadu,3,12.78466,79.42795,4TJ-4MJ-L777,1,0,32.3,0.6043,1,3.53,3,0,0.2076,0
VALMO_ORD_0000181,CUST_043881,"Holding No. 20, Basti Kalyan Nagar, Behind Ram Hospital, Gali Number 5, Kurkumbh B.O, Pune, Maharashtra, 413802",LANDMARK:Behind Ram Hospital|LOCALITY:Basti Kalyan Nagar|PIN:413802,3,111,1,242.58,Apparel_Ethnic,0.22,0,11,0.146,0.39,413802,Pune,Pune,Maharashtra,1,18.3261,74.56508,4FT-P2P-773M,0,1,160.6,0.6224,0,0.82,4,0,0.1427,0
VALMO_ORD_0000182,CUST_025246,"Near Laxmi Mandir, Main Bazaar Road, Odban, Sirsa, Haryana, 125077",LANDMARK:Near Laxmi Mandir|ROAD:Main Bazaar Road|PIN:125077,3,66,1,616.95,Apparel_Ethnic,0.22,0,2,0.16,0.747,125077,Sirsa,Sirsa,Haryana,3,29.56892,75.00058,CML-M6F-9KK9,0,1,618.9,0.5338,2,13.22,4,0,0.28,1
VALMO_ORD_0000183,CUST_059836,"Ward No. 182, Mohalla Kalyan Nagar, Nehru Road, Kullanchavadi, Vellore, Tamil Nadu, 607301",PREMISE:Ward No. 182|ROAD:Nehru Road|LOCALITY:Mohalla Kalyan Nagar|PIN:607301,4,90,0,341.06,Footwear,0.19,0,2,0.243,0.861,607301,Vellore,Vellore,Tamil Nadu,3,11.67499,79.69118,4TL-6L9-F7JP,1,0,16.0,0.6287,1,4.95,3,1,0.0576,0
VALMO_ORD_0000184,CUST_009319,"Holding No. 166, Basti Subhash Nagar, Behind Reliance Fresh, Industrial Area Phase 2, Bagbahra, Raipur, Chhattisgarh, 493449",LANDMARK:Behind Reliance Fresh|LOCALITY:Basti Subhash Nagar|PIN:493449,3,124,0,515.08,Apparel_Ethnic,0.22,0,9,0.116,0.716,493449,Raipur,Raipur,Chhattisgarh,2,21.06472,82.43922,2L4-PPP-6MTL,0,1,205.7,0.6299,1,6.2,4,2,0.0549,0
VALMO_ORD_0000185,CUST_079843,"Near Railway Crossing, Gali Number 2, Khargam, Berhampore, West Bengal, 742147",LANDMARK:Near Railway Crossing|PIN:742147,2,78,1,350.08,Personal_Care,0.08,0,3,0.125,0.525,742147,Berhampore,Murshidabad,West Bengal,3,24.03968,87.99152,257-5L2-2CCT,0,1,39.7,0.6614,0,1.39,3,0,0.1662,0
VALMO_ORD_0000186,CUST_009286,"Behind Post Office, Gali Number 3, Azad Nagar, Cannanore (Kannur), Kerala, 670102",LANDMARK:Behind Post Office|LOCALITY:Azad Nagar|PIN:670102,3,81,1,336.55,Apparel_Ethnic,0.22,0,7,0.06,0.774,670102,Cannanore (Kannur),Kannur,Kerala,3,11.7501,75.50012,4MM-4CM-4C5L,0,1,289.1,0.6163,2,7.64,4,0,0.256,0
VALMO_ORD_0000187,CUST_078978,"Shop No. 271, Grain Market, Near Water Tank, Bypass Road, Patel Nagar, Coimbatore, Tamil Nadu, 641658",PREMISE:Shop No. 271|LANDMARK:Grain Market|ROAD:Bypass Road|LOCALITY:Patel Nagar|PIN:641658,5,101,0,253.15,Apparel_Western,0.2,0,7,0.279,0.804,641658,Coimbatore,Coimbatore,Tamil Nadu,2,10.95605,77.21646,M9F-MPJ-P5FL,1,1,256.1,0.9065,1,4.6,4,1,0.0411,0
VALMO_ORD_0000188,CUST_042780,"Near Water Tank, Ring Road, Saltora, Bankura, West Bengal, 722158",LANDMARK:Near Water Tank|ROAD:Ring Road|PIN:722158,3,65,1,358.2,Electronics_Accessories,0.12,0,11,0.244,0.499,722158,Bankura,Bankura,West Bengal,3,23.51071,86.96698,254-562-JLC4,0,1,882.3,0.4636,0,0.86,3,2,0.2541,0
VALMO_ORD_0000189,CUST_059836,"Krishna Niwas, Room 406, Gali Number 9, Kullanchavadi, Vellore, Tamil Nadu, 607301",PREMISE:Krishna Niwas|PIN:607301,2,82,1,422.16,Footwear,0.19,0,12,0.155,0.9,607301,Vellore,Vellore,Tamil Nadu,3,11.64233,79.66782,4TL-5TT-PFP4,1,0,49.8,0.6286,1,5.45,3,2,0.2542,0
VALMO_ORD_0000190,CUST_071673,"Plot No. 37, Gali 14, Industrial Area Phase 7, Carron, Jalpaiguri, West Bengal, 735205",PREMISE:Plot No. 37|LOCALITY:Industrial Area Phase|PIN:735205,3,86,1,350.5,Apparel_Ethnic,0.22,0,5,0.186,0.591,735205,Jalpaiguri,Jalpaiguri,West Bengal,3,26.87985,88.97531,27C-4K5-9JM2,1,0,239.2,0.5858,1,5.2,2,3,0.2959,1
VALMO_ORD_0000191,CUST_025650,"Ward No. 12, Mohalla Shastri Nagar, Main Bazaar Road, Hira Nagar, Kathua, Jammu & Kashmir, 184142",PREMISE:Ward No. 12|ROAD:Main Bazaar Road|LOCALITY:Mohalla Shastri Nagar|PIN:184142,4,97,1,204.29,Apparel_Ethnic,0.22,0,6,0.121,0.697,184142,Kathua,Kathua,Jammu & Kashmir,3,32.44705,75.26298,C4K-T99-4M8C,1,0,130.5,0.5924,1,5.87,3,0,0.2073,1
VALMO_ORD_0000192,CUST_072987,"Sharma Residency, Flat 213, Opposite Panchayat Bhawan, Subhash Path, Kanij, Nadiad, Gujarat, 387120",PREMISE:Sharma Residency|LANDMARK:Opposite Panchayat Bhawan|ROAD:Subhash Path|PIN:387120,4,99,0,519.03,Home_Kitchen,0.13,0,16,0.058,0.74,387120,Nadiad,Kheda,Gujarat,3,22.84506,72.66895,3KL-MJ7-F6PM,1,1,48.5,0.9751,0,1.79,4,1,0.0333,0
VALMO_ORD_0000193,CUST_001292,"House No. 92, Near Railway Crossing, Bypass Road, Pathri, Pathri, Maharashtra, 441215",PREMISE:House No. 92|LANDMARK:Near Railway Crossing|ROAD:Bypass Road|PIN:441215,4,85,0,579.78,Personal_Care,0.08,0,11,0.114,0.947,441215,Pathri,Chandrapur,Maharashtra,3,20.21445,79.83295,48C-KF9-3ML7,1,1,200.4,0.9176,1,5.05,5,1,0.041,0
VALMO_ORD_0000194,CUST_035471,"House No. 329, Near Bus Stand, Link Road, Longuparthi B.O, Visakhapatnam, Andhra Pradesh, 535145",PREMISE:House No. 329|LANDMARK:Near Bus Stand|ROAD:Link Road|PIN:535145,4,96,1,451.46,Electronics_Accessories,0.12,0,1,0.182,0.797,535145,Visakhapatnam,Visakhapatnam,Andhra Pradesh,2,17.98296,82.97139,5J9-2M6-3594,1,1,191.4,0.9426,1,6.4,5,0,0.1434,0
VALMO_ORD_0000195,CUST_078238,"Near Shiv Mandir, Bypass Road, Khour, Khour, Jammu & Kashmir, 181203",LANDMARK:Near Shiv Mandir|ROAD:Bypass Road|PIN:181203,3,68,1,534.59,Apparel_Ethnic,0.22,1,0,0.0,0.259,181203,Khour,Jammu,Jammu & Kashmir,2,32.82278,74.50446,CK6-93J-LMFJ,0,1,157.9,0.6489,1,6.33,3,0,0.2055,0
VALMO_ORD_0000196,CUST_004311,"Vrindavan Niwas, Room 675, Near Water Tank, Subhash Path, Gandhi Nagar, Kailashahar, Tripura, 799143",PREMISE:Vrindavan Niwas|LANDMARK:Near Water Tank|ROAD:Subhash Path|LOCALITY:Gandhi Nagar|PIN:799143,5,100,1,488.18,Footwear,0.19,0,5,0.114,0.517,799143,Kailashahar,North Tripura,Tripura,3,23.10796,91.62771,7KP-JJL-3F72,1,1,120.7,0.9573,0,2.6,2,0,0.1387,0
VALMO_ORD_0000197,CUST_048836,"Vrindavan Niwas, Room 167, Cinema Road, Tirunageswaram, Thanjavur, Tamil Nadu, 612204",PREMISE:Vrindavan Niwas|ROAD:Cinema Road|PIN:612204,3,85,1,637.94,Home_Kitchen,0.13,0,4,0.032,0.911,612204,Thanjavur,Thanjavur,Tamil Nadu,3,11.00517,79.43526,M8F-M4C-JCMF,1,0,24.0,0.5978,0,0.59,2,4,0.2675,0
VALMO_ORD_0000198,CUST_057254,"Near Durga Mandir, Industrial Area Phase 2, Subhash Nagar, Hyderabad, Telangana, 500030",LANDMARK:Near Durga Mandir|LOCALITY:Industrial Area Phase|PIN:500030,3,87,0,150.0,Apparel_Western,0.2,0,2,0.066,0.308,500030,Hyderabad,Hyderabad,Telangana,1,17.33025,78.42005,422-5KC-54J3,0,1,388.0,0.5681,0,2.8,3,0,0.0318,0
VALMO_ORD_0000199,CUST_037874,"House No. 289, Behind Post Office, Nehru Road, Azad Nagar, Alipore, West Bengal, 700035",PREMISE:House No. 289|LANDMARK:Behind Post Office|ROAD:Nehru Road|LOCALITY:Azad Nagar|PIN:700035,5,87,0,602.95,Footwear,0.19,0,10,0.167,0.623,700035,Alipore,North 24 Parganas,West Bengal,3,22.6417,88.39298,2TF-CLF-3JCK,1,1,551.2,0.8492,1,6.93,3,0,0.0404,0
VALMO_ORD_0000200,CUST_012379,"Near Govt Primary School, Link Road, Badnawar, Badnawar, Madhya Pradesh, 454660",LANDMARK:Near Govt Primary School|ROAD:Link Road|PIN:454660,3,79,1,476.06,Personal_Care,0.08,0,8,0.097,0.818,454660,Badnawar,Dhar,Madhya Pradesh,3,22.98846,75.18484,34L-6JC-M7P4,0,1,140.9,0.6468,1,4.4,3,0,0.1891,1
VALMO_ORD_0000201,CUST_059142,"Opposite Shiv Mandir, Cinema Road, Rajewadi, Pune, Maharashtra, 412104",LANDMARK:Opposite Shiv Mandir|ROAD:Cinema Road|PIN:412104,3,70,1,237.17,Personal_Care,0.08,1,0,0.0,0.305,412104,Pune,Pune,Maharashtra,1,18.21839,74.44933,4J8-C8M-6J59,0,1,195.1,0.597,2,10.64,3,1,0.2626,0
VALMO_ORD_0000202,CUST_007564,"Block A, Sector 9, Gali Number 6, Garre Palli, Karimnagar, Telangana, 505186",PREMISE:Block A|LOCALITY:Karimnagar|PIN:505186,3,76,1,840.38,Electronics_Accessories,0.12,0,16,0.211,0.326,505186,Karimnagar,Karimnagar,Telangana,3,18.49383,79.24869,49T-678-7C93,1,0,85.8,0.6118,0,1.62,3,2,0.2279,1
VALMO_ORD_0000203,CUST_063610,"Quarter No. 179, Railway Colony, Near Railway Crossing, Temple Street, Narma, Muzaffarpur, Bihar, 843129",PREMISE:Quarter No. 179|LANDMARK:Near Railway Crossing|ROAD:Temple Street|LOCALITY:Railway Colony|PIN:843129,5,104,1,349.79,Personal_Care,0.08,0,4,0.164,0.781,843129,Muzaffarpur,Muzaffarpur,Bihar,3,26.27769,85.33772,232-6MK-55CC,1,1,89.1,0.9605,0,1.94,5,3,0.1959,0
VALMO_ORD_0000204,CUST_022171,"Behind Sai Baba Hospital, Temple Street, Azad Nagar, Beed, Maharashtra, 431142",LANDMARK:Behind Sai Baba Hospital|ROAD:Temple Street|LOCALITY:Azad Nagar|PIN:431142,4,78,0,383.14,Home_Kitchen,0.13,0,7,0.456,0.907,431142,Beed,Beed,Maharashtra,3,19.20832,76.15216,4C5-386-PL2K,0,1,138.6,0.6507,0,2.65,2,0,0.046,0
VALMO_ORD_0000205,CUST_008281,"Block A, Sector 4, Opposite HP Petrol Pump, Nehru Road, Gandhi Nagar, Bangalore, Karnataka, 562132",PREMISE:Block A|LANDMARK:Opposite HP Petrol Pump|ROAD:Nehru Road|LOCALITY:Gandhi Nagar|PIN:562132,5,98,1,770.92,Apparel_Ethnic,0.22,1,0,0.0,0.259,562132,Bangalore,Bangalore,Karnataka,1,13.21416,77.31921,4PF-PMF-MMJM,1,1,263.9,0.905,2,7.27,4,0,0.2005,0
VALMO_ORD_0000206,CUST_064376,"House No. 344, Kalyan Marg, Patel Nagar, Aurad, Karnataka, 572223",PREMISE:House No. 344|ROAD:Kalyan Marg|LOCALITY:Patel Nagar|PIN:572223,4,65,1,512.55,Electronics_Accessories,0.12,0,7,0.498,0.798,572223,Aurad,Tumkur,Karnataka,3,13.35764,76.84415,4M8-5T9-4K3F,1,0,94.2,0.618,0,1.56,4,0,0.2032,0
VALMO_ORD_0000207,CUST_041180,"Beside Govt Hospital, Bypass Road, Hari Nagar Ashram, New Delhi, Delhi, 110014",LANDMARK:Beside Govt Hospital|ROAD:Bypass Road|LOCALITY:Hari Nagar|PIN:110014,4,78,1,329.6,Apparel_Western,0.2,0,12,0.231,0.812,110014,New Delhi,South Delhi,Delhi,1,28.57183,77.24612,39J-46J-KJKK,0,1,19.8,0.6512,1,4.27,3,1,0.1859,0
VALMO_ORD_0000208,CUST_065353,"Station Road, Kalyan Nagar, Dasarahalli, Karnataka, 560057",ROAD:Station Road|LOCALITY:Kalyan Nagar|PIN:560057,3,58,1,215.63,Home_Kitchen,0.13,1,0,0.0,0.604,560057,Dasarahalli,Bangalore,Karnataka,1,13.01661,77.53973,4PJ-78M-3P9J,0,0,15.3,0.302,0,2.8,5,0,0.199,0
VALMO_ORD_0000209,CUST_051470,"Block C, Sector 335, Near Peepal Ka Ped, Station Road, Kalinga Colony, Chennai, Tamil Nadu, 600078",PREMISE:Block C|LANDMARK:Near Peepal Ka Ped|ROAD:Station Road|LOCALITY:Kalinga Colony|PIN:600078,5,98,1,552.02,Footwear,0.19,0,9,0.127,0.9,600078,Chennai,Chennai,Tamil Nadu,1,13.03748,80.19914,4T3-297-8783,1,1,42.1,0.9375,1,6.05,2,4,0.2069,0
VALMO_ORD_0000210,CUST_040896,"Near Bus Stand, College Road, Patna M C Hospital, Patna, Bihar, 800004",LANDMARK:Near Bus Stand|ROAD:College Road|PIN:800004,3,70,1,583.59,Personal_Care,0.08,1,0,0.0,0.725,800004,Patna,Patna,Bihar,2,25.63207,85.13346,235-M6C-C22J,0,1,17.4,0.6854,1,3.5,3,1,0.2151,1
VALMO_ORD_0000211,CUST_050545,"Behind Ram Hospital, Subhash Path, Gandhi Nagar, North Lakhimpur, Assam, 786103",LANDMARK:Behind Ram Hospital|ROAD:Subhash Path|LOCALITY:Gandhi Nagar|PIN:786103,4,79,1,517.62,Apparel_Western,0.2,1,0,0.0,0.223,786103,North Lakhimpur,Lakhimpur,Assam,3,27.38006,95.18517,79L-MC3-FMFM,0,1,28.9,0.6631,0,0.74,2,0,0.1992,0
VALMO_ORD_0000212,CUST_077456,"Near Peepal Ka Ped, College Road, Sheopur, Varanasi, Uttar Pradesh, 221003",LANDMARK:Near Peepal Ka Ped|ROAD:College Road|LOCALITY:Sheopur|PIN:221003,4,74,1,628.54,Apparel_Ethnic,0.22,0,13,0.294,0.645,221003,Varanasi,Varanasi,Uttar Pradesh,2,25.34679,82.96954,2JP-248-K8KT,0,1,269.9,0.6309,1,6.03,2,0,0.194,0
VALMO_ORD_0000213,CUST_044981,"Block B, Sector 49, Near Hanuman Temple, Industrial Area Phase 6, Gandhi Nagar, Udaipur, Rajasthan, 313330",PREMISE:Block B|LANDMARK:Near Hanuman Temple|LOCALITY:Industrial Area Phase|PIN:313330,4,106,1,272.08,Apparel_Western,0.2,1,0,0.0,0.298,313330,Udaipur,Udaipur,Rajasthan,2,25.26317,74.01791,3JP-58K-98MK,1,1,18.7,0.9882,1,5.94,3,0,0.1613,0
VALMO_ORD_0000214,CUST_016730,"Radhe Niwas, Room 344, Beside Govt Hospital, Gandhi Marg, Jamia Nagar, New Delhi, Delhi, 110025",PREMISE:Radhe Niwas|LANDMARK:Beside Govt Hospital|ROAD:Gandhi Marg|LOCALITY:Jamia Nagar|PIN:110025,5,95,1,340.21,Apparel_Western,0.2,0,10,0.225,0.903,110025,New Delhi,South Delhi,Delhi,1,28.54542,77.30126,39J-5L9-4JM9,1,1,176.4,0.9272,1,3.48,2,3,0.1939,0
VALMO_ORD_0000215,CUST_051437,"Subhash Path, Shastri Nagar, Visakhapatnam, Andhra Pradesh, 530043",ROAD:Subhash Path|LOCALITY:Shastri Nagar|PIN:530043,3,66,1,216.33,Footwear,0.19,1,0,0.0,0.53,530043,Visakhapatnam,Visakhapatnam,Andhra Pradesh,2,17.77807,83.34542,5J8-MJ3-6TC7,0,0,88.5,0.3044,1,6.4,2,2,0.314,1
VALMO_ORD_0000216,CUST_075172,"Opposite HP Petrol Pump, Bypass Road, Tranuebar, Thanjavur, Tamil Nadu, 609313",LANDMARK:Opposite HP Petrol Pump|ROAD:Bypass Road|PIN:609313,3,78,1,579.79,Apparel_Western,0.2,0,6,0.026,0.88,609313,Thanjavur,Thanjavur,Tamil Nadu,3,11.03412,79.83361,M8C-LJ2-C9C2,0,1,266.2,0.6056,1,4.94,3,0,0.1962,1
VALMO_ORD_0000217,CUST_039005,"House No. 96, Beside Govt Hospital, Nehru Road, Bhilai Sector-1 Sbso, Durg, Chhattisgarh, 490001",PREMISE:House No. 96|LANDMARK:Beside Govt Hospital|ROAD:Nehru Road|PIN:490001,4,96,1,245.87,Apparel_Ethnic,0.22,0,20,0.088,0.497,490001,Durg,Durg,Chhattisgarh,3,21.16796,81.34259,3T6-P79-FCC8,1,1,144.6,0.9512,1,6.7,4,0,0.1593,0
VALMO_ORD_0000218,CUST_019777,"Link Road, Gandhi Nagar, Durg, Chhattisgarh, 491227",ROAD:Link Road|LOCALITY:Gandhi Nagar|PIN:491227,3,51,1,506.34,Apparel_Ethnic,0.22,0,4,0.259,0.692,491227,Durg,Durg,Chhattisgarh,3,20.7181,81.40559,3TT-63M-CKLP,0,0,858.6,0.1216,2,10.03,3,0,0.3675,0
VALMO_ORD_0000219,CUST_016821,"House No. 348, Near Railway Crossing, College Road, La Gardens, Kolkata, West Bengal, 700045",PREMISE:House No. 348|LANDMARK:Near Railway Crossing|ROAD:College Road|PIN:700045,4,92,1,768.91,Apparel_Ethnic,0.22,0,5,0.215,0.7,700045,Kolkata,Kolkata,West Bengal,1,22.49683,88.34358,2TF-JP9-P9M4,1,1,596.8,0.8204,0,1.72,2,1,0.1443,0
VALMO_ORD_0000220,CUST_065474,"House No. 269, Gali Number 8, Parinche, Pune, Maharashtra, 412311",PREMISE:House No. 269|PIN:412311,2,65,0,305.05,Apparel_Western,0.2,0,4,0.197,0.573,412311,Pune,Pune,Maharashtra,1,18.19117,74.07995,4J9-8J6-6LF7,1,0,25.1,0.6373,2,9.93,4,1,0.0586,0
VALMO_ORD_0000221,CUST_068868,"Bypass Road, Bijaipur, Mirzapur, Uttar Pradesh, 231303",ROAD:Bypass Road|LOCALITY:Bijaipur|PIN:231303,3,54,1,711.57,Apparel_Ethnic,0.22,0,9,0.191,0.797,231303,Mirzapur,Mirzapur,Uttar Pradesh,3,25.21185,82.46904,2JM-57P-MKJ3,0,0,82.5,0.3088,1,6.07,3,1,0.2852,1
VALMO_ORD_0000222,CUST_014353,"Quarter No. 106, Railway Colony, Near Water Tank, Gandhi Marg, Sayla, Surendranagar, Gujarat, 363430",PREMISE:Quarter No. 106|LANDMARK:Near Water Tank|ROAD:Gandhi Marg|LOCALITY:Railway Colony|PIN:363430,5,100,1,570.69,Footwear,0.19,0,7,0.412,0.539,363430,Surendranagar,Surendranagar,Gujarat,3,22.46051,71.39095,JT9-KFC-TMFF,1,1,252.1,0.9177,1,4.3,3,1,0.2086,0
VALMO_ORD_0000223,CUST_066914,"Block A, Sector 341, Gali Number 5, Subhash Nagar, Bangalore, Karnataka, 560078",PREMISE:Block A|LOCALITY:Subhash Nagar|PIN:560078,3,79,1,531.0,Apparel_Western,0.2,1,0,0.0,0.74,560078,Bangalore,Bangalore,Karnataka,1,12.89761,77.59255,4P3-KF8-MP5T,1,0,274.2,0.5446,0,1.87,2,0,0.1721,1
VALMO_ORD_0000224,CUST_013134,"Shop No. 284, Grain Market, Near Water Tank, Industrial Area Phase 9, Sellur, Madurai, Tamil Nadu, 625002",PREMISE:Shop No. 284|LANDMARK:Grain Market|LOCALITY:Industrial Area Phase|PIN:625002,4,105,1,266.72,Apparel_Ethnic,0.22,0,10,0.138,0.676,625002,Madurai,Madurai,Tamil Nadu,2,9.94918,78.12987,M95-LFF-2L84,1,1,290.7,0.915,0,0.61,2,0,0.1294,0
VALMO_ORD_0000225,CUST_012206,"Ward No. 164, Mohalla Patel Nagar, Gali Number 1, Shastri Nagar, Lucknow, Uttar Pradesh, 226103",PREMISE:Ward No. 164|LOCALITY:Mohalla Patel Nagar|PIN:226103,3,95,1,260.77,Footwear,0.19,0,9,0.092,0.621,226103,Lucknow,Lucknow,Uttar Pradesh,2,26.97812,80.66021,379-2LK-M6LT,1,0,167.3,0.5734,2,10.3,3,0,0.2376,1
VALMO_ORD_0000226,CUST_007683,"Beside Govt Hospital, Subhash Path, Bhatoli, Alipore, West Bengal, 743123",LANDMARK:Beside Govt Hospital|ROAD:Subhash Path|PIN:743123,3,73,1,713.22,Apparel_Ethnic,0.22,0,8,0.158,0.722,743123,Alipore,North 24 Parganas,West Bengal,3,22.85191,88.40545,26L-MJC-257T,0,1,268.6,0.6033,1,3.24,3,1,0.2339,0
VALMO_ORD_0000227,CUST_078879,"Behind Sai Baba Hospital, Ring Road, Haliwara A D, Ludhiana, Punjab, 141106",LANDMARK:Behind Sai Baba Hospital|ROAD:Ring Road|PIN:141106,3,75,0,425.85,Apparel_Ethnic,0.22,1,0,0.0,0.905,141106,Ludhiana,Ludhiana,Punjab,2,30.73558,75.61372,CM3-PFP-3K4M,0,1,238.4,0.6305,0,1.24,3,0,0.0425,0
VALMO_ORD_0000228,CUST_052762,"Flat 502, Vrindavan Apartments, Behind Laxmi Hospital, Industrial Area Phase 4, Purani Basti, Palamu, Jharkhand, 822126",PREMISE:Flat 502|LANDMARK:Behind Laxmi Hospital|LOCALITY:Industrial Area Phase|PIN:822126,4,119,1,578.14,Apparel_Western,0.2,1,0,0.0,0.284,822126,Palamu,Palamu,Jharkhand,3,23.88692,84.30528,24J-TT6-K57C,1,1,177.5,0.9457,0,2.81,4,1,0.1844,0
VALMO_ORD_0000229,CUST_054832,"Holding No. 115, Basti Kalyan Nagar, Near Peepal Ka Ped, Gali Number 2, Solai Street, Chennai, Tamil Nadu, 600023",LANDMARK:Near Peepal Ka Ped|ROAD:Solai Street|LOCALITY:Basti Kalyan Nagar|PIN:600023,4,113,0,287.95,Apparel_Western,0.2,0,10,0.421,0.85,600023,Chennai,Chennai,Tamil Nadu,1,13.07567,80.23525,4T3-8LF-KM53,0,1,821.0,0.4854,0,2.15,3,4,0.0703,0
VALMO_ORD_0000230,CUST_037929,"Vrindavan Residency, Flat 252, Main Bazaar Road, Patel Nagar, North 24 Parganas, West Bengal, 743445",PREMISE:Vrindavan Residency|ROAD:Main Bazaar Road|LOCALITY:Patel Nagar|PIN:743445,4,100,1,773.94,Personal_Care,0.08,0,3,0.078,0.846,743445,North 24 Parganas,North 24 Parganas,West Bengal,3,22.61126,88.73685,2TF-8MT-M94J,1,0,430.2,0.5192,2,7.38,4,0,0.2629,0
VALMO_ORD_0000231,CUST_017723,"Patel Niwas, Room 112, Near Water Tank, Kalyan Marg, Purani Basti, Hyderabad, Telangana, 500076",PREMISE:Patel Niwas|LANDMARK:Near Water Tank|ROAD:Kalyan Marg|LOCALITY:Purani Basti|PIN:500076,5,95,1,503.71,Apparel_Western,0.2,1,0,0.0,0.625,500076,Hyderabad,Hyderabad,Telangana,1,17.34397,78.54071,422-57T-CJ7K,1,1,31.3,0.9733,1,5.68,3,0,0.1448,0
VALMO_ORD_0000232,CUST_014473,"Behind Reliance Fresh, Main Bazaar Road, Gandhi Nagar, Mysore, Karnataka, 571313",LANDMARK:Behind Reliance Fresh|ROAD:Main Bazaar Road|LOCALITY:Gandhi Nagar|PIN:571313,4,80,1,472.14,Footwear,0.19,0,12,0.457,0.576,571313,Mysore,Mysore,Karnataka,2,11.92895,76.94701,4MT-8PM-8T9J,0,1,138.7,0.6326,2,10.23,3,1,0.2929,0
VALMO_ORD_0000233,CUST_003857,"Near Bus Stand, Subhash Path, Gandhi Nagar, Saharanpur, Uttar Pradesh, 247551",LANDMARK:Near Bus Stand|ROAD:Subhash Path|LOCALITY:Gandhi Nagar|PIN:247551,4,77,1,567.54,Apparel_Ethnic,0.22,0,5,0.199,0.553,247551,Saharanpur,Saharanpur,Uttar Pradesh,2,29.78654,77.66118,CPM-JPT-J622,0,1,307.5,0.6121,1,3.81,3,0,0.1888,0
VALMO_ORD_0000234,CUST_032041,"Gupta Residency, Flat 350, Beside Govt Hospital, Bypass Road, Vijayapura, Vijayapura, Karnataka, 562135",PREMISE:Gupta Residency|LANDMARK:Beside Govt Hospital|ROAD:Bypass Road|PIN:562135,4,103,1,506.8,Apparel_Ethnic,0.22,0,10,0.18,0.392,562135,Vijayapura,Bangalore,Karnataka,1,13.15831,77.71364,4P3-CFM-J7F5,1,1,136.7,0.9352,1,5.56,4,0,0.1322,0
VALMO_ORD_0000235,CUST_068500,"Gandhi Marg, Azad Nagar, Chatrapur, Odisha, 761104",ROAD:Gandhi Marg|LOCALITY:Azad Nagar|PIN:761104,3,50,1,639.45,Apparel_Western,0.2,1,0,0.0,0.235,761104,Chatrapur,Ganjam,Odisha,3,19.5816,84.74162,5C3-6KF-7ML6,0,0,64.7,0.3011,1,3.01,2,0,0.284,0
VALMO_ORD_0000236,CUST_016619,"Plot No. 26, Gali 7, Subhash Path, Patel Nagar, Hyderabad, Telangana, 500091",PREMISE:Plot No. 26|ROAD:Subhash Path|LOCALITY:Patel Nagar|PIN:500091,4,76,1,531.23,Electronics_Accessories,0.12,0,5,0.122,0.629,500091,Hyderabad,Hyderabad,Telangana,1,17.35554,78.38482,422-473-PF77,1,0,590.2,0.479,0,0.73,3,1,0.171,0
VALMO_ORD_0000237,CUST_054802,"Plot No. 334, Gali 7, Industrial Area Phase 6, Adarsh Nagar, Vizianagaram, Andhra Pradesh, 535002",PREMISE:Plot No. 334|LOCALITY:Industrial Area Phase|PIN:535002,3,97,1,457.39,Apparel_Western,0.2,0,14,0.067,0.648,535002,Vizianagaram,Vizianagaram,Andhra Pradesh,3,18.11412,83.42252,5J8-CPP-2T73,1,0,21.4,0.6247,0,1.46,2,0,0.1731,0
VALMO_ORD_0000238,CUST_019468,"Industrial Area Phase 5, Gandhi Nagar, Beed, Maharashtra, 431515",LOCALITY:Industrial Area Phase|PIN:431515,2,64,1,564.02,Footwear,0.19,1,0,0.0,0.296,431515,Beed,Beed,Maharashtra,3,18.82922,76.54752,4C6-LTK-9J4F,0,0,229.5,0.2816,2,17.92,3,0,0.3577,0
VALMO_ORD_0000239,CUST_072429,"Ward No. 96, Mohalla Kalyan Nagar, Near Hanuman Temple, College Road, Subhash Nagar, Gurdaspur, Punjab, 144502",PREMISE:Ward No. 96|LANDMARK:Near Hanuman Temple|ROAD:College Road|LOCALITY:Mohalla Kalyan Nagar|PIN:144502,5,110,1,306.14,Home_Kitchen,0.13,0,17,0.001,0.88,144502,Gurdaspur,Gurdaspur,Punjab,3,31.13343,75.83272,CM3-826-F6JK,1,1,258.5,0.9031,1,6.46,3,1,0.1738,0
VALMO_ORD_0000240,CUST_040584,"Khata No. 114, Village Rampur, Opposite State Bank of India, Kalyan Marg, Patel Nagar, Pudukottai, Tamil Nadu, 622406",PREMISE:Khata No. 114|LANDMARK:Opposite State Bank of India|ROAD:Kalyan Marg|LOCALITY:Village Rampur|PIN:622406,5,117,1,377.7,Apparel_Ethnic,0.22,0,5,0.16,0.496,622406,Pudukottai,Pudukottai,Tamil Nadu,3,10.2869,78.67204,M95-865-F874,1,1,155.1,0.9188,0,0.73,4,0,0.1471,0
VALMO_ORD_0000241,CUST_003429,"Near Railway Crossing, Industrial Area Phase 7, Bagore, Bhilwara, Rajasthan, 311402",LANDMARK:Near Railway Crossing|LOCALITY:Industrial Area Phase|PIN:311402,3,83,0,416.42,Apparel_Ethnic,0.22,0,8,0.011,0.805,311402,Bhilwara,Bhilwara,Rajasthan,3,25.39078,74.38844,3JT-3CP-6C6J,0,1,177.0,0.6438,0,1.62,3,1,0.0441,0
VALMO_ORD_0000242,CUST_003777,"Nehru Road, Chhota Udepur, Vadodara, Gujarat, 391165",ROAD:Nehru Road|LOCALITY:Chhota Udepur|PIN:391165,3,52,0,227.93,Apparel_Ethnic,0.22,0,9,0.193,0.904,391165,Vadodara,Vadodara,Gujarat,2,22.33129,74.02547,3L9-5TM-54FL,0,0,50.5,0.2708,0,2.19,4,0,0.0498,0
VALMO_ORD_0000243,CUST_018579,"Near Water Tank, Gali Number 6, Azad Nagar, Ernakulam, Kerala, 683544",LANDMARK:Near Water Tank|LOCALITY:Azad Nagar|PIN:683544,3,69,0,609.07,Home_Kitchen,0.13,1,0,0.0,0.304,683544,Ernakulam,Ernakulam,Kerala,3,10.15729,76.45322,MC6-JKC-TF23,0,1,178.7,0.6376,0,0.8,2,0,0.0466,0
VALMO_ORD_0000244,CUST_076925,"Khata No. 276, Village Rampur, Opposite HP Petrol Pump, Station Road, Bidadi, Bangalore, Karnataka, 562109",PREMISE:Khata No. 276|LANDMARK:Opposite HP Petrol Pump|ROAD:Station Road|LOCALITY:Village Rampur|PIN:562109,5,106,1,545.43,Footwear,0.19,1,0,0.0,0.752,562109,Bangalore,Bangalore,Karnataka,1,12.77661,77.36047,4PJ-5P4-LFF8,1,1,969.2,0.7132,0,1.05,3,0,0.1521,0
VALMO_ORD_0000245,CUST_061724,"Khata No. 181, Village Rampur, Near Govt Primary School, Bypass Road, Jairampur, Jairampur, Arunachal Pradesh, 792121",PREMISE:Khata No. 181|LANDMARK:Near Govt Primary School|ROAD:Bypass Road|LOCALITY:Village Rampur|PIN:792121,5,117,1,518.82,Apparel_Ethnic,0.22,0,11,0.092,0.371,792121,Jairampur,Tirap,Arunachal Pradesh,3,27.3525,96.02982,79M-T3C-J226,1,1,250.6,0.9128,2,15.82,4,0,0.2138,0
VALMO_ORD_0000246,CUST_077775,"Holding No. 151, Basti Gandhi Nagar, Hospital Road, P B Marg, Mumbai, Maharashtra, 400008",ROAD:Hospital Road|LOCALITY:Basti Gandhi Nagar|PIN:400008,3,89,0,466.16,Personal_Care,0.08,0,6,0.066,0.243,400008,Mumbai,Mumbai,Maharashtra,1,18.88944,72.93835,4FK-TJM-8MT6,0,0,445.8,0.2182,1,6.06,4,1,0.054,0
VALMO_ORD_0000247,CUST_049100,"Quarter No. 179, Railway Colony, Ring Road, Gandhi Nagar, East Godavari, Andhra Pradesh, 533450",PREMISE:Quarter No. 179|ROAD:Ring Road|LOCALITY:Railway Colony|PIN:533450,4,95,1,395.11,Apparel_Western,0.2,0,7,0.345,0.619,533450,East Godavari,East Godavari,Andhra Pradesh,3,17.10544,82.25783,5J4-CC5-FT53,1,0,1821.7,0.3984,0,0.94,3,2,0.2815,1
VALMO_ORD_0000248,CUST_019680,"Quarter No. 195, Railway Colony, Behind Post Office, Subhash Path, Almora Ho., Almora, Uttarakhand, 263601",PREMISE:Quarter No. 195|LANDMARK:Behind Post Office|ROAD:Subhash Path|LOCALITY:Railway Colony|PIN:263601,5,106,0,512.24,Electronics_Accessories,0.12,1,0,0.0,0.852,263601,Almora,Almora,Uttarakhand,3,29.60121,79.63845,CTL-P7F-JTL9,1,1,149.0,0.9035,1,6.4,3,0,0.0436,0
VALMO_ORD_0000249,CUST_011781,"Ward No. 181, Mohalla Gandhi Nagar, Station Road, Kalyan Nagar, Chennai, Tamil Nadu, 600097",PREMISE:Ward No. 181|ROAD:Station Road|LOCALITY:Mohalla Gandhi Nagar|PIN:600097,4,91,0,235.44,Apparel_Ethnic,0.22,0,5,0.157,0.513,600097,Chennai,Chennai,Tamil Nadu,1,12.82729,80.19979,4T3-56F-LMKL,1,0,76.9,0.6145,0,1.58,2,3,0.049,0
VALMO_ORD_0000250,CUST_077107,"Khata No. 330, Village Rampur, Opposite Panchayat Bhawan, Temple Street, Subhash Nagar, Bidar, Karnataka, 585310",PREMISE:Khata No. 330|LANDMARK:Opposite Panchayat Bhawan|ROAD:Temple Street|LOCALITY:Village Rampur|PIN:585310,5,112,0,478.09,Footwear,0.19,1,0,0.0,0.584,585310,Bidar,Bidar,Karnataka,3,17.00034,76.61988,436-CMK-8KLK,1,1,16.2,0.9782,1,3.88,5,1,0.0484,0
VALMO_ORD_0000251,CUST_015397,"Krishna Residency, Flat 567, Near Govt Primary School, Nehru Road, Bachhuwaban, Gopeshwar, Uttarakhand, 246488",PREMISE:Krishna Residency|LANDMARK:Near Govt Primary School|ROAD:Nehru Road|PIN:246488,4,110,1,658.34,Apparel_Western,0.2,0,2,0.054,0.598,246488,Gopeshwar,Chamoli,Uttarakhand,3,30.22437,79.31342,CTK-KM7-K737,1,1,280.6,0.9044,0,1.25,3,1,0.1593,1
VALMO_ORD_0000252,CUST_039661,"Near Peepal Ka Ped, Gali Number 4, Adarsh Nagar, Mangalore, Karnataka, 574222",LANDMARK:Near Peepal Ka Ped|LOCALITY:Adarsh Nagar|PIN:574222,3,77,1,435.51,Footwear,0.19,0,13,0.029,0.602,574222,Mangalore,Dak. Kannada,Karnataka,2,12.84747,75.05023,4MJ-5J5-KP9F,0,1,86.7,0.6557,0,1.2,4,0,0.1475,0
VALMO_ORD_0000253,CUST_067482,"Gupta Residency, Flat 156, Nehru Road, Air Force Academy, Hyderabad, Telangana, 500043",PREMISE:Gupta Residency|ROAD:Nehru Road|PIN:500043,3,86,0,227.27,Apparel_Ethnic,0.22,0,1,0.01,0.174,500043,Hyderabad,Hyderabad,Telangana,1,17.56184,78.44357,422-9MK-J8T8,1,0,75.2,0.6106,1,6.69,4,0,0.0351,0
VALMO_ORD_0000254,CUST_015721,"Cinema Road, J 6Block Rajouri Garden, New Delhi, Delhi, 110027",LANDMARK:J 6Block Rajouri Garden|ROAD:Cinema Road|PIN:110027,3,62,1,348.08,Electronics_Accessories,0.12,0,22,0.095,0.601,110027,New Delhi,West Delhi,Delhi,1,28.62983,77.12152,39J-K8M-8CF7,0,1,279.6,0.6085,0,2.04,4,0,0.1361,0
VALMO_ORD_0000255,CUST_063951,"Bypass Road, Uthupatti B.O, Dindigul, Tamil Nadu, 624206",ROAD:Bypass Road|PIN:624206,2,56,1,408.48,Apparel_Western,0.2,1,0,0.0,0.677,624206,Dindigul,Dindigul,Tamil Nadu,3,10.2122,77.87178,M94-2F6-K8JJ,0,0,39.2,0.3024,2,14.48,3,0,0.3545,0
VALMO_ORD_0000256,CUST_006496,"Verma Niwas, Room 407, Ring Road, Uppilpalayam, Coimbatore, Tamil Nadu, 641015",PREMISE:Verma Niwas|ROAD:Ring Road|PIN:641015,3,78,1,557.56,Footwear,0.19,1,0,0.0,0.376,641015,Coimbatore,Coimbatore,Tamil Nadu,2,11.01683,77.04179,M9F-L3K-TLK3,1,0,294.6,0.5536,2,8.57,5,0,0.2776,0
VALMO_ORD_0000257,CUST_018830,"Shop No. 214, Sabzi Market, Beside Govt Hospital, Temple Street, Kirti Nagar, New Delhi, Delhi, 110015",PREMISE:Shop No. 214|LANDMARK:Sabzi Market|ROAD:Temple Street|LOCALITY:Kirti Nagar|PIN:110015,5,102,0,315.7,Apparel_Ethnic,0.22,0,6,0.012,0.423,110015,New Delhi,North Delhi,Delhi,1,28.66767,77.14275,39J-3LK-KT8M,1,1,262.5,0.8823,1,4.05,3,3,0.0427,0
VALMO_ORD_0000258,CUST_045960,"Block C, Sector 145, Station Road, Kurnad, Mangalore, Karnataka, 574153",PREMISE:Block C|ROAD:Station Road|PIN:574153,3,71,1,448.43,Home_Kitchen,0.13,0,8,0.078,0.925,574153,Mangalore,Dak. Kannada,Karnataka,2,12.77858,74.9587,4MJ-4M6-5875,1,0,205.4,0.5866,1,4.19,3,0,0.1773,0
VALMO_ORD_0000259,CUST_011095,"Kalyan Marg, Bedeti, Tezpur, Assam, 784179",ROAD:Kalyan Marg|LOCALITY:Tezpur|PIN:784179,3,42,1,569.92,Electronics_Accessories,0.12,1,0,0.0,0.245,784179,Tezpur,Sonitpur,Assam,3,26.89621,93.44622,73C-K68-J8C9,0,0,85.3,0.2803,2,12.03,3,0,0.3515,0
VALMO_ORD_0000260,CUST_058647,"Flat 371, Sharma Apartments, Gali Number 9, Kotavratla, Vizianagaram, Andhra Pradesh, 531085",PREMISE:Flat 371|PIN:531085,2,92,1,465.46,Apparel_Ethnic,0.22,1,0,0.0,0.337,531085,Vizianagaram,Vizianagaram,Andhra Pradesh,3,17.5467,82.65072,5J2-JF9-8973,1,0,20.6,0.6143,0,1.29,2,0,0.2072,0
VALMO_ORD_0000261,CUST_026647,"Shanti Residency, Flat 499, Link Road, Goharganj, Raisen, Madhya Pradesh, 464990",PREMISE:Shanti Residency|ROAD:Link Road|PIN:464990,3,80,1,203.55,Apparel_Western,0.2,0,6,0.022,0.45,464990,Raisen,Raisen,Madhya Pradesh,3,23.01086,77.66432,35M-K96-23C3,1,0,54.6,0.6252,0,0.81,4,0,0.1697,0
VALMO_ORD_0000262,CUST_010154,"Flat 550, Krishna Apartments, Near Krishna Mandir, Main Bazaar Road, Dhemaji, Dhemaji, Assam, 787057",PREMISE:Flat 550|LANDMARK:Near Krishna Mandir|ROAD:Main Bazaar Road|PIN:787057,4,100,0,318.87,Home_Kitchen,0.13,0,4,0.061,0.721,787057,Dhemaji,Dhemaji,Assam,3,27.38631,94.28991,7CP-P88-JTM3,1,1,72.7,0.9131,2,13.2,3,0,0.0486,0
VALMO_ORD_0000263,CUST_020925,"Bypass Road, Nachandupatti, Pudukottai, Tamil Nadu, 622404",ROAD:Bypass Road|PIN:622404,2,58,1,449.21,Home_Kitchen,0.13,0,4,0.512,0.7,622404,Pudukottai,Pudukottai,Tamil Nadu,3,10.29335,78.72924,M96-F4J-2866,0,0,20.0,0.3199,0,2.64,2,2,0.3076,0
VALMO_ORD_0000264,CUST_000285,"Cinema Road, Rajajinagar Bhashyam, Bangalore, Karnataka, 560010",ROAD:Cinema Road|LOCALITY:Rajajinagar|PIN:560010,3,63,1,267.1,Apparel_Ethnic,0.22,0,9,0.07,0.808,560010,Bangalore,Bangalore,Karnataka,1,13.00698,77.53393,4PJ-77F-5866,0,0,365.2,0.2498,2,9.37,3,1,0.2921,0
VALMO_ORD_0000265,CUST_061400,"Flat 593, Patel Apartments, Near Hanuman Temple, Station Road, St Thomas Town, Bangalore, Karnataka, 560084",PREMISE:Flat 593|LANDMARK:Near Hanuman Temple|ROAD:Station Road|PIN:560084,4,107,0,657.04,Apparel_Ethnic,0.22,1,0,0.0,0.443,560084,Bangalore,Bangalore,Karnataka,1,12.99958,77.62976,4P3-J37-25C7,1,1,59.2,0.9805,0,1.18,2,2,0.0369,0
VALMO_ORD_0000266,CUST_054732,"Flat 101, Vrindavan Apartments, Near Bus Stand, Gali Number 1, Chabeypur, Kanpur, Uttar Pradesh, 209203",PREMISE:Flat 101|LANDMARK:Near Bus Stand|LOCALITY:Chabeypur|PIN:209203,4,103,1,260.91,Footwear,0.19,0,11,0.113,0.682,209203,Kanpur,Kanpur,Uttar Pradesh,2,26.6485,80.2052,373-97F-25TP,1,1,261.8,0.9091,0,2.17,4,0,0.1272,0
VALMO_ORD_0000267,CUST_006463,"Gokul Niwas, Room 661, Near Water Tank, Station Road, Lalsot, Lalsot, Rajasthan, 303503",PREMISE:Gokul Niwas|LANDMARK:Near Water Tank|ROAD:Station Road|PIN:303503,4,87,1,293.49,Apparel_Ethnic,0.22,0,3,0.254,0.55,303503,Lalsot,Jaipur,Rajasthan,2,26.55897,76.33431,332-8MK-4JLP,1,1,59.1,0.9676,0,2.45,3,0,0.1312,0
VALMO_ORD_0000268,CUST_020882,"Khata No. 101, Village Rampur, Near Water Tank, Station Road, Vimanapura, Bangalore, Karnataka, 560017",PREMISE:Khata No. 101|LANDMARK:Near Water Tank|ROAD:Station Road|LOCALITY:Village Rampur|PIN:560017,5,102,1,435.46,Apparel_Western,0.2,0,14,0.188,0.918,560017,Bangalore,Bangalore,Karnataka,1,12.96046,77.63265,4P3-J47-T727,1,1,353.4,0.8882,1,5.92,3,1,0.1543,0
VALMO_ORD_0000269,CUST_059807,"Holding No. 325, Basti Kalyan Nagar, Near Peepal Ka Ped, Link Road, Kumarghat, Kumarghat, Tripura, 799264",LANDMARK:Near Peepal Ka Ped|ROAD:Link Road|LOCALITY:Basti Kalyan Nagar|PIN:799264,4,105,1,539.9,Apparel_Ethnic,0.22,0,12,0.155,0.733,799264,Kumarghat,North Tripura,Tripura,3,24.14595,92.0787,7K2-6F7-94T9,0,1,576.6,0.5478,0,1.78,4,1,0.2142,0
VALMO_ORD_0000270,CUST_051509,"Main Bazaar Road, Raigarh Ho., Raigarh, Chhattisgarh, 496001",ROAD:Main Bazaar Road|PIN:496001,2,60,1,256.07,Apparel_Western,0.2,1,0,0.0,0.431,496001,Raigarh,Raigarh,Chhattisgarh,3,21.89147,83.36596,2L7-4CJ-4KT5,0,0,38.6,0.3338,0,2.11,4,1,0.2756,1
VALMO_ORD_0000271,CUST_055304,"Flat 368, Yadav Apartments, Behind Reliance Fresh, Gali Number 3, Rasulpur, Meerut, Uttar Pradesh, 250502",PREMISE:Flat 368|LANDMARK:Behind Reliance Fresh|LOCALITY:Rasulpur|PIN:250502,4,105,0,715.43,Apparel_Ethnic,0.22,1,0,0.0,0.662,250502,Meerut,Meerut,Uttar Pradesh,2,29.03948,77.54531,39F-T79-JK27,1,1,287.5,0.8961,0,2.24,2,0,0.0342,0
VALMO_ORD_0000272,CUST_060232,"Block B, Sector 102, Near Water Tank, Bypass Road, Mallikundam, Salem, Tamil Nadu, 636458",PREMISE:Block B|LANDMARK:Near Water Tank|ROAD:Bypass Road|PIN:636458,4,89,0,661.83,Electronics_Accessories,0.12,0,7,0.168,0.63,636458,Salem,Salem,Tamil Nadu,2,11.8729,77.91073,4PM-237-5385,1,1,80.4,0.9649,1,5.17,4,1,0.036,0
VALMO_ORD_0000273,CUST_041500,"Ward No. 58, Mohalla Azad Nagar, Opposite State Bank of India, Nehru Road, Mettur Dam North, Salem, Tamil Nadu, 636401",PREMISE:Ward No. 58|LANDMARK:Opposite State Bank of India|ROAD:Nehru Road|LOCALITY:Mohalla Azad Nagar|PIN:636401,5,118,0,242.36,Electronics_Accessories,0.12,0,7,0.038,0.727,636401,Salem,Salem,Tamil Nadu,2,11.79335,77.78642,4PM-3P4-47PP,1,1,135.6,0.9408,1,4.65,3,0,0.0299,0
VALMO_ORD_0000274,CUST_078504,"Patel Residency, Flat 761, Behind Reliance Fresh, Gali Number 6, Jaipur 14 Ddapostal Jai, Jaipur, Rajasthan, 302014",PREMISE:Patel Residency|LANDMARK:Behind Reliance Fresh|LOCALITY:Jaipur|PIN:302014,4,115,0,300.79,Apparel_Ethnic,0.22,0,5,0.047,0.504,302014,Jaipur,Jaipur,Rajasthan,2,26.86723,75.80185,33C-64T-59TC,1,1,149.8,0.9426,0,0.88,2,1,0.0307,0
VALMO_ORD_0000275,CUST_032015,"Block B, Sector 166, Opposite State Bank of India, Kalyan Marg, Shastri Nagar, Mysore, Karnataka, 570012",PREMISE:Block B|LANDMARK:Opposite State Bank of India|ROAD:Kalyan Marg|LOCALITY:Shastri Nagar|PIN:570012,5,104,1,220.88,Apparel_Ethnic,0.22,1,0,0.0,0.193,570012,Mysore,Mysore,Karnataka,2,12.32563,76.62579,4M6-4C4-C9TL,1,1,170.6,0.929,0,2.62,3,0,0.1481,1
VALMO_ORD_0000276,CUST_038090,"Block A, Sector 244, Station Road, Purani Basti, Bhopal, Madhya Pradesh, 462020",PREMISE:Block A|ROAD:Station Road|LOCALITY:Purani Basti|PIN:462020,4,79,1,322.34,Apparel_Western,0.2,0,8,0.062,0.86,462020,Bhopal,Bhopal,Madhya Pradesh,2,23.23232,77.45403,35L-8K7-92PL,1,0,13.7,0.6258,2,12.89,5,0,0.2276,0
VALMO_ORD_0000277,CUST_000012,"Block A, Sector 146, Behind Reliance Fresh, College Road, Kalyan Nagar, Jaipur, Rajasthan, 302007",PREMISE:Block A|LANDMARK:Behind Reliance Fresh|ROAD:College Road|LOCALITY:Kalyan Nagar|PIN:302007,5,97,1,301.36,Apparel_Ethnic,0.22,0,3,0.253,0.507,302007,Jaipur,Jaipur,Rajasthan,2,26.8952,75.78419,33C-64C-22P5,1,1,49.4,0.9836,1,3.44,5,0,0.1487,0
VALMO_ORD_0000278,CUST_065339,"Patel Niwas, Room 346, Behind Reliance Fresh, Bypass Road, Nallosapare E S.O, Thane, Maharashtra, 401209",PREMISE:Patel Niwas|LANDMARK:Behind Reliance Fresh|ROAD:Bypass Road|PIN:401209,4,104,1,561.86,Footwear,0.19,0,14,0.068,0.631,401209,Thane,Thane,Maharashtra,2,19.41476,72.8215,4FJ-P4L-2M4J,1,1,22.0,0.9649,1,3.53,3,3,0.1974,1
VALMO_ORD_0000279,CUST_003208,"Quarter No. 126, Railway Colony, Temple Street, Dhenkikote, Kendujhar, Odisha, 758029",PREMISE:Quarter No. 126|ROAD:Temple Street|LOCALITY:Railway Colony|PIN:758029,4,85,1,656.48,Home_Kitchen,0.13,0,2,0.17,0.901,758029,Kendujhar,Kendujhar,Odisha,3,21.51261,85.83344,2M6-9TC-LF6J,1,0,214.6,0.5704,1,5.66,3,0,0.2086,0
VALMO_ORD_0000280,CUST_068157,"Verma Niwas, Room 734, Opposite State Bank of India, Industrial Area Phase 9, Kalyan Nagar, Belgaum, Karnataka, 591103",PREMISE:Verma Niwas|LANDMARK:Opposite State Bank of India|LOCALITY:Industrial Area Phase|PIN:591103,4,118,1,455.2,Apparel_Ethnic,0.22,1,0,0.0,0.893,591103,Belgaum,Belgaum,Karnataka,2,15.90072,74.67573,4K8-84T-2F6L,1,1,138.8,0.9476,2,13.56,3,1,0.2433,1
VALMO_ORD_0000281,CUST_079436,"Industrial Area Phase 6, Kalyan Nagar, Patna, Bihar, 803302",LOCALITY:Industrial Area Phase|PIN:803302,2,59,0,213.08,Apparel_Ethnic,0.22,0,3,0.09,0.711,803302,Patna,Patna,Bihar,2,25.45235,85.89785,23T-8MF-49KF,0,0,29.1,0.3368,2,17.29,4,0,0.0709,0
VALMO_ORD_0000282,CUST_011095,"Near Hanuman Temple, Nehru Road, Adarsh Nagar, Aurangabad, Bihar, 814147",LANDMARK:Near Hanuman Temple|ROAD:Nehru Road|LOCALITY:Adarsh Nagar|PIN:814147,4,72,1,328.96,Apparel_Ethnic,0.22,0,4,0.415,0.735,814147,Aurangabad,Aurangabad,Bihar,2,24.94723,87.29911,259-CJ6-8F87,0,1,477.2,0.5719,1,5.75,2,2,0.2648,0
VALMO_ORD_0000283,CUST_011235,"Plot No. 100, Gali 12, Nehru Road, Kalyan Nagar, Kolkata, West Bengal, 700023",PREMISE:Plot No. 100|ROAD:Nehru Road|LOCALITY:Kalyan Nagar|PIN:700023,4,77,1,228.9,Apparel_Ethnic,0.22,0,3,0.01,0.972,700023,Kolkata,Kolkata,West Bengal,1,22.53921,88.32411,2TF-J2L-MP6P,1,0,182.1,0.5941,0,2.22,3,1,0.1552,0
VALMO_ORD_0000284,CUST_070930,"Flat 589, Singh Apartments, Near Durga Mandir, Kalyan Marg, Dhanvantri Nagar, Pondicherry, Pondicherry, 605006",PREMISE:Flat 589|LANDMARK:Near Durga Mandir|ROAD:Kalyan Marg|LOCALITY:Dhanvantri Nagar|PIN:605006,5,110,1,324.31,Electronics_Accessories,0.12,1,0,0.0,0.748,605006,Pondicherry,Pondicherry,Pondicherry,3,11.93888,79.79938,4TL-8T5-9JFC,1,1,683.0,0.8162,2,16.08,5,0,0.2558,0
VALMO_ORD_0000285,CUST_016309,"Khata No. 124, Village Rampur, Near Railway Crossing, Bypass Road, Kalyan Nagar, Nashik, Maharashtra, 422208",PREMISE:Khata No. 124|LANDMARK:Near Railway Crossing|ROAD:Bypass Road|LOCALITY:Village Rampur|PIN:422208,5,108,1,883.74,Apparel_Western,0.2,1,0,0.0,0.193,422208,Nashik,Nashik,Maharashtra,2,20.24556,73.57268,4FC-7P9-LL8L,1,1,172.8,0.9011,0,2.53,3,0,0.1501,0
VALMO_ORD_0000286,CUST_000465,"Opposite Shiv Mandir, Link Road, Mahamahopadhyaya Dr K M, Mumbai, Maharashtra, 400032",LANDMARK:Opposite Shiv Mandir|ROAD:Link Road|PIN:400032,3,85,1,442.32,Apparel_Ethnic,0.22,1,0,0.0,0.494,400032,Mumbai,Mumbai,Maharashtra,1,18.91664,72.83645,4FK-P39-CK36,0,1,28.7,0.6463,0,2.61,3,3,0.229,0
VALMO_ORD_0000287,CUST_017064,"Khata No. 300, Village Rampur, Near Govt Primary School, College Road, Azad Nagar, Dhenkanal, Odisha, 759132",PREMISE:Khata No. 300|LANDMARK:Near Govt Primary School|ROAD:College Road|LOCALITY:Village Rampur|PIN:759132,5,108,1,734.51,Apparel_Western,0.2,1,0,0.0,0.799,759132,Dhenkanal,Dhenkanal,Odisha,3,20.7354,85.09507,2MP-423-FL2P,1,1,136.1,0.954,1,4.03,2,1,0.2084,0
VALMO_ORD_0000288,CUST_069778,"Shop No. 303, Sabzi Market, Bypass Road, Nimabalkar, Pune, Maharashtra, 412103",PREMISE:Shop No. 303|LANDMARK:Sabzi Market|ROAD:Bypass Road|PIN:412103,4,78,1,783.31,Home_Kitchen,0.13,0,13,0.179,0.373,412103,Pune,Pune,Maharashtra,1,18.06026,74.39664,4J8-337-6J26,1,1,18.9,0.9653,0,2.66,3,0,0.1088,0
VALMO_ORD_0000289,CUST_028444,"Plot No. 76, Gali 1, Near Sai Baba Mandir, Station Road, Beerpur Than B.O, Moradabad, Uttar Pradesh, 244104",PREMISE:Plot No. 76|LANDMARK:Near Sai Baba Mandir|ROAD:Station Road|LOCALITY:Beerpur|PIN:244104,5,107,1,368.91,Apparel_Ethnic,0.22,0,5,0.14,0.458,244104,Moradabad,Moradabad,Uttar Pradesh,2,28.8508,78.90578,397-C5J-T3M3,1,1,408.0,0.8804,1,4.25,4,0,0.1524,0
VALMO_ORD_0000290,CUST_027961,"Quarter No. 343, Railway Colony, College Road, Gangotri B.O, Uttarkashi, Uttarakhand, 249135",PREMISE:Quarter No. 343|ROAD:College Road|LOCALITY:Railway Colony|PIN:249135,4,92,1,165.62,Electronics_Accessories,0.12,0,11,0.241,0.581,249135,Uttarkashi,Uttarkashi,Uttarakhand,3,30.91687,78.71686,CP7-JL6-MC46,1,0,672.2,0.478,1,3.73,3,2,0.2826,1
VALMO_ORD_0000291,CUST_055806,"Near Water Tank, Link Road, Seethanagaram, East Godavari, Andhra Pradesh, 533287",LANDMARK:Near Water Tank|ROAD:Link Road|PIN:533287,3,80,1,408.23,Apparel_Ethnic,0.22,0,2,0.422,0.705,533287,East Godavari,East Godavari,Andhra Pradesh,3,17.19397,81.67301,5JJ-MK8-957T,0,1,67.5,0.6435,2,17.85,4,0,0.2887,0
VALMO_ORD_0000292,CUST_070445,"Holding No. 335, Basti Patel Nagar, Behind Laxmi Hospital, Nehru Road, Dalmau, Dalmau, Uttar Pradesh, 229203",LANDMARK:Behind Laxmi Hospital|ROAD:Nehru Road|LOCALITY:Basti Patel Nagar|PIN:229203,4,108,1,405.39,Apparel_Western,0.2,1,0,0.0,0.735,229203,Dalmau,Raibareilly,Uttar Pradesh,2,26.07868,81.05309,376-F73-J932,0,1,228.7,0.6388,1,5.33,3,0,0.2056,0
VALMO_ORD_0000293,CUST_010995,"Plot No. 179, Gali 8, College Road, Anapur, Allahabad, Uttar Pradesh, 229411",PREMISE:Plot No. 179|ROAD:College Road|LOCALITY:Anapur|PIN:229411,4,76,0,491.3,Apparel_Ethnic,0.22,0,14,0.184,0.841,229411,Allahabad,Allahabad,Uttar Pradesh,2,25.60086,81.63164,2JK-L6P-6695,1,0,65.7,0.6189,1,6.73,4,2,0.0573,0
VALMO_ORD_0000294,CUST_079104,"Verma Residency, Flat 344, Near Bus Stand, Industrial Area Phase 1, Patel Nagar, Agra, Uttar Pradesh, 283101",PREMISE:Verma Residency|LANDMARK:Near Bus Stand|LOCALITY:Industrial Area Phase|PIN:283101,4,108,1,789.4,Apparel_Ethnic,0.22,0,3,0.021,0.902,283101,Agra,Agra,Uttar Pradesh,2,27.31021,77.74994,39M-M43-C4J6,1,1,685.2,0.813,0,1.09,3,1,0.15,0
VALMO_ORD_0000295,CUST_071737,"Nehru Road, Vasant Vihar I, New Delhi, Delhi, 110057",ROAD:Nehru Road|LOCALITY:Vasant Vihar|PIN:110057,3,52,1,295.32,Electronics_Accessories,0.12,0,14,0.238,0.49,110057,New Delhi,South Delhi,Delhi,1,28.55962,77.17683,39J-44K-LMT5,0,0,119.1,0.2614,0,2.08,4,1,0.2086,0
VALMO_ORD_0000296,CUST_035562,"Near Water Tank, Kalyan Marg, Azad Nagar, Nellore, Andhra Pradesh, 524413",LANDMARK:Near Water Tank|ROAD:Kalyan Marg|LOCALITY:Azad Nagar|PIN:524413,4,73,1,491.05,Apparel_Western,0.2,0,4,0.096,0.886,524413,Nellore,Nellore,Andhra Pradesh,2,14.09034,80.01209,46M-342-2834,0,1,283.1,0.5979,1,3.39,2,0,0.1814,0
VALMO_ORD_0000297,CUST_013906,"Sharma Niwas, Room 729, Nehru Road, Azad Nagar, Sambalpur, Odisha, 768045",PREMISE:Sharma Niwas|ROAD:Nehru Road|LOCALITY:Azad Nagar|PIN:768045,4,73,1,420.18,Personal_Care,0.08,0,4,0.18,0.614,768045,Sambalpur,Sambalpur,Odisha,3,21.58796,83.4129,2L6-C2C-9P34,1,0,52.0,0.6198,0,1.08,3,0,0.1752,0
VALMO_ORD_0000298,CUST_018209,"Ward No. 171, Mohalla Kalyan Nagar, Behind Post Office, Industrial Area Phase 2, Adarsh Nagar, Ahmedabad, Gujarat, 382245",PREMISE:Ward No. 171|LANDMARK:Behind Post Office|LOCALITY:Mohalla Kalyan Nagar|PIN:382245,4,121,1,601.06,Apparel_Ethnic,0.22,1,0,0.0,0.33,382245,Ahmedabad,Ahmedabad,Gujarat,1,22.95573,72.64331,3KL-4KF-4J7P,1,1,127.2,0.959,2,14.54,3,0,0.1932,0
VALMO_ORD_0000299,CUST_029637,"Near Bus Stand, Link Road, Murbad, Murbad, Maharashtra, 421401",LANDMARK:Near Bus Stand|ROAD:Link Road|PIN:421401,3,62,1,402.54,Electronics_Accessories,0.12,1,0,0.0,0.26,421401,Murbad,Thane,Maharashtra,2,19.25224,73.36402,4F4-9L2-ML7P,0,1,486.5,0.54,0,0.65,2,1,0.2118,0
VALMO_ORD_0000300,CUST_011488,"Near Peepal Ka Ped, Temple Street, Manguraha, Motihari, Bihar, 845458",LANDMARK:Near Peepal Ka Ped|ROAD:Temple Street|PIN:845458,3,69,1,864.71,Apparel_Ethnic,0.22,1,0,0.0,0.598,845458,Motihari,Purba Champaran,Bihar,3,26.63507,84.59195,233-C77-TL2T,0,1,147.3,0.6382,1,4.39,3,1,0.2577,0
VALMO_ORD_0000301,CUST_021875,"Kalyan Marg, Sastan, Mangalore, Karnataka, 576226",ROAD:Kalyan Marg|PIN:576226,2,49,1,206.7,Apparel_Ethnic,0.22,0,7,0.386,0.377,576226,Mangalore,Dak. Kannada,Karnataka,2,13.48545,74.72964,4L8-7T4-9262,0,0,70.3,0.3235,1,3.88,4,0,0.2469,0
VALMO_ORD_0000302,CUST_036729,"Quarter No. 93, Railway Colony, Behind Post Office, Gali Number 6, Adarsh Nagar, Nalagarh, Himachal Pradesh, 174101",PREMISE:Quarter No. 93|LANDMARK:Behind Post Office|LOCALITY:Railway Colony|PIN:174101,4,115,1,547.05,Footwear,0.19,1,0,0.0,0.625,174101,Nalagarh,Solan,Himachal Pradesh,3,31.04897,76.71636,CM7-CTT-P895,1,1,280.4,0.9013,2,11.73,3,1,0.2754,0
VALMO_ORD_0000303,CUST_064934,"Block D, Sector 214, Behind Ram Hospital, Nehru Road, Larji, Kullu, Himachal Pradesh, 175122",PREMISE:Block D|LANDMARK:Behind Ram Hospital|ROAD:Nehru Road|PIN:175122,4,92,1,439.45,Personal_Care,0.08,0,6,0.066,0.585,175122,Kullu,Kullu,Himachal Pradesh,3,31.79435,77.21959,C5L-M5K-TT7F,1,1,136.8,0.9617,1,6.93,4,0,0.1493,1
VALMO_ORD_0000304,CUST_051826,"Block B, Sector 315, Gandhi Marg, Udamalpet South, Coimbatore, Tamil Nadu, 642126",PREMISE:Block B|ROAD:Gandhi Marg|PIN:642126,3,81,1,351.75,Footwear,0.19,1,0,0.0,0.609,642126,Coimbatore,Coimbatore,Tamil Nadu,2,10.58731,77.23896,M9J-42T-L7KF,1,0,173.9,0.5863,2,13.43,3,0,0.272,0
VALMO_ORD_0000305,CUST_030490,"Gupta Niwas, Room 409, Near Peepal Ka Ped, Station Road, Talwasdi Saboo, Bhatinda, Punjab, 151302",PREMISE:Gupta Niwas|LANDMARK:Near Peepal Ka Ped|ROAD:Station Road|PIN:151302,4,97,1,270.29,Apparel_Western,0.2,0,8,0.022,0.945,151302,Bhatinda,Bhatinda,Punjab,3,29.95283,75.09756,CML-9M8-2L56,1,1,54.9,0.9658,0,2.75,3,1,0.1503,0
VALMO_ORD_0000306,CUST_061981,"Plot No. 203, Gali 7, Opposite Panchayat Bhawan, Nehru Road, Azad Nagar, Atul, Gujarat, 396020",PREMISE:Plot No. 203|LANDMARK:Opposite Panchayat Bhawan|ROAD:Nehru Road|LOCALITY:Azad Nagar|PIN:396020,5,94,0,215.11,Apparel_Western,0.2,0,7,0.438,0.314,396020,Atul,Valsad,Gujarat,3,20.55914,72.90368,3LL-P63-7972,1,1,57.7,0.9513,1,6.68,2,0,0.0427,0
VALMO_ORD_0000307,CUST_023200,"Main Bazaar Road, Shastri Nagar, Kandhamal, Odisha, 762102",ROAD:Main Bazaar Road|LOCALITY:Shastri Nagar|PIN:762102,3,58,1,737.98,Electronics_Accessories,0.12,0,1,0.189,0.754,762102,Kandhamal,Kandhamal,Odisha,3,20.13825,84.01389,5CF-462-FK49,0,0,162.0,0.2806,0,1.91,5,1,0.2507,0
VALMO_ORD_0000308,CUST_074662,"Holding No. 223, Basti Purani Basti, Near Shiv Mandir, Subhash Path, Tamar, Ranchi, Jharkhand, 835225",LANDMARK:Near Shiv Mandir|ROAD:Subhash Path|LOCALITY:Basti Purani Basti|PIN:835225,4,101,1,417.69,Apparel_Ethnic,0.22,1,0,0.0,0.546,835225,Ranchi,Ranchi,Jharkhand,2,23.20626,85.60215,24T-CL9-9726,0,1,213.1,0.6132,0,2.29,2,0,0.1853,1
VALMO_ORD_0000309,CUST_004539,"College Road, Guruvayurappan College, Kozhikode, Kerala, 673014",ROAD:College Road|PIN:673014,2,63,1,426.16,Apparel_Ethnic,0.22,1,0,0.0,0.146,673014,Kozhikode,Kozhikode,Kerala,3,11.24988,75.81753,MCC-7PC-3T32,0,0,80.8,0.3044,0,0.61,4,1,0.2822,0
VALMO_ORD_0000310,CUST_001158,"Plot No. 231, Gali 15, Opposite HP Petrol Pump, Hospital Road, Patel Nagar, Barmer, Rajasthan, 344705",PREMISE:Plot No. 231|LANDMARK:Opposite HP Petrol Pump|ROAD:Hospital Road|LOCALITY:Patel Nagar|PIN:344705,5,101,1,767.37,Apparel_Ethnic,0.22,0,7,0.13,0.572,344705,Barmer,Barmer,Rajasthan,3,26.26967,71.19854,J73-5PT-696K,1,1,59.4,0.9508,1,5.33,2,1,0.183,0
VALMO_ORD_0000311,CUST_008297,"Ward No. 41, Mohalla Adarsh Nagar, Near Bus Stand, Cinema Road, Subhash Nagar, Shahabad, Karnataka, 585228",PREMISE:Ward No. 41|LANDMARK:Near Bus Stand|ROAD:Cinema Road|LOCALITY:Mohalla Adarsh Nagar|PIN:585228,5,106,1,839.52,Home_Kitchen,0.13,0,12,0.207,0.964,585228,Shahabad,Gulbarga,Karnataka,2,17.10862,76.98553,436-882-M3P2,1,1,335.3,0.8908,0,1.83,3,0,0.1318,1
VALMO_ORD_0000312,CUST_047470,"Near Railway Crossing, Link Road, Patel Nagar, Nalbari, Assam, 781370",LANDMARK:Near Railway Crossing|ROAD:Link Road|LOCALITY:Patel Nagar|PIN:781370,4,69,1,546.78,Apparel_Ethnic,0.22,0,6,0.076,0.66,781370,Nalbari,Nalbari,Assam,3,26.419,91.35138,7J3-2LK-6CT9,0,1,131.3,0.6335,2,11.44,3,0,0.2548,0
VALMO_ORD_0000313,CUST_056471,"Shanti Residency, Flat 417, Near Railway Crossing, Temple Street, Purani Basti, Gurdaspur, Punjab, 145025",PREMISE:Shanti Residency|LANDMARK:Near Railway Crossing|ROAD:Temple Street|LOCALITY:Purani Basti|PIN:145025,5,105,1,229.37,Apparel_Ethnic,0.22,0,5,0.061,0.556,145025,Gurdaspur,Gurdaspur,Punjab,3,32.24636,75.56693,C4M-C7L-68J5,1,1,50.5,0.9489,1,6.56,3,0,0.1577,0
VALMO_ORD_0000314,CUST_077807,"Khata No. 16, Village Rampur, Opposite State Bank of India, College Road, Patel Nagar, Bilsi, Uttar Pradesh, 243633",PREMISE:Khata No. 16|LANDMARK:Opposite State Bank of India|ROAD:College Road|LOCALITY:Village Rampur|PIN:243633,5,115,0,416.31,Apparel_Ethnic,0.22,1,0,0.0,0.494,243633,Bilsi,Badaun,Uttar Pradesh,3,28.13129,78.95416,396-36P-4M46,1,1,194.1,0.9326,2,11.52,4,3,0.0902,0
VALMO_ORD_0000315,CUST_010691,"Plot No. 266, Gali 15, Main Bazaar Road, Ekangersarai, Biharsharif, Bihar, 801301",PREMISE:Plot No. 266|ROAD:Main Bazaar Road|PIN:801301,3,81,0,529.03,Electronics_Accessories,0.12,0,13,0.225,0.594,801301,Biharsharif,Nalanda,Bihar,3,25.18419,85.28962,23P-56T-F96L,1,0,41.1,0.6282,0,1.56,2,0,0.0416,0
VALMO_ORD_0000316,CUST_007238,"Holding No. 78, Basti Subhash Nagar, Cinema Road, Kalyan Nagar, Cuddapah, Andhra Pradesh, 516115",ROAD:Cinema Road|LOCALITY:Basti Subhash Nagar|PIN:516115,3,96,1,478.56,Footwear,0.19,1,0,0.0,0.277,516115,Cuddapah,Cuddapah,Andhra Pradesh,3,14.18517,79.17609,45T-8M6-2MM8,0,0,75.8,0.3008,1,3.21,3,2,0.3456,1
VALMO_ORD_0000317,CUST_070454,"Block C, Sector 245, Near Peepal Ka Ped, Nehru Road, Amraudha, Amraudha, Uttar Pradesh, 209112",PREMISE:Block C|LANDMARK:Near Peepal Ka Ped|ROAD:Nehru Road|PIN:209112,4,94,1,182.27,Personal_Care,0.08,0,3,0.032,0.676,209112,Amraudha,Kanpur,Uttar Pradesh,2,26.18837,79.84839,373-L4F-LC44,1,1,44.7,0.9705,1,4.48,3,0,0.1295,0
VALMO_ORD_0000318,CUST_002992,"Holding No. 259, Basti Purani Basti, Opposite State Bank of India, Main Bazaar Road, Gandhi Nagar, Coimbatore, Tamil Nadu, 642107",LANDMARK:Opposite State Bank of India|ROAD:Main Bazaar Road|LOCALITY:Basti Purani Basti|PIN:642107,4,129,1,467.01,Home_Kitchen,0.13,0,10,0.271,0.953,642107,Coimbatore,Coimbatore,Tamil Nadu,2,10.6081,77.15774,M9J-4J3-7TK5,0,1,0.5,0.6937,1,4.68,2,2,0.2252,1
VALMO_ORD_0000319,CUST_038062,"Block B, Sector 274, Near Peepal Ka Ped, Subhash Path, Gandhi Nagar, Coimbatore, Tamil Nadu, 642205",PREMISE:Block B|LANDMARK:Near Peepal Ka Ped|ROAD:Subhash Path|LOCALITY:Gandhi Nagar|PIN:642205,5,99,1,458.18,Footwear,0.19,1,0,0.0,0.692,642205,Coimbatore,Coimbatore,Tamil Nadu,2,10.68732,77.21194,M9J-3PF-JM7M,1,1,279.6,0.9253,0,2.57,2,2,0.1872,0
VALMO_ORD_0000320,CUST_009430,"Near Bus Stand, College Road, Adarsh Nagar, Prakasam, Andhra Pradesh, 523247",LANDMARK:Near Bus Stand|ROAD:College Road|LOCALITY:Adarsh Nagar|PIN:523247,4,76,1,327.63,Apparel_Ethnic,0.22,1,0,0.0,0.581,523247,Prakasam,Prakasam,Andhra Pradesh,3,15.77126,79.67689,46F-7KK-9CJ5,0,1,26.8,0.6803,1,6.76,3,0,0.2246,0
VALMO_ORD_0000321,CUST_067604,"Block D, Sector 148, Industrial Area Phase 6, Bihat, Begusarai, Bihar, 851135",PREMISE:Block D|LOCALITY:Industrial Area Phase|PIN:851135,3,77,1,405.37,Apparel_Western,0.2,0,4,0.163,0.887,851135,Begusarai,Begusarai,Bihar,3,25.45372,86.15149,22L-CLC-J68F,1,0,13.7,0.6247,2,8.7,3,0,0.2634,0
VALMO_ORD_0000322,CUST_070220,"Quarter No. 35, Railway Colony, Near Railway Crossing, Nehru Road, Shyampur, Howrah, West Bengal, 711314",PREMISE:Quarter No. 35|LANDMARK:Near Railway Crossing|ROAD:Nehru Road|LOCALITY:Railway Colony|PIN:711314,5,104,1,349.45,Personal_Care,0.08,0,8,0.137,0.792,711314,Howrah,Howrah,West Bengal,2,22.30595,88.07944,2P8-P8K-5C2J,1,1,115.9,0.9406,0,0.96,2,0,0.1209,0
VALMO_ORD_0000323,CUST_047236,"Khata No. 63, Village Rampur, Beside Govt Hospital, College Road, Purani Basti, Bangalore South, Karnataka, 572214",PREMISE:Khata No. 63|LANDMARK:Beside Govt Hospital|ROAD:College Road|LOCALITY:Village Rampur|PIN:572214,5,114,1,285.86,Apparel_Western,0.2,1,0,0.0,0.644,572214,Bangalore South,Tumkur,Karnataka,1,13.37854,76.56235,4M8-K65-J8CL,1,1,40.8,0.9694,0,2.21,3,0,0.1265,0
VALMO_ORD_0000324,CUST_063028,"Khata No. 243, Village Rampur, Opposite HP Petrol Pump, Station Road, Subhash Nagar, Valsad, Gujarat, 396165",PREMISE:Khata No. 243|LANDMARK:Opposite HP Petrol Pump|ROAD:Station Road|LOCALITY:Village Rampur|PIN:396165,5,108,1,361.49,Apparel_Western,0.2,0,1,0.091,0.742,396165,Valsad,Valsad,Gujarat,3,20.15232,72.79998,4FF-5JP-K9L4,1,1,258.8,0.9181,1,4.9,3,0,0.1622,1
VALMO_ORD_0000325,CUST_025019,"Near Peepal Ka Ped, Gali Number 7, Tirtol, Cuttack, Odisha, 754137",LANDMARK:Near Peepal Ka Ped|PIN:754137,2,66,0,955.12,Apparel_Ethnic,0.22,0,7,0.088,0.598,754137,Cuttack,Cuttack,Odisha,2,20.27707,86.34215,59F-242-72T3,0,1,448.7,0.5619,1,3.82,2,1,0.0499,0
VALMO_ORD_0000326,CUST_048038,"Opposite State Bank of India, Subhash Path, Kalyan Nagar, Gangtok, Sikkim, 737107",LANDMARK:Opposite State Bank of India|ROAD:Subhash Path|LOCALITY:Kalyan Nagar|PIN:737107,4,81,1,428.79,Home_Kitchen,0.13,0,5,0.074,0.842,737107,Gangtok,East Sikkim,Sikkim,3,27.36179,88.53779,28L-PFL-287P,0,1,272.7,0.6201,0,2.26,2,0,0.1702,0
VALMO_ORD_0000327,CUST_072018,"Holding No. 218, Basti Patel Nagar, Near Bus Stand, Main Bazaar Road, Khatoli, Kota, Rajasthan, 325009",LANDMARK:Near Bus Stand|ROAD:Main Bazaar Road|LOCALITY:Basti Patel Nagar|PIN:325009,4,102,1,541.12,Apparel_Ethnic,0.22,1,0,0.0,0.569,325009,Kota,Kota,Rajasthan,2,25.67072,76.42227,335-T8P-4KML,0,1,265.7,0.6302,0,1.61,3,0,0.1831,0
VALMO_ORD_0000328,CUST_048447,"Quarter No. 72, Railway Colony, Opposite HP Petrol Pump, Subhash Path, Shastri Nagar, Aland, Karnataka, 573213",PREMISE:Quarter No. 72|LANDMARK:Opposite HP Petrol Pump|ROAD:Subhash Path|LOCALITY:Railway Colony|PIN:573213,5,110,1,489.78,Footwear,0.19,0,6,0.131,0.589,573213,Aland,Hassan,Karnataka,3,12.96948,75.98928,4M2-J6C-LFLK,1,1,181.2,0.9416,0,2.56,3,1,0.1599,0
VALMO_ORD_0000329,CUST_030294,"Krishna Residency, Flat 267, Near Hanuman Temple, Hospital Road, Railway Colony Chandausi S.O, Moradabad, Uttar Pradesh, 244412",PREMISE:Krishna Residency|LANDMARK:Near Hanuman Temple|ROAD:Hospital Road|LOCALITY:Railway Colony|PIN:244412,5,127,1,438.27,Footwear,0.19,0,4,0.042,0.592,244412,Moradabad,Moradabad,Uttar Pradesh,2,28.48005,78.79318,397-L7F-FFM9,1,1,98.0,0.9492,1,4.29,3,0,0.1373,0
VALMO_ORD_0000330,CUST_073548,"Singh Niwas, Room 212, Bypass Road, Bhigwan, Pune, Maharashtra, 413130",PREMISE:Singh Niwas|ROAD:Bypass Road|PIN:413130,3,70,1,324.53,Apparel_Western,0.2,0,17,0.124,0.437,413130,Pune,Pune,Maharashtra,1,18.32841,74.71157,4FT-T2T-92JF,1,0,33.4,0.6122,0,1.32,5,1,0.1599,0
VALMO_ORD_0000331,CUST_018830,"Near Hanuman Temple, Link Road, Moti Nagar, New Delhi, Delhi, 110015",LANDMARK:Near Hanuman Temple|ROAD:Link Road|LOCALITY:Moti Nagar|PIN:110015,4,68,1,382.26,Footwear,0.19,1,0,0.0,0.151,110015,New Delhi,North Delhi,Delhi,1,28.63716,77.13205,39J-K86-FKM9,0,1,5.1,0.664,2,13.59,3,0,0.2332,1
VALMO_ORD_0000332,CUST_051033,"Main Bazaar Road, Sarod, Bharuch, Gujarat, 392180",ROAD:Main Bazaar Road|PIN:392180,2,49,1,303.97,Apparel_Western,0.2,1,0,0.0,0.231,392180,Bharuch,Bharuch,Gujarat,3,22.16292,72.7577,3LJ-C84-MCKP,0,0,101.0,0.3073,0,0.99,3,1,0.2801,0
VALMO_ORD_0000333,CUST_062789,"Quarter No. 177, Railway Colony, Near Railway Crossing, Temple Street, Wagle Indl Estate, Thane, Maharashtra, 400604",PREMISE:Quarter No. 177|LANDMARK:Near Railway Crossing|ROAD:Temple Street|LOCALITY:Railway Colony|PIN:400604,5,116,1,797.53,Apparel_Western,0.2,0,3,0.199,0.503,400604,Thane,Thane,Maharashtra,2,19.20073,72.96126,4FK-7CL-M79T,1,1,291.5,0.9107,0,2.67,3,0,0.1326,0
VALMO_ORD_0000334,CUST_049116,"Hospital Road, Gandhi Nagar, Vishakhapatnam, Andhra Pradesh, 530016",ROAD:Hospital Road|LOCALITY:Gandhi Nagar|PIN:530016,3,67,1,305.06,Footwear,0.19,1,0,0.0,0.696,530016,Vishakhapatnam,Vishakhapatnam,Andhra Pradesh,2,17.73065,83.31587,5J8-L6P-932T,0,0,333.0,0.2542,1,4.07,3,3,0.3558,1
VALMO_ORD_0000335,CUST_044668,"Singh Niwas, Room 175, Bypass Road, Dharamshala, Cuttack, Odisha, 755008",PREMISE:Singh Niwas|ROAD:Bypass Road|PIN:755008,3,72,1,344.44,Apparel_Western,0.2,1,0,0.0,0.661,755008,Cuttack,Cuttack,Odisha,2,20.78413,86.17013,2PL-3LT-44P8,1,0,181.8,0.5871,0,0.9,3,0,0.1874,1
VALMO_ORD_0000336,CUST_011538,"Near Govt Primary School, Bypass Road, Azad Nagar, Iduki, Kerala, 685563",LANDMARK:Near Govt Primary School|ROAD:Bypass Road|LOCALITY:Azad Nagar|PIN:685563,4,72,1,495.58,Apparel_Ethnic,0.22,0,3,0.18,0.534,685563,Iduki,Iduki,Kerala,3,9.98144,77.02242,M9K-KL9-PF7M,0,1,750.4,0.4607,2,8.27,4,0,0.2948,0
VALMO_ORD_0000337,CUST_008024,"Plot No. 316, Gali 10, Near Railway Crossing, Ring Road, Santhigiri S.O, Thiruvananthapuram, Kerala, 695589",PREMISE:Plot No. 316|LANDMARK:Near Railway Crossing|ROAD:Ring Road|LOCALITY:Thiruvananthapuram|PIN:695589,5,107,0,353.84,Footwear,0.19,0,5,0.066,0.867,695589,Thiruvananthapuram,Thiruvananthapuram,Kerala,2,8.62695,76.90438,M37-834-L48P,1,1,505.8,0.8516,1,3.65,4,0,0.0335,0
VALMO_ORD_0000338,CUST_026627,"Shanti Niwas, Room 599, Opposite State Bank of India, Cinema Road, Malthan, Pune, Maharashtra, 412218",PREMISE:Shanti Niwas|LANDMARK:Opposite State Bank of India|ROAD:Cinema Road|PIN:412218,4,101,1,150.0,Footwear,0.19,1,0,0.0,0.451,412218,Pune,Pune,Maharashtra,1,18.86817,74.15592,4F5-T6J-455K,1,1,358.2,0.905,0,0.6,3,1,0.1498,1
VALMO_ORD_0000339,CUST_062575,"Near Railway Crossing, Gandhi Marg, Marathahalli Colony, Bangalore, Karnataka, 560037",LANDMARK:Near Railway Crossing|ROAD:Gandhi Marg|LOCALITY:Marathahalli Colony|PIN:560037,4,85,1,233.69,Apparel_Western,0.2,0,3,0.072,0.778,560037,Bangalore,Bangalore,Karnataka,1,12.94727,77.70158,4P3-J6T-73J2,0,1,40.7,0.6759,0,1.84,4,0,0.1318,0
VALMO_ORD_0000340,CUST_037885,"Sharma Residency, Flat 542, Main Bazaar Road, Gandhi Nagar, Puri, Odisha, 751031",PREMISE:Sharma Residency|ROAD:Main Bazaar Road|LOCALITY:Gandhi Nagar|PIN:751031,4,80,1,159.68,Electronics_Accessories,0.12,0,2,0.054,0.776,751031,Puri,Puri,Odisha,3,20.33804,85.83993,5C8-284-7KP3,1,0,55.6,0.6028,1,6.63,3,0,0.1939,0
VALMO_ORD_0000341,CUST_069836,"Quarter No. 338, Railway Colony, Behind Reliance Fresh, Temple Street, Warimagiri B.O, South Garo Hills, Meghalaya, 794114",PREMISE:Quarter No. 338|LANDMARK:Behind Reliance Fresh|ROAD:Temple Street|LOCALITY:Railway Colony|PIN:794114,5,122,1,860.99,Apparel_Ethnic,0.22,0,10,0.274,0.828,794114,South Garo Hills,South Garo Hills,Meghalaya,3,25.28477,90.78777,7JL-2LL-5763,1,1,77.5,0.9488,2,14.66,4,0,0.2248,0
VALMO_ORD_0000342,CUST_040505,"Quarter No. 159, Railway Colony, Near Bus Stand, Hospital Road, Subhash Nagar, North 24 Parganas, West Bengal, 700130",PREMISE:Quarter No. 159|LANDMARK:Near Bus Stand|ROAD:Hospital Road|LOCALITY:Railway Colony|PIN:700130,5,117,1,889.44,Footwear,0.19,0,1,0.105,0.911,700130,North 24 Parganas,North 24 Parganas,West Bengal,3,22.7105,88.44493,2TF-C39-JPT4,1,1,222.0,0.9311,1,3.29,3,0,0.1612,0
VALMO_ORD_0000343,CUST_017840,"Opposite Shiv Mandir, Kalyan Marg, Dudhi, Dudhi, Uttar Pradesh, 231208",LANDMARK:Opposite Shiv Mandir|ROAD:Kalyan Marg|PIN:231208,3,70,1,238.72,Home_Kitchen,0.13,0,6,0.187,0.835,231208,Dudhi,Kushinagar,Uttar Pradesh,3,24.08766,83.10542,2K2-63P-P9P3,0,1,89.8,0.658,0,0.75,3,0,0.1739,0
VALMO_ORD_0000344,CUST_021978,"Khata No. 301, Village Rampur, Near Govt Primary School, Link Road, Puna Kumbharia S.O, Surat, Gujarat, 395011",PREMISE:Khata No. 301|LANDMARK:Near Govt Primary School|ROAD:Link Road|LOCALITY:Village Rampur|PIN:395011,5,110,1,414.48,Footwear,0.19,0,10,0.279,0.844,395011,Surat,Surat,Gujarat,3,21.16793,72.89728,3LK-P7C-F8F7,1,1,1014.2,0.7342,0,0.59,2,0,0.175,0
VALMO_ORD_0000345,CUST_002030,"Near Govt Primary School, Main Bazaar Road, Gandhi Nagar, South West Delhi, Delhi, 110074",LANDMARK:Near Govt Primary School|ROAD:Main Bazaar Road|LOCALITY:Gandhi Nagar|PIN:110074,4,89,1,281.86,Apparel_Ethnic,0.22,0,10,0.127,0.529,110074,South West Delhi,South West Delhi,Delhi,1,28.45979,77.17783,39J-M3K-J756,0,1,238.3,0.6147,0,1.1,4,4,0.2286,1
VALMO_ORD_0000346,CUST_060808,"Ring Road, Singtam, Singtam, Sikkim, 737134",ROAD:Ring Road|PIN:737134,2,43,1,522.93,Personal_Care,0.08,0,8,0.086,0.796,737134,Singtam,East Sikkim,Sikkim,3,27.24071,88.47189,27F-C93-F8T6,0,0,524.6,0.2066,1,6.67,3,0,0.2521,1
VALMO_ORD_0000347,CUST_032070,"Holding No. 313, Basti Subhash Nagar, Behind Reliance Fresh, Ring Road, Fedra Fertilizemagar, Ahmedabad, Gujarat, 382465",LANDMARK:Behind Reliance Fresh|ROAD:Ring Road|LOCALITY:Basti Subhash Nagar|PIN:382465,4,120,1,524.72,Apparel_Western,0.2,0,4,0.258,0.589,382465,Ahmedabad,Ahmedabad,Gujarat,1,22.38746,72.22398,JT8-5KJ-9MPL,0,1,31.4,0.6773,0,2.01,2,0,0.1431,0
VALMO_ORD_0000348,CUST_056643,"Gokul Niwas, Room 371, Behind Hanuman Hospital, Nehru Road, Azad Nagar, Mangalore, Karnataka, 574102",PREMISE:Gokul Niwas|LANDMARK:Behind Hanuman Hospital|ROAD:Nehru Road|LOCALITY:Azad Nagar|PIN:574102,5,100,1,623.01,Home_Kitchen,0.13,0,10,0.042,0.64,574102,Mangalore,Dak. Kannada,Karnataka,2,13.02733,75.04805,4MJ-2F4-8P53,1,1,459.0,0.869,0,2.93,3,0,0.1243,1
VALMO_ORD_0000349,CUST_024377,"Holding No. 67, Basti Adarsh Nagar, Beside Govt Hospital, Kalyan Marg, Central Avenue Road, Nagpur, Maharashtra, 440018",LANDMARK:Beside Govt Hospital|ROAD:Kalyan Marg|LOCALITY:Basti Adarsh Nagar|PIN:440018,4,119,1,893.19,Home_Kitchen,0.13,0,14,0.368,0.855,440018,Nagpur,Nagpur,Maharashtra,2,21.14108,79.08266,3P6-P7L-88MM,0,1,150.1,0.6362,1,6.97,2,2,0.243,0
VALMO_ORD_0000350,CUST_020254,"Khata No. 76, Village Rampur, Beside Govt Hospital, Bypass Road, Temple Street, Bellary, Karnataka, 583101",PREMISE:Khata No. 76|LANDMARK:Beside Govt Hospital|ROAD:Bypass Road|LOCALITY:Village Rampur|PIN:583101,5,106,1,391.87,Apparel_Western,0.2,0,13,0.012,0.403,583101,Bellary,Bellary,Karnataka,3,15.1692,76.92728,447-7M6-5824,1,1,194.4,0.9116,0,2.25,3,1,0.1556,0
VALMO_ORD_0000351,CUST_048679,"Temple Street, Tuggali, Kurnool, Andhra Pradesh, 518390",ROAD:Temple Street|PIN:518390,2,55,1,273.21,Apparel_Ethnic,0.22,0,17,0.42,0.945,518390,Kurnool,Kurnool,Andhra Pradesh,3,15.30183,77.54837,45J-8TP-35ML,0,0,621.7,0.1784,1,4.51,3,0,0.3028,0
VALMO_ORD_0000352,CUST_041953,"Gokul Niwas, Room 148, Opposite HP Petrol Pump, College Road, Madhavaram East, Chennai, Tamil Nadu, 600060",PREMISE:Gokul Niwas|LANDMARK:Opposite HP Petrol Pump|ROAD:College Road|PIN:600060,4,106,0,873.46,Apparel_Ethnic,0.22,0,7,0.096,0.888,600060,Chennai,Chennai,Tamil Nadu,1,13.09604,80.22692,4T3-966-J53P,1,1,278.8,0.9233,1,6.42,3,1,0.0326,0
VALMO_ORD_0000353,CUST_018043,"Block D, Sector 47, Near Hanuman Temple, Cinema Road, Shastri Nagar, Bardhaman, West Bengal, 713305",PREMISE:Block D|LANDMARK:Near Hanuman Temple|ROAD:Cinema Road|LOCALITY:Shastri Nagar|PIN:713305,5,99,1,291.21,Home_Kitchen,0.13,1,0,0.0,0.18,713305,Bardhaman,Bardhaman,West Bengal,3,23.73716,86.949,254-9PT-66P4,1,1,51.9,0.9741,0,2.9,3,0,0.1566,0
VALMO_ORD_0000354,CUST_024326,"Behind Ganesh Hospital, Link Road, Sowcarpet, Chennai, Tamil Nadu, 600079",LANDMARK:Behind Ganesh Hospital|ROAD:Link Road|PIN:600079,3,73,1,931.98,Apparel_Ethnic,0.22,0,5,0.036,0.854,600079,Chennai,Chennai,Tamil Nadu,1,13.08897,80.2694,4T3-8KT-8T7J,0,1,57.9,0.663,1,3.72,3,1,0.1707,0
VALMO_ORD_0000355,CUST_068905,"College Road, Vemula Vada Sankepalli, Karimnagar, Telangana, 505302",ROAD:College Road|LOCALITY:Karimnagar|PIN:505302,3,67,1,330.38,Personal_Care,0.08,0,6,0.037,0.851,505302,Karimnagar,Karimnagar,Telangana,3,18.47808,78.87086,49T-43K-8CTF,0,0,127.0,0.3046,0,0.97,3,0,0.205,0
VALMO_ORD_0000356,CUST_007999,"Ward No. 13, Mohalla Patel Nagar, Opposite HP Petrol Pump, Nehru Road, Perumpuzha, Kollam, Kerala, 691504",PREMISE:Ward No. 13|LANDMARK:Opposite HP Petrol Pump|ROAD:Nehru Road|LOCALITY:Mohalla Patel Nagar|PIN:691504,5,105,1,341.03,Home_Kitchen,0.13,0,5,0.097,0.175,691504,Kollam,Kollam,Kerala,3,8.91954,76.68256,M38-427-62K3,1,1,222.0,0.9181,1,6.66,3,0,0.1589,0
VALMO_ORD_0000357,CUST_048212,"Ward No. 226, Mohalla Gandhi Nagar, Behind Ram Hospital, Station Road, Adarsh Nagar, Khammam, Telangana, 507305",PREMISE:Ward No. 226|LANDMARK:Behind Ram Hospital|ROAD:Station Road|LOCALITY:Mohalla Gandhi Nagar|PIN:507305,5,111,1,253.78,Apparel_Western,0.2,0,21,0.058,0.241,507305,Khammam,Khammam,Telangana,3,17.19517,80.27134,473-T4F-F83F,1,1,147.7,0.9179,0,0.68,3,0,0.1397,1
VALMO_ORD_0000358,CUST_049634,"Plot No. 276, Gali 6, Near Govt Primary School, Main Bazaar Road, Racharla Boppapur, Karimnagar, Telangana, 505305",PREMISE:Plot No. 276|LANDMARK:Near Govt Primary School|ROAD:Main Bazaar Road|LOCALITY:Racharla Boppapur|PIN:505305,5,114,1,599.91,Apparel_Ethnic,0.22,0,5,0.022,0.617,505305,Karimnagar,Karimnagar,Telangana,3,18.46453,78.67037,49P-67P-KJ7M,1,1,266.9,0.9109,0,2.21,2,0,0.1391,0
VALMO_ORD_0000359,CUST_003249,"Block B, Sector 96, Bypass Road, Soetha Kalan, Jaunpur, Uttar Pradesh, 223105",PREMISE:Block B|ROAD:Bypass Road|LOCALITY:Jaunpur|PIN:223105,4,77,0,904.68,Apparel_Ethnic,0.22,0,6,0.099,0.595,223105,Jaunpur,Jaunpur,Uttar Pradesh,3,26.10101,82.49597,2J4-8F4-4MK4,1,0,122.1,0.5645,1,6.13,4,0,0.0498,0
VALMO_ORD_0000360,CUST_020834,"Quarter No. 184, Railway Colony, Behind Post Office, Bypass Road, Pashan, Pune, Maharashtra, 411045",PREMISE:Quarter No. 184|LANDMARK:Behind Post Office|ROAD:Bypass Road|LOCALITY:Railway Colony|PIN:411045,5,99,1,401.38,Apparel_Ethnic,0.22,1,0,0.0,0.504,411045,Pune,Pune,Maharashtra,1,18.5741,73.79078,4FP-3KP-83TL,1,1,80.6,0.9682,1,3.36,3,1,0.1654,0
VALMO_ORD_0000361,CUST_036534,"Opposite Panchayat Bhawan, Industrial Area Phase 1, Azad Nagar, Ariyalur, Tamil Nadu, 627417",LANDMARK:Opposite Panchayat Bhawan|LOCALITY:Industrial Area Phase|PIN:627417,3,92,1,310.96,Apparel_Ethnic,0.22,0,4,0.148,0.779,627417,Ariyalur,Ariyalur,Tamil Nadu,3,8.69545,77.55441,M2F-TTT-F34F,0,1,98.1,0.6691,0,0.69,4,2,0.2207,0
VALMO_ORD_0000362,CUST_021436,"Quarter No. 325, Railway Colony, Opposite HP Petrol Pump, Industrial Area Phase 7, Gandhi Nagar, Tiruchirappalli, Tamil Nadu, 621653",PREMISE:Quarter No. 325|LANDMARK:Opposite HP Petrol Pump|LOCALITY:Railway Colony|PIN:621653,4,132,1,396.84,Apparel_Ethnic,0.22,1,0,0.0,0.237,621653,Tiruchirappalli,Tiruchirappalli,Tamil Nadu,2,11.04965,78.96696,M98-M8T-8LP7,1,1,40.1,0.9734,0,1.3,3,2,0.1828,0
VALMO_ORD_0000363,CUST_058424,"Khata No. 344, Village Rampur, Temple Street, Fore Shore Estate, Chennai, Tamil Nadu, 600028",PREMISE:Khata No. 344|ROAD:Temple Street|LOCALITY:Village Rampur|PIN:600028,4,92,1,243.57,Apparel_Ethnic,0.22,0,16,0.232,0.487,600028,Chennai,Chennai,Tamil Nadu,1,13.02716,80.26341,4T3-7F6-CLT4,1,0,376.5,0.5268,1,5.68,5,0,0.1813,1
VALMO_ORD_0000364,CUST_012865,"Beside Govt Hospital, College Road, Sant Punit Marg, Ahmedabad, Gujarat, 380050",LANDMARK:Beside Govt Hospital|ROAD:College Road|PIN:380050,3,79,1,465.47,Apparel_Ethnic,0.22,0,4,0.018,0.908,380050,Ahmedabad,Ahmedabad,Gujarat,1,22.98814,72.62005,3KL-K7C-P52L,0,1,32.0,0.6906,0,1.2,3,0,0.1281,0
VALMO_ORD_0000365,CUST_041523,"Holding No. 324, Basti Gandhi Nagar, Near Laxmi Mandir, Kalyan Marg, Patel Nagar, Anantapur, Andhra Pradesh, 515581",LANDMARK:Near Laxmi Mandir|ROAD:Kalyan Marg|LOCALITY:Basti Gandhi Nagar|PIN:515581,4,115,0,666.24,Apparel_Ethnic,0.22,0,14,0.05,0.401,515581,Anantapur,Anantapur,Andhra Pradesh,3,14.25693,78.25366,45P-F75-22F6,0,1,230.2,0.5954,2,7.31,4,2,0.0844,0
VALMO_ORD_0000366,CUST_013619,"Beside Govt Hospital, Gali Number 8, Vadgaon, Vadgaon, Maharashtra, 412106",LANDMARK:Beside Govt Hospital|PIN:412106,2,74,1,271.66,Apparel_Western,0.2,0,5,0.114,0.627,412106,Vadgaon,Pune,Maharashtra,1,18.73936,73.63114,4FP-FKF-27F5,0,1,474.8,0.5714,1,3.12,4,0,0.1659,0
VALMO_ORD_0000367,CUST_006835,"Shop No. 222, Main Market, Ring Road, Bataganj, Patna, Bihar, 800018",PREMISE:Shop No. 222|LANDMARK:Main Market|ROAD:Ring Road|PIN:800018,4,68,0,291.53,Footwear,0.19,0,6,0.235,0.896,800018,Patna,Patna,Bihar,2,25.63077,85.08826,235-M5F-CLKT,1,1,14.5,0.9808,1,4.94,3,0,0.0328,0
VALMO_ORD_0000368,CUST_049510,"Near Govt Primary School, Main Bazaar Road, Azad Nagar, Ahmedabad, Gujarat, 382340",LANDMARK:Near Govt Primary School|ROAD:Main Bazaar Road|LOCALITY:Azad Nagar|PIN:382340,4,82,0,441.01,Apparel_Western,0.2,0,14,0.103,0.605,382340,Ahmedabad,Ahmedabad,Gujarat,1,23.0776,72.63166,3KL-J65-6T52,0,1,339.2,0.606,0,1.98,2,0,0.0314,0
VALMO_ORD_0000369,CUST_050233,"Flat 175, Yadav Apartments, Near Water Tank, Nehru Road, Guwahati University, Guwahati, Assam, 781014",PREMISE:Flat 175|LANDMARK:Near Water Tank|ROAD:Nehru Road|PIN:781014,4,101,1,226.3,Personal_Care,0.08,0,6,0.322,0.541,781014,Guwahati,Kamrup,Assam,2,26.17012,91.62858,7J2-LKK-M2PJ,1,1,46.7,0.9537,0,1.38,4,2,0.1667,0
VALMO_ORD_0000370,CUST_053384,"Gandhi Marg, Shastri Nagar, Naithana, Uttarakhand, 246175",ROAD:Gandhi Marg|LOCALITY:Shastri Nagar|PIN:246175,3,57,1,165.38,Electronics_Accessories,0.12,0,2,0.03,0.503,246175,Naithana,Pauri Garhwal,Uttarakhand,3,30.0244,78.68803,CPT-FJF-JJ77,0,0,16.8,0.3253,0,1.39,4,0,0.2041,0
VALMO_ORD_0000371,CUST_002751,"Shanti Residency, Flat 761, Link Road, Kalyan Nagar, Guwahati, Assam, 781366",PREMISE:Shanti Residency|ROAD:Link Road|LOCALITY:Kalyan Nagar|PIN:781366,4,76,1,344.69,Apparel_Ethnic,0.22,0,5,0.042,0.947,781366,Guwahati,Kamrup,Assam,2,26.50825,91.69789,7J2-J2F-3K27,1,0,511.3,0.4988,0,2.88,2,0,0.1677,1
VALMO_ORD_0000372,CUST_039192,"Plot No. 4, Gali 4, Main Bazaar Road, Hiriyur S.O, Chitradurga, Karnataka, 577598",PREMISE:Plot No. 4|ROAD:Main Bazaar Road|PIN:577598,3,81,1,238.16,Apparel_Western,0.2,0,10,0.057,0.871,577598,Chitradurga,Chitradurga,Karnataka,3,13.86642,76.64588,44T-MC6-P8C3,1,0,22.5,0.6143,2,9.32,3,2,0.3133,0
VALMO_ORD_0000373,CUST_049467,"Flat 418, Vrindavan Apartments, Behind Reliance Fresh, Hospital Road, Kalyan Nagar, Bareilly, Uttar Pradesh, 243003",PREMISE:Flat 418|LANDMARK:Behind Reliance Fresh|ROAD:Hospital Road|LOCALITY:Kalyan Nagar|PIN:243003,5,115,1,495.25,Apparel_Ethnic,0.22,0,1,0.178,0.877,243003,Bareilly,Bareilly,Uttar Pradesh,2,28.36061,79.41211,38K-CF2-46FM,1,1,254.9,0.9057,0,1.02,2,0,0.1327,0
VALMO_ORD_0000374,CUST_042389,"Near Hanuman Temple, Link Road, Chikkabanavara, Bangalore, Karnataka, 560090",LANDMARK:Near Hanuman Temple|ROAD:Link Road|PIN:560090,3,76,1,439.87,Electronics_Accessories,0.12,1,0,0.0,0.504,560090,Bangalore,Bangalore,Karnataka,1,13.01866,77.51322,4PJ-79P-CP3J,0,1,152.7,0.6299,0,1.67,3,0,0.1577,1
VALMO_ORD_0000375,CUST_044286,"Near Govt Primary School, Subhash Path, Bomkei, Chatrapur, Odisha, 761042",LANDMARK:Near Govt Primary School|ROAD:Subhash Path|LOCALITY:Chatrapur|PIN:761042,4,73,1,297.97,Apparel_Ethnic,0.22,0,3,0.113,0.577,761042,Chatrapur,Ganjam,Odisha,3,19.28946,84.56718,5C4-C6J-6T5P,0,1,263.0,0.6246,1,4.02,3,0,0.2022,0
VALMO_ORD_0000376,CUST_014480,"Temple Street, R S, Botad, Gujarat, 364710",ROAD:Temple Street|PIN:364710,2,42,1,372.58,Personal_Care,0.08,1,0,0.0,0.454,364710,Botad,Bhavnagar,Gujarat,2,22.16198,71.64586,JT2-C85-T4JM,0,0,198.9,0.2942,1,3.02,3,0,0.2485,1
VALMO_ORD_0000377,CUST_015961,"Khata No. 100, Village Rampur, Behind Reliance Fresh, Bypass Road, Maghar, Maghar, Uttar Pradesh, 272173",PREMISE:Khata No. 100|LANDMARK:Behind Reliance Fresh|ROAD:Bypass Road|LOCALITY:Village Rampur|PIN:272173,5,104,0,438.6,Apparel_Ethnic,0.22,0,14,0.244,0.749,272173,Maghar,Basti,Uttar Pradesh,3,26.7283,83.12274,2J9-T5L-22KM,1,1,32.6,0.9796,2,10.52,5,1,0.0598,0
VALMO_ORD_0000378,CUST_049551,"Temple Street, Doddakallasandra, Bangalore, Karnataka, 560062",ROAD:Temple Street|PIN:560062,2,61,1,1558.92,Apparel_Ethnic,0.22,0,5,0.345,0.927,560062,Bangalore,Bangalore,Karnataka,1,12.8986,77.56206,4PJ-688-T7L6,0,0,173.2,0.2834,2,12.34,4,1,0.3164,1
VALMO_ORD_0000379,CUST_000154,"Ward No. 321, Mohalla Subhash Nagar, Behind Post Office, College Road, Raniganj, Pratapgarh, Uttar Pradesh, 230304",PREMISE:Ward No. 321|LANDMARK:Behind Post Office|ROAD:College Road|LOCALITY:Mohalla Subhash Nagar|PIN:230304,5,114,0,248.06,Apparel_Western,0.2,0,4,0.116,0.862,230304,Pratapgarh,Pratapgarh,Uttar Pradesh,3,25.87748,82.04551,2JK-7T9-F4K3,1,1,131.7,0.9239,0,2.46,2,1,0.0367,0
VALMO_ORD_0000380,CUST_064614,"Surya Residency, Flat 333, Opposite State Bank of India, Cinema Road, Perungudi, Perungudi, Tamil Nadu, 600096",PREMISE:Surya Residency|LANDMARK:Opposite State Bank of India|ROAD:Cinema Road|PIN:600096,4,110,1,340.23,Apparel_Ethnic,0.22,0,6,0.259,0.468,600096,Perungudi,Chennai,Tamil Nadu,1,12.96973,80.24572,4T3-7KC-MF2P,1,1,59.6,0.9545,1,5.01,3,0,0.135,0
VALMO_ORD_0000381,CUST_028378,"Shop No. 72, Main Market, Gandhi Marg, Industrial Estate Moulali, Hyderabad, Telangana, 500040",PREMISE:Shop No. 72|LANDMARK:Main Market|ROAD:Gandhi Marg|PIN:500040,4,94,1,729.98,Apparel_Western,0.2,0,9,0.111,0.774,500040,Hyderabad,Hyderabad,Telangana,1,17.45427,78.56205,422-7K4-5852,1,1,30.4,0.9773,0,2.0,3,2,0.1381,0
VALMO_ORD_0000382,CUST_010405,"Nehru Road, Purani Basti, Alipore, West Bengal, 743435",ROAD:Nehru Road|LOCALITY:Purani Basti|PIN:743435,3,54,1,362.92,Apparel_Western,0.2,1,0,0.0,0.241,743435,Alipore,North 24 Parganas,West Bengal,3,22.46768,88.98753,2TC-4F8-82PP,0,0,273.6,0.2718,0,2.07,4,0,0.2575,0
VALMO_ORD_0000383,CUST_012427,"Holding No. 266, Basti Azad Nagar, Behind Saraswati Hospital, Industrial Area Phase 7, A F Rajokari, New Delhi, Delhi, 110038",LANDMARK:Behind Saraswati Hospital|LOCALITY:Basti Azad Nagar|PIN:110038,3,125,1,401.04,Apparel_Ethnic,0.22,1,0,0.0,0.491,110038,New Delhi,South Delhi,Delhi,1,28.49683,77.10489,39J-L96-858T,0,1,92.3,0.6681,0,1.58,3,1,0.1791,0
VALMO_ORD_0000384,CUST_077824,"Plot No. 141, Gali 5, Gandhi Marg, Patel Nagar, Amritsar, Punjab, 143113",PREMISE:Plot No. 141|ROAD:Gandhi Marg|LOCALITY:Patel Nagar|PIN:143113,4,72,0,592.78,Apparel_Ethnic,0.22,0,13,0.016,0.641,143113,Amritsar,Amritsar,Punjab,2,31.62431,74.98824,CMF-CP6-JCP8,1,0,46.9,0.6298,0,1.06,3,0,0.034,0
VALMO_ORD_0000385,CUST_037997,"Khata No. 90, Village Rampur, Bypass Road, Kalighat, Kolkata, West Bengal, 700026",PREMISE:Khata No. 90|ROAD:Bypass Road|LOCALITY:Village Rampur|PIN:700026,4,81,1,640.02,Apparel_Western,0.2,1,0,0.0,0.401,700026,Kolkata,Kolkata,West Bengal,1,22.5161,88.36241,2TF-J6K-6JP9,1,0,318.3,0.5428,0,1.28,3,0,0.1723,0
VALMO_ORD_0000386,CUST_067040,"Holding No. 149, Basti Kalyan Nagar, Behind Reliance Fresh, Nehru Road, Narasimhanaickenpalyam, Coimbatore, Tamil Nadu, 641031",LANDMARK:Behind Reliance Fresh|ROAD:Nehru Road|LOCALITY:Basti Kalyan Nagar|PIN:641031,4,126,0,1021.72,Footwear,0.19,0,11,0.095,0.266,641031,Coimbatore,Coimbatore,Tamil Nadu,2,11.03882,76.93779,MC8-T2F-7P6F,0,1,45.5,0.6642,0,2.37,3,4,0.0591,0
VALMO_ORD_0000387,CUST_072845,"Sharma Residency, Flat 137, Behind Post Office, Gali Number 6, Subhash Nagar, Chennai, Tamil Nadu, 600036",PREMISE:Sharma Residency|LANDMARK:Behind Post Office|LOCALITY:Subhash Nagar|PIN:600036,4,105,1,475.65,Apparel_Western,0.2,0,12,0.108,0.659,600036,Chennai,Chennai,Tamil Nadu,1,12.98827,80.24024,4T3-7JK-5555,1,1,632.7,0.8307,1,5.22,2,1,0.1553,0
VALMO_ORD_0000388,CUST_076194,"Plot No. 38, Gali 1, Behind Post Office, Kalyan Marg, Ramapuram, Ramapuram, Tamil Nadu, 635115",PREMISE:Plot No. 38|LANDMARK:Behind Post Office|ROAD:Kalyan Marg|LOCALITY:Ramapuram|PIN:635115,5,94,1,375.54,Personal_Care,0.08,1,0,0.0,0.575,635115,Ramapuram,Cuddalore,Tamil Nadu,3,12.62727,78.18013,4P2-LMP-4LM3,1,1,6.9,0.9845,1,3.28,3,1,0.1965,0
VALMO_ORD_0000389,CUST_000480,"House No. 321, Opposite HP Petrol Pump, Subhash Path, Azad Nagar, Kolhapur, Maharashtra, 416210",PREMISE:House No. 321|LANDMARK:Opposite HP Petrol Pump|ROAD:Subhash Path|LOCALITY:Azad Nagar|PIN:416210,5,95,1,455.28,Home_Kitchen,0.13,0,8,0.028,0.537,416210,Kolhapur,Kolhapur,Maharashtra,2,16.15773,74.01241,4JP-5TK-FCMJ,1,1,230.3,0.8979,0,1.97,3,0,0.1208,1
VALMO_ORD_0000390,CUST_067895,"Opposite State Bank of India, Kalyan Marg, Patel Nagar, Gwalior, Madhya Pradesh, 475002",LANDMARK:Opposite State Bank of India|ROAD:Kalyan Marg|LOCALITY:Patel Nagar|PIN:475002,4,87,0,436.68,Apparel_Ethnic,0.22,0,4,0.108,0.859,475002,Gwalior,Gwalior,Madhya Pradesh,2,26.17873,78.49901,322-P52-PK8M,0,1,344.6,0.5833,1,6.79,3,2,0.0568,0
VALMO_ORD_0000391,CUST_054383,"Patel Niwas, Room 546, Near Water Tank, Kalyan Marg, Doddainduvadi, Mysore, Karnataka, 571478",PREMISE:Patel Niwas|LANDMARK:Near Water Tank|ROAD:Kalyan Marg|PIN:571478,4,93,0,391.62,Home_Kitchen,0.13,0,7,0.146,0.628,571478,Mysore,Mysore,Karnataka,2,12.47704,76.85688,4M6-288-P737,1,1,357.1,0.8844,2,11.67,3,1,0.0521,0
VALMO_ORD_0000392,CUST_001958,"Holding No. 59, Basti Adarsh Nagar, College Road, Gandhi Nagar, Kolkata, West Bengal, 700015",ROAD:College Road|LOCALITY:Basti Adarsh Nagar|PIN:700015,3,92,1,630.02,Personal_Care,0.08,1,0,0.0,0.316,700015,Kolkata,Kolkata,West Bengal,1,22.57331,88.37286,2TF-J7C-8755,0,0,2.7,0.333,0,2.18,3,0,0.1917,0
VALMO_ORD_0000393,CUST_079983,"House No. 305, Opposite State Bank of India, Subhash Path, Nowgarh, Varanasi, Uttar Pradesh, 232111",PREMISE:House No. 305|LANDMARK:Opposite State Bank of India|ROAD:Subhash Path|PIN:232111,4,99,1,298.92,Apparel_Western,0.2,1,0,0.0,0.42,232111,Varanasi,Varanasi,Uttar Pradesh,2,24.80206,83.21676,2K8-JJ6-4C3J,1,1,204.2,0.9123,0,1.69,3,0,0.1489,0
VALMO_ORD_0000394,CUST_013896,"Ward No. 216, Mohalla Subhash Nagar, Temple Street, Subhash Nagar, Nashik, Maharashtra, 423303",PREMISE:Ward No. 216|ROAD:Temple Street|LOCALITY:Mohalla Subhash Nagar|PIN:423303,4,94,1,1417.71,Footwear,0.19,0,7,0.216,0.914,423303,Nashik,Nashik,Maharashtra,2,20.8033,74.21318,3LT-JL2-7PP7,1,0,353.2,0.5419,0,1.9,3,0,0.1736,0
VALMO_ORD_0000395,CUST_028172,"Block A, Sector 16, Behind Ram Hospital, Gali Number 3, Kalyan Nagar, Mangalore, Karnataka, 576224",PREMISE:Block A|LANDMARK:Behind Ram Hospital|LOCALITY:Kalyan Nagar|PIN:576224,4,98,1,434.93,Footwear,0.19,0,4,0.115,0.633,576224,Mangalore,Dak. Kannada,Karnataka,2,13.70388,74.65684,4L8-833-CPMP,1,1,300.8,0.9179,1,4.58,4,0,0.1452,0
VALMO_ORD_0000396,CUST_059378,"Opposite Shiv Mandir, Gali Number 4, Edathua, Alappuzha, Kerala, 689573",LANDMARK:Opposite Shiv Mandir|PIN:689573,2,71,0,261.13,Apparel_Western,0.2,1,0,0.0,0.467,689573,Alappuzha,Alappuzha,Kerala,3,9.35344,76.45326,MCT-LJC-8L5T,0,1,12.9,0.6812,0,2.02,3,0,0.0462,0
VALMO_ORD_0000397,CUST_034353,"Khata No. 248, Village Rampur, Gali Number 7, Kalyan Nagar, Mumbai, Maharashtra, 400090",PREMISE:Khata No. 248|LOCALITY:Village Rampur|PIN:400090,3,87,0,591.06,Home_Kitchen,0.13,1,0,0.0,0.706,400090,Mumbai,Mumbai,Maharashtra,1,19.15721,72.82588,4FK-24C-LCJT,1,0,63.8,0.6076,0,2.05,3,0,0.0365,1
VALMO_ORD_0000398,CUST_041325,"Shop No. 320, Main Market, Link Road, Gandhi Nagar, Jamnagar, Gujarat, 361250",PREMISE:Shop No. 320|LANDMARK:Main Market|ROAD:Link Road|LOCALITY:Gandhi Nagar|PIN:361250,5,77,1,246.86,Home_Kitchen,0.13,0,3,0.151,0.718,361250,Jamnagar,Jamnagar,Gujarat,2,22.6651,70.32005,JTF-F47-665F,1,1,29.0,0.9742,2,8.17,3,0,0.1825,0
VALMO_ORD_0000399,CUST_062347,"Holding No. 164, Basti Kalyan Nagar, Behind Sai Baba Hospital, Ring Road, Shastri Nagar, Lucknow, Uttar Pradesh, 227105",LANDMARK:Behind Sai Baba Hospital|ROAD:Ring Road|LOCALITY:Basti Kalyan Nagar|PIN:227105,4,119,1,1102.74,Apparel_Ethnic,0.22,0,4,0.038,0.766,227105,Lucknow,Lucknow,Uttar Pradesh,2,26.87556,81.04264,378-K56-6745,0,1,199.4,0.6228,1,6.7,3,0,0.175,0
VALMO_ORD_0000400,CUST_025565,"Khata No. 251, Village Rampur, Near Krishna Mandir, College Road, National Herald, Lucknow, Uttar Pradesh, 226001",PREMISE:Khata No. 251|LANDMARK:Near Krishna Mandir|ROAD:College Road|LOCALITY:Village Rampur|PIN:226001,5,113,1,459.85,Home_Kitchen,0.13,0,18,0.336,0.623,226001,Lucknow,Lucknow,Uttar Pradesh,2,26.88245,80.89585,379-657-MJF2,1,1,62.5,0.9774,0,2.41,3,0,0.131,0
VALMO_ORD_0000401,CUST_025596,"Shanti Residency, Flat 343, Near Bus Stand, Hospital Road, Azad Nagar, Bangalore, Karnataka, 562128",PREMISE:Shanti Residency|LANDMARK:Near Bus Stand|ROAD:Hospital Road|LOCALITY:Azad Nagar|PIN:562128,5,99,1,268.67,Apparel_Western,0.2,1,0,0.0,0.394,562128,Bangalore,Bangalore,Karnataka,1,12.79629,77.33135,4PJ-5MC-58F6,1,1,20.5,0.9553,0,2.42,3,0,0.1279,1
VALMO_ORD_0000402,CUST_073965,"Shop No. 292, Main Market, Opposite Panchayat Bhawan, Ring Road, Subhash Nagar, Swaimadhopur, Rajasthan, 322001",PREMISE:Shop No. 292|LANDMARK:Main Market|ROAD:Ring Road|LOCALITY:Subhash Nagar|PIN:322001,5,111,0,389.07,Home_Kitchen,0.13,1,0,0.0,0.433,322001,Swaimadhopur,Swaimadhopur,Rajasthan,3,25.9955,76.37382,335-8PK-6LKM,1,1,197.3,0.9351,2,17.93,4,2,0.0762,0
VALMO_ORD_0000403,CUST_015700,"Quarter No. 226, Railway Colony, Gali Number 1, Shanmughom Road, Ernakulam, Kerala, 682031",PREMISE:Quarter No. 226|ROAD:Shanmughom Road|LOCALITY:Railway Colony|PIN:682031,4,90,1,261.44,Apparel_Ethnic,0.22,0,16,0.125,0.685,682031,Ernakulam,Ernakulam,Kerala,3,10.01297,76.24954,MC5-552-9M8C,1,0,126.3,0.6026,1,6.04,2,0,0.2062,0
VALMO_ORD_0000404,CUST_013143,"Ward No. 335, Mohalla Gandhi Nagar, Behind Krishna Hospital, Gali Number 2, Purani Basti, Goalpara, Assam, 783101",PREMISE:Ward No. 335|LANDMARK:Behind Krishna Hospital|LOCALITY:Mohalla Gandhi Nagar|PIN:783101,4,113,0,248.18,Electronics_Accessories,0.12,1,0,0.0,0.437,783101,Goalpara,Goalpara,Assam,3,26.14816,90.5968,7JJ-LP7-JJL7,1,1,190.7,0.9056,2,8.92,3,1,0.0679,0
VALMO_ORD_0000405,CUST_071668,"Verma Residency, Flat 427, Beside Govt Hospital, Temple Street, Beripet, Nellore, Andhra Pradesh, 524126",PREMISE:Verma Residency|LANDMARK:Beside Govt Hospital|ROAD:Temple Street|PIN:524126,4,104,1,237.25,Electronics_Accessories,0.12,1,0,0.0,0.858,524126,Nellore,Nellore,Andhra Pradesh,2,13.90402,79.88718,46M-KPK-3T67,1,1,5.6,0.9846,1,5.7,3,0,0.1574,0
VALMO_ORD_0000406,CUST_076428,"Quarter No. 26, Railway Colony, Hospital Road, Morgaon, Pune, Maharashtra, 412304",PREMISE:Quarter No. 26|ROAD:Hospital Road|LOCALITY:Railway Colony|PIN:412304,4,81,0,557.98,Home_Kitchen,0.13,0,4,0.088,0.516,412304,Pune,Pune,Maharashtra,1,18.23641,74.28004,4J8-F92-5F4T,1,0,678.2,0.4536,0,0.51,3,0,0.0344,0
VALMO_ORD_0000407,CUST_003928,"Khata No. 298, Village Rampur, Near Bus Stand, Nehru Road, Jhanti Pahari, Bankura, West Bengal, 722137",PREMISE:Khata No. 298|LANDMARK:Near Bus Stand|ROAD:Nehru Road|LOCALITY:Village Rampur|PIN:722137,5,102,1,621.89,Apparel_Ethnic,0.22,0,9,0.055,0.754,722137,Bankura,Bankura,West Bengal,3,23.35958,86.84544,254-PKK-K6JC,1,1,374.8,0.8802,2,8.64,5,1,0.2407,0
VALMO_ORD_0000408,CUST_055969,"Holding No. 225, Basti Subhash Nagar, Opposite State Bank of India, Subhash Path, Joya, Joya, Uttar Pradesh, 244222",LANDMARK:Opposite State Bank of India|ROAD:Subhash Path|LOCALITY:Basti Subhash Nagar|PIN:244222,4,115,1,640.43,Footwear,0.19,1,0,0.0,0.458,244222,Joya,Jyotiba Phule Nagar,Uttar Pradesh,3,28.78771,78.53838,392-287-FF5K,0,1,257.3,0.628,1,6.96,3,0,0.2303,1
VALMO_ORD_0000409,CUST_048423,"Shop No. 248, Grain Market, Near Sai Baba Mandir, Temple Street, Guthni, Siwan, Bihar, 841435",PREMISE:Shop No. 248|LANDMARK:Grain Market|ROAD:Temple Street|PIN:841435,4,93,0,528.76,Apparel_Ethnic,0.22,0,6,0.172,0.457,841435,Siwan,Siwan,Bihar,3,25.73966,85.1776,235-5KP-M27M,1,1,107.5,0.9634,2,9.1,5,1,0.0585,0
VALMO_ORD_0000410,CUST_019247,"Near Peepal Ka Ped, Hospital Road, Azad Nagar, New Delhi, Delhi, 110030",LANDMARK:Near Peepal Ka Ped|ROAD:Hospital Road|LOCALITY:Azad Nagar|PIN:110030,4,71,1,296.95,Apparel_Ethnic,0.22,0,19,0.202,0.87,110030,New Delhi,South Delhi,Delhi,1,28.51424,77.19329,39J-MCC-866C,0,1,253.3,0.6338,0,1.61,3,1,0.164,1
VALMO_ORD_0000411,CUST_073477,"Patel Niwas, Room 184, Opposite Panchayat Bhawan, Link Road, Kalyan Nagar, Amarpur, Tripura, 799101",PREMISE:Patel Niwas|LANDMARK:Opposite Panchayat Bhawan|ROAD:Link Road|LOCALITY:Kalyan Nagar|PIN:799101,5,99,1,777.8,Home_Kitchen,0.13,0,14,0.037,0.614,799101,Amarpur,South Tripura,Tripura,3,23.55178,91.65684,7K5-KJ8-PC76,1,1,10.3,0.9726,1,3.2,3,1,0.1681,0
VALMO_ORD_0000412,CUST_074957,"Holding No. 345, Basti Patel Nagar, Opposite HP Petrol Pump, Gali Number 3, Adarsh Nagar, Bangalore, Karnataka, 560043",LANDMARK:Opposite HP Petrol Pump|LOCALITY:Basti Patel Nagar|PIN:560043,3,118,0,299.39,Footwear,0.19,0,2,0.253,0.614,560043,Bangalore,Bangalore,Karnataka,1,13.01651,77.6286,4P3-JCT-2L3C,0,1,149.0,0.618,1,5.21,3,0,0.0389,0
VALMO_ORD_0000413,CUST_049220,"Khata No. 10, Village Rampur, Beside Govt Hospital, Subhash Path, Adarsh Nagar, Cuddalore, Tamil Nadu, 608302",PREMISE:Khata No. 10|LANDMARK:Beside Govt Hospital|ROAD:Subhash Path|LOCALITY:Village Rampur|PIN:608302,5,109,0,367.78,Personal_Care,0.08,0,2,0.056,0.591,608302,Cuddalore,Cuddalore,Tamil Nadu,3,11.27524,79.6218,M8F-252-4J84,1,1,333.9,0.9043,0,1.1,5,0,0.03,0
VALMO_ORD_0000414,CUST_056906,"Quarter No. 272, Railway Colony, Near Railway Crossing, Gali Number 3, Purani Basti, Bhopal, Madhya Pradesh, 462011",PREMISE:Quarter No. 272|LANDMARK:Near Railway Crossing|LOCALITY:Railway Colony|PIN:462011,4,115,1,307.53,Apparel_Ethnic,0.22,0,1,0.102,0.609,462011,Bhopal,Bhopal,Madhya Pradesh,2,23.22912,77.4272,35L-8KJ-2MP8,1,1,261.4,0.9278,0,1.59,3,2,0.1617,1
VALMO_ORD_0000415,CUST_012418,"Opposite Shiv Mandir, Ring Road, Kayavarohan, Vadodara, Gujarat, 391220",LANDMARK:Opposite Shiv Mandir|ROAD:Ring Road|PIN:391220,3,71,1,274.8,Footwear,0.19,1,0,0.0,0.625,391220,Vadodara,Vadodara,Gujarat,2,22.05635,73.11433,3L3-FM4-T5MC,0,1,218.9,0.6307,2,13.2,3,0,0.2646,0
VALMO_ORD_0000416,CUST_031144,"Holding No. 315, Basti Azad Nagar, Near Ram Mandir, Kalyan Marg, Alkuti, Ahmednagar, Maharashtra, 414305",LANDMARK:Near Ram Mandir|ROAD:Kalyan Marg|LOCALITY:Basti Azad Nagar|PIN:414305,4,104,1,675.34,Electronics_Accessories,0.12,0,5,0.141,0.683,414305,Ahmednagar,Ahmednagar,Maharashtra,3,19.07415,74.22415,4F6-KCK-FP56,0,1,402.9,0.5841,0,2.73,4,0,0.179,0
VALMO_ORD_0000417,CUST_077841,"Shop No. 170, Main Market, Near Water Tank, Subhash Path, Hajo, Guwahati, Assam, 781102",PREMISE:Shop No. 170|LANDMARK:Main Market|ROAD:Subhash Path|PIN:781102,4,87,1,543.31,Apparel_Western,0.2,0,2,0.097,0.737,781102,Guwahati,Kamrup,Assam,2,26.24607,91.51576,7J3-TF6-9MK2,1,1,443.0,0.8646,0,2.95,4,0,0.131,0
VALMO_ORD_0000418,CUST_012694,"Plot No. 6, Gali 12, Near Shiv Mandir, Gandhi Marg, Tayalur, Mulbagal, Karnataka, 563136",PREMISE:Plot No. 6|LANDMARK:Near Shiv Mandir|ROAD:Gandhi Marg|PIN:563136,4,88,1,454.22,Personal_Care,0.08,0,20,0.226,0.344,563136,Mulbagal,Kolar,Karnataka,3,13.23102,78.32018,4P9-M4P-F8MC,1,1,100.6,0.9721,2,17.9,3,0,0.2077,0
VALMO_ORD_0000419,CUST_021444,"Beside Govt Hospital, Nehru Road, Shastri Nagar, Mumbai, Maharashtra, 400006",LANDMARK:Beside Govt Hospital|ROAD:Nehru Road|LOCALITY:Shastri Nagar|PIN:400006,4,76,1,596.63,Apparel_Ethnic,0.22,1,0,0.0,0.894,400006,Mumbai,Mumbai,Maharashtra,1,18.93286,72.80494,4FK-PF5-28L5,0,1,46.6,0.6793,1,3.01,2,2,0.2265,0
VALMO_ORD_0000420,CUST_079812,"Plot No. 116, Gali 6, Cinema Road, Adarsh Nagar, Jalgaon, Maharashtra, 425420",PREMISE:Plot No. 116|ROAD:Cinema Road|LOCALITY:Adarsh Nagar|PIN:425420,4,77,1,682.45,Apparel_Ethnic,0.22,0,14,0.161,0.57,425420,Jalgaon,Jalgaon,Maharashtra,2,21.14209,75.11385,3MK-P24-MPC3,1,0,166.3,0.5761,1,6.1,3,0,0.1905,0
VALMO_ORD_0000421,CUST_012865,"Plot No. 331, Gali 11, Near Govt Primary School, Link Road, Ghodasar, Ahmedabad, Gujarat, 380050",PREMISE:Plot No. 331|LANDMARK:Near Govt Primary School|ROAD:Link Road|PIN:380050,4,96,1,1098.24,Home_Kitchen,0.13,0,6,0.024,0.737,380050,Ahmedabad,Ahmedabad,Gujarat,1,22.97392,72.61057,3KL-K7K-5C3J,1,1,79.9,0.9604,0,2.72,2,2,0.1313,0
VALMO_ORD_0000422,CUST_014714,"Shop No. 205, Sabzi Market, Subhash Path, Kalyan Nagar, Kalamb, Maharashtra, 410515",PREMISE:Shop No. 205|LANDMARK:Sabzi Market|ROAD:Subhash Path|LOCALITY:Kalyan Nagar|PIN:410515,5,83,1,201.88,Apparel_Western,0.2,0,15,0.057,0.938,410515,Kalamb,Pune,Maharashtra,1,19.06655,73.91703,4F5-5FM-F75C,1,1,164.5,0.9414,0,2.7,3,0,0.1073,0
VALMO_ORD_0000423,CUST_073079,"Ward No. 333, Mohalla Shastri Nagar, Subhash Path, Atraulia, Atraulia, Uttar Pradesh, 223223",PREMISE:Ward No. 333|ROAD:Subhash Path|LOCALITY:Mohalla Shastri Nagar|PIN:223223,4,92,1,319.13,Apparel_Ethnic,0.22,0,6,0.085,0.735,223223,Atraulia,Sant Kabir Nagar,Uttar Pradesh,3,26.32411,82.95187,2J2-543-J7KF,1,0,225.2,0.5806,0,2.21,3,3,0.2546,1
VALMO_ORD_0000424,CUST_072711,"Flat 556, Krishna Apartments, Opposite HP Petrol Pump, Gali Number 9, M L B College, Jhansi, Uttar Pradesh, 284128",PREMISE:Flat 556|LANDMARK:Opposite HP Petrol Pump|PIN:284128,3,114,1,269.14,Apparel_Western,0.2,0,9,0.374,0.642,284128,Jhansi,Jhansi,Uttar Pradesh,2,25.44862,78.61711,32P-8M8-TT7C,1,1,134.2,0.9264,0,2.07,3,0,0.1418,0
VALMO_ORD_0000425,CUST_048882,"Shop No. 149, Sabzi Market, Near Water Tank, Bypass Road, Dharmabad, Dharmabad, Maharashtra, 431809",PREMISE:Shop No. 149|LANDMARK:Sabzi Market|ROAD:Bypass Road|PIN:431809,4,99,1,558.12,Apparel_Ethnic,0.22,1,0,0.0,0.558,431809,Dharmabad,Nanded,Maharashtra,2,18.89335,77.77783,494-M2K-M8T7,1,1,411.9,0.8855,0,2.67,2,3,0.218,0
VALMO_ORD_0000426,CUST_006236,"Holding No. 38, Basti Adarsh Nagar, Kalyan Marg, Dapur, Medinipur, West Bengal, 721211",ROAD:Kalyan Marg|LOCALITY:Basti Adarsh Nagar|PIN:721211,3,86,1,266.83,Footwear,0.19,0,9,0.045,0.786,721211,Medinipur,Midnapur,West Bengal,3,22.58348,87.69982,2P8-JF4-MPC5,0,0,73.3,0.3098,0,1.24,4,1,0.2374,0
VALMO_ORD_0000427,CUST_002385,"Gali Number 6, Ghodbander B.O, Thane, Maharashtra, 401107",PIN:401107,1,57,1,297.78,Footwear,0.19,0,6,0.072,0.89,401107,Thane,Thane,Maharashtra,2,19.27999,72.90614,4FK-965-L8MM,0,0,427.8,0.2225,1,4.06,5,3,0.3166,0
VALMO_ORD_0000428,CUST_067458,"Opposite Panchayat Bhawan, Bypass Road, Patel Nagar, Aonla, Uttar Pradesh, 243301",LANDMARK:Opposite Panchayat Bhawan|ROAD:Bypass Road|LOCALITY:Patel Nagar|PIN:243301,4,81,0,571.49,Home_Kitchen,0.13,0,13,0.201,0.648,243301,Aonla,Bareilly,Uttar Pradesh,2,28.29883,79.25871,38K-FKF-6664,0,1,1351.8,0.4223,0,1.52,3,1,0.049,0
VALMO_ORD_0000429,CUST_014127,"Flat 505, Singh Apartments, Nehru Road, Adarsh Nagar, Thanjavur, Tamil Nadu, 611109",PREMISE:Flat 505|ROAD:Nehru Road|LOCALITY:Adarsh Nagar|PIN:611109,4,83,1,383.86,Apparel_Ethnic,0.22,1,0,0.0,0.786,611109,Thanjavur,Thanjavur,Tamil Nadu,3,10.68304,79.76166,M8J-7P9-LTCT,1,0,497.1,0.5082,1,3.27,3,4,0.3746,0
VALMO_ORD_0000430,CUST_012213,"Near Peepal Ka Ped, Hospital Road, Balaya Palli, Nellore, Andhra Pradesh, 524129",LANDMARK:Near Peepal Ka Ped|ROAD:Hospital Road|PIN:524129,3,80,1,413.97,Footwear,0.19,0,10,0.192,0.805,524129,Nellore,Nellore,Andhra Pradesh,2,13.84194,79.81895,46M-LJJ-5856,0,1,188.3,0.6514,0,2.32,3,3,0.2261,0
VALMO_ORD_0000431,CUST_002690,"Holding No. 333, Basti Subhash Nagar, Kalyan Marg, Didwin S.O, Hamirpur(Hp), Himachal Pradesh, 177401",ROAD:Kalyan Marg|LOCALITY:Basti Subhash Nagar|PIN:177401,3,101,1,232.75,Footwear,0.19,1,0,0.0,0.275,177401,Hamirpur(Hp),Hamirpur(Hp),Himachal Pradesh,3,31.62097,76.6291,CM8-CM4-6KTK,0,0,27.8,0.3292,2,7.75,5,1,0.382,0
VALMO_ORD_0000432,CUST_015133,"Khata No. 316, Village Rampur, Near Durga Mandir, College Road, Kalyan Nagar, Ludhiana, Punjab, 141010",PREMISE:Khata No. 316|LANDMARK:Near Durga Mandir|ROAD:College Road|LOCALITY:Village Rampur|PIN:141010,5,102,1,432.07,Apparel_Ethnic,0.22,0,10,0.139,0.639,141010,Ludhiana,Ludhiana,Punjab,2,30.88257,75.89272,CM2-KF5-KLCJ,1,1,158.6,0.9464,2,13.24,3,0,0.1906,0
VALMO_ORD_0000433,CUST_060953,"Opposite Shiv Mandir, Hospital Road, Purani Basti, Basti, Uttar Pradesh, 272162",LANDMARK:Opposite Shiv Mandir|ROAD:Hospital Road|LOCALITY:Purani Basti|PIN:272162,4,79,1,542.32,Personal_Care,0.08,0,3,0.061,0.922,272162,Basti,Basti,Uttar Pradesh,3,26.56678,82.96662,2J2-9M2-6MT9,0,1,79.0,0.6482,1,3.33,3,0,0.186,0
VALMO_ORD_0000434,CUST_026835,"House No. 96, Hospital Road, Vakkanad, Kollam, Kerala, 691509",PREMISE:House No. 96|ROAD:Hospital Road|PIN:691509,3,61,1,402.39,Footwear,0.19,1,0,0.0,0.589,691509,Kollam,Kollam,Kerala,3,8.93502,76.72606,M38-5FL-T33K,1,0,281.2,0.5511,1,5.29,5,2,0.2992,0
VALMO_ORD_0000435,CUST_059099,"Shanti Residency, Flat 747, Opposite State Bank of India, Subhash Path, Bhushan B.O, Bhiwani, Haryana, 127043",PREMISE:Shanti Residency|LANDMARK:Opposite State Bank of India|ROAD:Subhash Path|PIN:127043,4,109,1,725.17,Home_Kitchen,0.13,1,0,0.0,0.419,127043,Bhiwani,Bhiwani,Haryana,3,28.83555,75.73442,3C3-8KL-KJK3,1,1,34.3,0.9624,1,6.32,4,0,0.1802,0
VALMO_ORD_0000436,CUST_030574,"Near Hanuman Temple, Cinema Road, Paschim Vihar, New Delhi, Delhi, 110063",LANDMARK:Near Hanuman Temple|ROAD:Cinema Road|LOCALITY:Paschim Vihar|PIN:110063,4,73,1,802.78,Electronics_Accessories,0.12,0,4,0.029,0.816,110063,New Delhi,North Delhi,Delhi,1,28.68966,77.12335,39J-JT9-FL9K,0,1,75.0,0.664,0,1.36,4,4,0.206,0
VALMO_ORD_0000437,CUST_036843,"Flat 658, Yadav Apartments, Opposite State Bank of India, Subhash Path, Kalyan Nagar, Margao, Goa, 403801",PREMISE:Flat 658|LANDMARK:Opposite State Bank of India|ROAD:Subhash Path|LOCALITY:Kalyan Nagar|PIN:403801,5,105,1,230.92,Footwear,0.19,1,0,0.0,0.85,403801,Margao,South Goa,Goa,3,15.40724,73.83619,4K2-C9L-JLC7,1,1,76.8,0.9726,1,6.09,5,0,0.1825,0
VALMO_ORD_0000438,CUST_064613,"Holding No. 26, Basti Patel Nagar, Near Krishna Mandir, Station Road, Chathannur, Kollam, Kerala, 691572",LANDMARK:Near Krishna Mandir|ROAD:Station Road|LOCALITY:Basti Patel Nagar|PIN:691572,4,104,0,626.85,Apparel_Ethnic,0.22,0,2,0.138,0.815,691572,Kollam,Kollam,Kerala,3,8.86265,76.70215,M38-4T9-F38K,0,1,506.0,0.5324,2,9.29,4,0,0.0708,0
VALMO_ORD_0000439,CUST_049961,"Gokul Residency, Flat 616, Near Ganesh Mandir, Hospital Road, Badhada, Bhavnagar, Gujarat, 364522",PREMISE:Gokul Residency|LANDMARK:Near Ganesh Mandir|ROAD:Hospital Road|LOCALITY:Bhavnagar|PIN:364522,5,97,1,448.61,Home_Kitchen,0.13,0,12,0.124,0.514,364522,Bhavnagar,Bhavnagar,Gujarat,2,21.22559,71.36337,JT4-6T2-2P83,1,1,28.7,0.959,1,4.74,4,0,0.1385,1
VALMO_ORD_0000440,CUST_022458,"Vrindavan Niwas, Room 503, Near Peepal Ka Ped, Bypass Road, R K Puram West, New Delhi, Delhi, 110066",PREMISE:Vrindavan Niwas|LANDMARK:Near Peepal Ka Ped|ROAD:Bypass Road|LOCALITY:R K Puram|PIN:110066,5,100,1,215.26,Electronics_Accessories,0.12,0,7,0.215,0.757,110066,New Delhi,West Delhi,Delhi,1,28.54433,77.18315,39J-4MF-6M4P,1,1,174.3,0.9508,0,0.75,4,2,0.1435,1
VALMO_ORD_0000441,CUST_054639,"Ward No. 155, Mohalla Kalyan Nagar, Behind Saraswati Hospital, Industrial Area Phase 7, S.N. Temple, Dehradun, Uttarakhand, 249204",PREMISE:Ward No. 155|LANDMARK:Behind Saraswati Hospital|LOCALITY:Mohalla Kalyan Nagar|PIN:249204,4,130,1,676.59,Apparel_Ethnic,0.22,1,0,0.0,0.578,249204,Dehradun,Dehradun,Uttarakhand,2,30.06988,78.21394,CP5-LPP-F462,1,1,5.7,0.9738,0,2.93,3,1,0.1621,0
VALMO_ORD_0000442,CUST_002729,"Khata No. 121, Village Rampur, Beside Govt Hospital, Hospital Road, Karattadipalayam, Madurai, Tamil Nadu, 638453",PREMISE:Khata No. 121|LANDMARK:Beside Govt Hospital|ROAD:Hospital Road|LOCALITY:Village Rampur|PIN:638453,5,113,0,457.57,Apparel_Ethnic,0.22,0,9,0.172,0.696,638453,Madurai,Madurai,Tamil Nadu,2,11.42928,77.38524,M9F-958-8C4L,1,1,342.4,0.869,2,7.91,3,2,0.0634,0
VALMO_ORD_0000443,CUST_017018,"Opposite Shiv Mandir, Subhash Path, Industrial Complex, Bari Brahmana, Jammu & Kashmir, 181133",PREMISE:Industrial Complex|LANDMARK:Opposite Shiv Mandir|ROAD:Subhash Path|PIN:181133,4,94,1,252.65,Home_Kitchen,0.13,0,6,0.231,0.545,181133,Bari Brahmana,Jammu,Jammu & Kashmir,2,32.612,74.9184,C4K-3L7-L5PC,1,1,39.1,0.9642,1,4.44,3,1,0.1637,0
VALMO_ORD_0000444,CUST_044627,"Block B, Sector 281, Opposite HP Petrol Pump, Bypass Road, Chittur College, Thrissur, Kerala, 678104",PREMISE:Block B|LANDMARK:Opposite HP Petrol Pump|ROAD:Bypass Road|PIN:678104,4,100,1,481.64,Personal_Care,0.08,0,18,0.242,0.682,678104,Thrissur,Thrissur,Kerala,3,10.68863,76.71835,MC7-3T8-77CF,1,1,44.1,0.9757,0,1.47,3,0,0.1395,0
VALMO_ORD_0000445,CUST_067594,"Yadav Residency, Flat 165, Opposite State Bank of India, Industrial Area Phase 9, Advad, Jalgaon, Maharashtra, 425303",PREMISE:Yadav Residency|LANDMARK:Opposite State Bank of India|LOCALITY:Industrial Area Phase|PIN:425303,4,117,0,339.29,Apparel_Ethnic,0.22,1,0,0.0,0.63,425303,Jalgaon,Jalgaon,Maharashtra,2,21.20129,75.44291,3M4-L89-8M32,1,1,352.3,0.8921,2,8.8,2,2,0.0716,0
VALMO_ORD_0000446,CUST_052819,"Near Govt Primary School, Hospital Road, Adarsh Nagar, Chennai, Tamil Nadu, 600113",LANDMARK:Near Govt Primary School|ROAD:Hospital Road|LOCALITY:Adarsh Nagar|PIN:600113,4,82,0,250.58,Apparel_Ethnic,0.22,0,5,0.045,0.74,600113,Chennai,Chennai,Tamil Nadu,1,13.00501,80.24185,4T3-7JF-TC9M,0,1,101.3,0.6417,0,1.71,3,1,0.0343,0
VALMO_ORD_0000447,CUST_049316,"Behind Reliance Fresh, Main Bazaar Road, Shastri Nagar, Patratu, Jharkhand, 829118",LANDMARK:Behind Reliance Fresh|ROAD:Main Bazaar Road|LOCALITY:Shastri Nagar|PIN:829118,4,82,0,424.93,Home_Kitchen,0.13,0,3,0.223,0.519,829118,Patratu,Hazaribagh,Jharkhand,3,23.64145,85.30088,245-7KK-47CK,0,1,408.2,0.5866,1,3.93,4,1,0.0576,0
VALMO_ORD_0000448,CUST_050417,"Plot No. 275, Gali 13, Link Road, Sangam Vihar S.O, South Delhi, Delhi, 110080",PREMISE:Plot No. 275|ROAD:Link Road|LOCALITY:Sangam Vihar|PIN:110080,4,78,1,455.24,Apparel_Ethnic,0.22,0,5,0.091,0.683,110080,South Delhi,South Delhi,Delhi,1,28.47944,77.23854,39J-M28-F2L7,1,0,166.6,0.5996,1,5.43,3,0,0.162,0
VALMO_ORD_0000449,CUST_028857,"College Road, Sagar B I Bazar, Sagar, Madhya Pradesh, 470001",LANDMARK:Sagar B I Bazar|ROAD:College Road|PIN:470001,3,60,1,308.58,Apparel_Western,0.2,0,7,0.113,0.752,470001,Sagar,Sagar,Madhya Pradesh,3,23.79312,78.75832,356-F5J-JJ89,0,1,289.4,0.6068,0,3.0,5,0,0.1787,1
VALMO_ORD_0000450,CUST_065867,"Near Ram Mandir, Nehru Road, Baridih Colony, Paschimi Singhbhum, Jharkhand, 831017",LANDMARK:Near Ram Mandir|ROAD:Nehru Road|LOCALITY:Baridih Colony|PIN:831017,4,82,1,346.21,Electronics_Accessories,0.12,0,4,0.102,0.771,831017,Paschimi Singhbhum,Paschimi Singhbhum,Jharkhand,3,22.79476,86.23852,25L-M56-L5K8,0,1,462.2,0.5588,0,0.9,4,0,0.1792,0
VALMO_ORD_0000451,CUST_076745,"Flat 461, Vrindavan Apartments, Opposite HP Petrol Pump, Bypass Road, Gandhi Nagar, Nandurbar, Maharashtra, 425452",PREMISE:Flat 461|LANDMARK:Opposite HP Petrol Pump|ROAD:Bypass Road|LOCALITY:Gandhi Nagar|PIN:425452,5,114,1,295.35,Footwear,0.19,1,0,0.0,0.394,425452,Nandurbar,Nandurbar,Maharashtra,3,21.72152,73.94743,3L2-P3J-9978,1,1,97.2,0.9497,1,3.4,3,1,0.2083,1
VALMO_ORD_0000452,CUST_041268,"Station Road, Kalyan Nagar, Tiruchirappalli, Tamil Nadu, 621218",ROAD:Station Road|LOCALITY:Kalyan Nagar|PIN:621218,3,63,1,516.84,Apparel_Western,0.2,0,13,0.023,0.81,621218,Tiruchirappalli,Tiruchirappalli,Tamil Nadu,2,10.87295,78.75713,M97-F3T-726F,0,0,414.9,0.2245,1,6.73,3,0,0.2266,1
VALMO_ORD_0000453,CUST_078654,"Holding No. 281, Basti Subhash Nagar, Near Railway Crossing, Industrial Area Phase 5, Chamnad, Kasargode, Kerala, 671320",LANDMARK:Near Railway Crossing|LOCALITY:Basti Subhash Nagar|PIN:671320,3,120,1,462.06,Electronics_Accessories,0.12,0,8,0.175,0.449,671320,Kasargode,Kasargode,Kerala,3,12.40883,75.1162,4MK-25C-5259,0,1,107.6,0.6709,2,9.73,3,3,0.3411,0
VALMO_ORD_0000454,CUST_036706,"Khata No. 295, Village Rampur, Opposite Panchayat Bhawan, Bypass Road, Subhash Nagar, Ajmer, Rajasthan, 305025",PREMISE:Khata No. 295|LANDMARK:Opposite Panchayat Bhawan|ROAD:Bypass Road|LOCALITY:Village Rampur|PIN:305025,5,110,0,576.64,Apparel_Ethnic,0.22,0,10,0.139,0.765,305025,Ajmer,Ajmer,Rajasthan,2,26.42298,74.71988,3J7-7TK-93K9,1,1,192.3,0.9437,1,3.26,4,3,0.0495,0
VALMO_ORD_0000455,CUST_004045,"Ward No. 148, Mohalla Patel Nagar, Main Bazaar Road, Gandhi Nagar, Jaipur, Rajasthan, 303104",PREMISE:Ward No. 148|ROAD:Main Bazaar Road|LOCALITY:Mohalla Patel Nagar|PIN:303104,4,92,1,552.38,Apparel_Ethnic,0.22,1,0,0.0,0.694,303104,Jaipur,Jaipur,Rajasthan,2,27.1457,75.99867,339-F6P-L3L2,1,0,16.1,0.6041,0,1.9,3,4,0.2904,0
VALMO_ORD_0000456,CUST_041518,"Plot No. 118, Gali 6, Gali Number 5, Shastri Nagar, Mangalore, Karnataka, 574116",PREMISE:Plot No. 118|LOCALITY:Shastri Nagar|PIN:574116,3,80,1,447.27,Apparel_Western,0.2,0,3,0.336,0.796,574116,Mangalore,Dak. Kannada,Karnataka,2,13.22784,74.81317,4MF-L4T-J567,1,0,139.8,0.5883,2,17.57,5,0,0.2597,0
VALMO_ORD_0000457,CUST_064147,"Quarter No. 305, Railway Colony, Subhash Path, Red Fort, New Delhi, Delhi, 110006",PREMISE:Quarter No. 305|ROAD:Subhash Path|LOCALITY:Railway Colony|PIN:110006,4,81,1,419.61,Apparel_Western,0.2,0,5,0.256,0.713,110006,New Delhi,Central Delhi,Delhi,1,28.65574,77.21518,39J-49F-C8P6,1,0,537.1,0.4829,1,4.47,3,0,0.1875,0
VALMO_ORD_0000458,CUST_069470,"Shop No. 162, Grain Market, Behind Post Office, Temple Street, Lalmatia Colleiry, Aurangabad, Bihar, 814165",PREMISE:Shop No. 162|LANDMARK:Grain Market|ROAD:Temple Street|PIN:814165,4,107,1,413.99,Electronics_Accessories,0.12,0,13,0.264,0.785,814165,Aurangabad,Aurangabad,Bihar,2,25.07297,87.38931,22P-M7P-KMF5,1,1,19.6,0.9912,0,2.69,4,0,0.1251,0
VALMO_ORD_0000459,CUST_037742,"Nehru Road, Panjipara, West Dinajpur, West Bengal, 733208",ROAD:Nehru Road|LOCALITY:West Dinajpur|PIN:733208,3,57,1,716.55,Personal_Care,0.08,1,0,0.0,0.253,733208,West Dinajpur,West Dinajpur,West Bengal,3,26.107,88.00417,226-9CK-FFM8,0,0,65.4,0.3084,0,2.51,4,0,0.2427,0
VALMO_ORD_0000460,CUST_073986,"Holding No. 260, Basti Gandhi Nagar, Opposite State Bank of India, Temple Street, Halwara, Ludhiana, Punjab, 141107",LANDMARK:Opposite State Bank of India|ROAD:Temple Street|LOCALITY:Basti Gandhi Nagar|PIN:141107,4,115,1,298.05,Apparel_Ethnic,0.22,0,16,0.076,0.793,141107,Ludhiana,Ludhiana,Punjab,2,30.69834,75.65266,CM3-P3P-56JT,0,1,38.8,0.6598,1,3.68,3,1,0.1951,1
VALMO_ORD_0000461,CUST_032557,"Ring Road, Langareeyawas B.O, Jaipur, Rajasthan, 302027",ROAD:Ring Road|LOCALITY:Jaipur|PIN:302027,3,55,1,324.99,Apparel_Western,0.2,0,1,0.108,0.8,302027,Jaipur,Jaipur,Rajasthan,2,26.97044,75.87672,339-JLL-L8L5,0,0,139.0,0.3114,0,0.78,3,1,0.219,0
VALMO_ORD_0000462,CUST_032692,"Holding No. 261, Basti Kalyan Nagar, Cinema Road, Paluvally, Trivandrum, Kerala, 695562",ROAD:Cinema Road|LOCALITY:Basti Kalyan Nagar|PIN:695562,3,87,1,264.17,Apparel_Western,0.2,1,0,0.0,0.326,695562,Trivandrum,Trivandrum,Kerala,3,8.70283,77.01024,M2F-LL4-J992,0,0,75.5,0.3152,1,4.22,3,1,0.3118,0
VALMO_ORD_0000463,CUST_031629,"Khata No. 169, Village Rampur, Behind Reliance Fresh, College Road, Kalyan Nagar, Guntur, Andhra Pradesh, 522660",PREMISE:Khata No. 169|LANDMARK:Behind Reliance Fresh|ROAD:College Road|LOCALITY:Village Rampur|PIN:522660,5,112,1,368.29,Apparel_Western,0.2,0,13,0.368,0.781,522660,Guntur,Guntur,Andhra Pradesh,2,15.93959,79.7378,46F-836-PJLL,1,1,790.9,0.7807,0,0.96,3,0,0.1571,0
VALMO_ORD_0000464,CUST_069290,"Khata No. 318, Village Rampur, Behind Reliance Fresh, Gandhi Marg, Purani Basti, Karimnagar, Telangana, 505306",PREMISE:Khata No. 318|LANDMARK:Behind Reliance Fresh|ROAD:Gandhi Marg|LOCALITY:Village Rampur|PIN:505306,5,110,1,291.38,Apparel_Western,0.2,1,0,0.0,0.438,505306,Karimnagar,Karimnagar,Telangana,3,18.7256,78.75219,49T-F47-M48L,1,1,54.4,0.9332,2,12.01,3,0,0.2432,1
VALMO_ORD_0000465,CUST_000416,"Near Water Tank, Temple Street, Kantaphore, Dewas, Madhya Pradesh, 455440",LANDMARK:Near Water Tank|ROAD:Temple Street|PIN:455440,3,73,0,446.73,Apparel_Ethnic,0.22,1,0,0.0,0.75,455440,Dewas,Dewas,Madhya Pradesh,3,22.66349,76.60762,3M8-CK7-M32T,0,1,18.4,0.6571,0,0.86,4,2,0.0625,0
VALMO_ORD_0000466,CUST_064872,"Shop No. 338, Cloth Market, Near Peepal Ka Ped, Industrial Area Phase 5, Azad Nagar, Ahmedabad, Gujarat, 380019",PREMISE:Shop No. 338|LANDMARK:Cloth Market|LOCALITY:Industrial Area Phase|PIN:380019,4,111,1,354.69,Home_Kitchen,0.13,0,19,0.375,0.415,380019,Ahmedabad,Ahmedabad,Gujarat,1,23.1102,72.53945,3KL-J3L-C87C,1,1,434.7,0.8812,1,5.92,2,0,0.1455,0
VALMO_ORD_0000467,CUST_059210,"Behind Ganesh Hospital, Link Road, Patel Nagar, Coimbatore, Tamil Nadu, 641025",LANDMARK:Behind Ganesh Hospital|ROAD:Link Road|LOCALITY:Patel Nagar|PIN:641025,4,78,1,509.15,Apparel_Ethnic,0.22,0,9,0.031,0.531,641025,Coimbatore,Coimbatore,Tamil Nadu,2,11.03308,76.93018,MC8-T2J-FK89,0,1,23.9,0.6782,0,0.53,2,2,0.1869,1
VALMO_ORD_0000468,CUST_073675,"Verma Niwas, Room 556, Near Bus Stand, Subhash Path, Bhonrasa Neori, Indore, Madhya Pradesh, 455115",PREMISE:Verma Niwas|LANDMARK:Near Bus Stand|ROAD:Subhash Path|PIN:455115,4,99,0,647.07,Footwear,0.19,0,9,0.061,0.716,455115,Indore,Indore,Madhya Pradesh,2,22.96693,76.05045,34P-4JT-77C2,1,1,176.2,0.9382,1,4.26,2,2,0.0412,0
VALMO_ORD_0000469,CUST_078238,"House No. 222, College Road, Gandhi Nagar, Khour, Jammu & Kashmir, 181203",PREMISE:House No. 222|ROAD:College Road|LOCALITY:Gandhi Nagar|PIN:181203,4,73,1,256.83,Personal_Care,0.08,1,0,0.0,0.854,181203,Khour,Jammu,Jammu & Kashmir,2,32.82976,74.53464,CK6-937-C677,1,0,221.0,0.5796,0,2.87,2,0,0.1812,1
VALMO_ORD_0000470,CUST_005513,"Shop No. 85, Main Market, Main Bazaar Road, Adarsh Nagar, Raiwala, Uttarakhand, 249205",PREMISE:Shop No. 85|LANDMARK:Main Market|ROAD:Main Bazaar Road|LOCALITY:Adarsh Nagar|PIN:249205,5,86,0,826.38,Apparel_Western,0.2,1,0,0.0,0.309,249205,Raiwala,Dehradun,Uttarakhand,2,30.04252,78.21088,CPP-F94-7F33,1,1,33.8,0.9855,2,7.28,3,4,0.0863,0
VALMO_ORD_0000471,CUST_003665,"Khata No. 158, Village Rampur, Behind Reliance Fresh, Nehru Road, Katraj, Pune, Maharashtra, 411046",PREMISE:Khata No. 158|LANDMARK:Behind Reliance Fresh|ROAD:Nehru Road|LOCALITY:Village Rampur|PIN:411046,5,99,1,150.0,Apparel_Ethnic,0.22,1,0,0.0,0.214,411046,Pune,Pune,Maharashtra,1,18.45678,73.83814,4FP-45F-3LKJ,1,1,196.7,0.9356,1,6.88,2,1,0.1692,0
VALMO_ORD_0000472,CUST_053945,"Quarter No. 158, Railway Colony, Behind Reliance Fresh, Main Bazaar Road, Subhash Nagar, Etah, Uttar Pradesh, 202132",PREMISE:Quarter No. 158|LANDMARK:Behind Reliance Fresh|ROAD:Main Bazaar Road|LOCALITY:Railway Colony|PIN:202132,5,116,0,520.81,Footwear,0.19,0,5,0.112,0.587,202132,Etah,Etah,Uttar Pradesh,3,28.08491,77.87191,394-5F7-F8CJ,1,1,65.6,0.9553,0,1.52,4,0,0.0309,0
VALMO_ORD_0000473,CUST_023960,"Near Bus Stand, Industrial Area Phase 2, Adarsh Nagar, Hyderabad, Telangana, 500009",LANDMARK:Near Bus Stand|LOCALITY:Industrial Area Phase|PIN:500009,3,83,1,189.61,Apparel_Ethnic,0.22,0,13,0.232,0.893,500009,Hyderabad,Hyderabad,Telangana,1,17.47263,78.50439,422-258-JP95,0,1,34.2,0.6829,0,0.61,2,0,0.1419,0
VALMO_ORD_0000474,CUST_031590,"Holding No. 38, Basti Shastri Nagar, Opposite State Bank of India, Link Road, Kahma, Jalandhar, Punjab, 144512",LANDMARK:Opposite State Bank of India|ROAD:Link Road|LOCALITY:Basti Shastri Nagar|PIN:144512,4,110,0,413.04,Apparel_Western,0.2,0,5,0.042,0.983,144512,Jalandhar,Jalandhar,Punjab,2,31.1558,76.04501,CM2-CFT-434T,0,1,63.7,0.6604,0,1.14,4,0,0.0333,0
VALMO_ORD_0000475,CUST_046994,"Singh Niwas, Room 358, Near Hanuman Mandir, Link Road, Subhash Nagar, Sultanpur, Uttar Pradesh, 227801",PREMISE:Singh Niwas|LANDMARK:Near Hanuman Mandir|ROAD:Link Road|LOCALITY:Subhash Nagar|PIN:227801,5,102,1,454.18,Apparel_Western,0.2,0,6,0.259,0.508,227801,Sultanpur,Sultanpur,Uttar Pradesh,3,26.35322,81.63627,2JJ-K76-9FKC,1,1,108.9,0.9464,2,17.07,2,0,0.2224,0
VALMO_ORD_0000476,CUST_039322,"House No. 179, Opposite Shiv Mandir, Ring Road, Adarsh Nagar, Hyderabad, Telangana, 500016",PREMISE:House No. 179|LANDMARK:Opposite Shiv Mandir|ROAD:Ring Road|LOCALITY:Adarsh Nagar|PIN:500016,5,90,0,367.56,Apparel_Western,0.2,0,4,0.133,0.899,500016,Hyderabad,Hyderabad,Telangana,1,17.44403,78.44953,422-24L-6P8L,1,1,186.5,0.9108,1,6.91,3,1,0.0333,0
VALMO_ORD_0000477,CUST_067408,"Ward No. 297, Mohalla Patel Nagar, Behind Post Office, Temple Street, Raipur Mana Camp, Raipur, Chhattisgarh, 492015",PREMISE:Ward No. 297|LANDMARK:Behind Post Office|ROAD:Temple Street|LOCALITY:Mohalla Patel Nagar|PIN:492015,5,116,1,363.37,Apparel_Western,0.2,0,5,0.105,0.776,492015,Raipur,Raipur,Chhattisgarh,2,21.19473,81.70495,2LK-MC8-MMJC,1,1,80.2,0.978,1,4.52,2,0,0.1388,0
VALMO_ORD_0000478,CUST_045908,"Near Bus Stand, Kalyan Marg, Dilshad Garden, New Delhi, Delhi, 110032",LANDMARK:Near Bus Stand|ROAD:Kalyan Marg|PIN:110032,3,69,1,236.71,Apparel_Ethnic,0.22,0,4,0.056,0.543,110032,New Delhi,East Delhi,Delhi,1,28.67849,77.26609,39J-3T2-3L49,0,1,996.7,0.4291,2,12.1,5,1,0.2602,0
VALMO_ORD_0000479,CUST_000962,"Shop No. 203, Main Market, Near Bus Stand, College Road, Jais, Jais, Uttar Pradesh, 229305",PREMISE:Shop No. 203|LANDMARK:Main Market|ROAD:College Road|PIN:229305,4,90,0,413.95,Footwear,0.19,0,6,0.239,0.442,229305,Jais,Raibareilly,Uttar Pradesh,2,26.22713,81.56599,2JJ-L38-2KF2,1,1,190.8,0.9412,2,13.97,5,1,0.0533,0
VALMO_ORD_0000480,CUST_057290,"Holding No. 235, Basti Purani Basti, Gali Number 1, Gandhi Nagar Sector 9, Gandhinagar, Gujarat, 382009",PREMISE:Sector 9|LOCALITY:Basti Purani Basti|PIN:382009,3,103,1,425.58,Apparel_Western,0.2,1,0,0.0,0.353,382009,Gandhinagar,Gandhi Nagar,Gujarat,3,23.19324,72.64848,3KL-CLJ-62CJ,1,0,7.6,0.6373,1,3.32,3,0,0.2296,1
VALMO_ORD_0000481,CUST_066890,"Near Bus Stand, Kalyan Marg, Jadarpalayam, Salem, Tamil Nadu, 637213",LANDMARK:Near Bus Stand|ROAD:Kalyan Marg|PIN:637213,3,68,1,830.13,Personal_Care,0.08,0,3,0.203,0.605,637213,Salem,Salem,Tamil Nadu,2,11.37595,77.908,M9C-9M6-CJT7,0,1,64.9,0.6584,2,14.59,3,0,0.2272,1
VALMO_ORD_0000482,CUST_046449,"Main Bazaar Road, Purani Basti, Warangal, Telangana, 506142",ROAD:Main Bazaar Road|LOCALITY:Purani Basti|PIN:506142,3,59,1,410.92,Apparel_Ethnic,0.22,0,11,0.066,0.41,506142,Warangal,Warangal,Telangana,2,17.85399,79.46696,47F-4PJ-99T6,0,0,97.1,0.2924,0,2.17,2,0,0.1956,0
VALMO_ORD_0000483,CUST_052217,"Behind Post Office, Kalyan Marg, Mohada, Yeotamal, Maharashtra, 445323",LANDMARK:Behind Post Office|ROAD:Kalyan Marg|PIN:445323,3,70,1,399.83,Apparel_Western,0.2,0,14,0.149,0.651,445323,Yeotamal,Yeotamal,Maharashtra,3,20.18609,78.46005,499-5CP-KM7T,0,1,305.7,0.6028,1,5.56,3,0,0.2069,0
VALMO_ORD_0000484,CUST_066142,"Subhash Path, Nambinagar, Tirunelveli, Tamil Nadu, 627108",ROAD:Subhash Path|LOCALITY:Nambinagar|PIN:627108,3,57,1,342.91,Apparel_Ethnic,0.22,0,18,0.178,0.644,627108,Tirunelveli,Tirunelveli,Tamil Nadu,2,8.47434,77.67232,M23-J6F-3889,0,0,426.2,0.2164,1,3.18,2,2,0.3011,0
VALMO_ORD_0000485,CUST_079718,"Holding No. 295, Basti Subhash Nagar, Opposite State Bank of India, Kalyan Marg, Chillatara, Banda, Uttar Pradesh, 210123",LANDMARK:Opposite State Bank of India|ROAD:Kalyan Marg|LOCALITY:Basti Subhash Nagar|PIN:210123,4,121,1,258.46,Home_Kitchen,0.13,0,6,0.282,0.716,210123,Banda,Banda,Uttar Pradesh,3,25.74115,80.53978,375-4KP-56T8,0,1,208.1,0.6295,1,3.71,4,0,0.21,0
VALMO_ORD_0000486,CUST_050433,"Plot No. 177, Gali 12, Bypass Road, Fort Songadh, Surat, Gujarat, 394670",PREMISE:Plot No. 177|ROAD:Bypass Road|PIN:394670,3,72,0,200.7,Apparel_Western,0.2,0,6,0.043,0.83,394670,Surat,Surat,Gujarat,3,21.15324,73.54316,3L4-T32-56LJ,1,0,100.0,0.6087,2,15.89,3,0,0.0631,0
VALMO_ORD_0000487,CUST_041242,"Ward No. 343, Mohalla Kalyan Nagar, Near Hanuman Temple, Temple Street, Tikkabali, Kandhamal, Odisha, 762010",PREMISE:Ward No. 343|LANDMARK:Near Hanuman Temple|ROAD:Temple Street|LOCALITY:Mohalla Kalyan Nagar|PIN:762010,5,108,1,297.41,Apparel_Ethnic,0.22,1,0,0.0,0.76,762010,Kandhamal,Kandhamal,Odisha,3,20.2041,84.32252,5CC-KF3-K5K6,1,1,24.0,0.9727,0,2.56,2,0,0.1616,0
VALMO_ORD_0000488,CUST_021771,"Plot No. 266, Gali 7, Link Road, Dondilohara, Durg, Chhattisgarh, 491771",PREMISE:Plot No. 266|ROAD:Link Road|PIN:491771,3,72,1,412.0,Apparel_Ethnic,0.22,0,3,0.038,0.67,491771,Durg,Durg,Chhattisgarh,3,20.83698,81.02043,3TT-J53-4568,1,0,234.8,0.5734,0,3.0,3,0,0.1784,0
VALMO_ORD_0000489,CUST_012337,"Main Bazaar Road, Adarsh Nagar, Srikakulam, Andhra Pradesh, 532211",ROAD:Main Bazaar Road|LOCALITY:Adarsh Nagar|PIN:532211,3,66,0,545.41,Home_Kitchen,0.13,1,0,0.0,0.679,532211,Srikakulam,Srikakulam,Andhra Pradesh,3,18.56085,84.29165,5CL-7TC-55FJ,0,0,607.1,0.146,2,17.08,5,1,0.1225,0
VALMO_ORD_0000490,CUST_074789,"Khata No. 120, Village Rampur, Opposite State Bank of India, Gandhi Marg, Gandhi Nagar, Nashik, Maharashtra, 422402",PREMISE:Khata No. 120|LANDMARK:Opposite State Bank of India|ROAD:Gandhi Marg|LOCALITY:Village Rampur|PIN:422402,5,115,0,858.88,Personal_Care,0.08,1,0,0.0,0.673,422402,Nashik,Nashik,Maharashtra,2,19.71022,73.64247,4F2-JK3-T7TF,1,1,350.0,0.8935,2,15.19,2,0,0.0517,0
VALMO_ORD_0000491,CUST_036304,"Gandhi Marg, Koregaon, Gadchiroli, Maharashtra, 415501",ROAD:Gandhi Marg|PIN:415501,2,54,1,453.43,Apparel_Western,0.2,0,4,0.184,0.723,415501,Gadchiroli,Gadchiroli,Maharashtra,3,17.70667,74.13924,4J9-TP2-PJF2,0,0,246.1,0.2607,2,11.42,3,0,0.33,1
VALMO_ORD_0000492,CUST_028378,"Radhe Niwas, Room 592, Opposite HP Petrol Pump, Gali Number 2, Industrial Estate Moulali, Hyderabad, Telangana, 500040",PREMISE:Radhe Niwas|LANDMARK:Opposite HP Petrol Pump|PIN:500040,3,118,1,673.61,Footwear,0.19,0,2,0.034,0.878,500040,Hyderabad,Hyderabad,Telangana,1,17.47466,78.57716,422-7K8-CTJP,1,1,12.5,0.9955,0,2.89,5,0,0.1015,0
VALMO_ORD_0000493,CUST_065504,"Shop No. 116, Main Market, Link Road, Subhash Nagar, Gadchiroli, Maharashtra, 442605",PREMISE:Shop No. 116|LANDMARK:Main Market|ROAD:Link Road|LOCALITY:Subhash Nagar|PIN:442605,5,84,1,368.97,Electronics_Accessories,0.12,1,0,0.0,0.633,442605,Gadchiroli,Chandrapur,Maharashtra,3,20.20338,80.07527,48C-483-6PMM,1,1,525.2,0.85,0,0.64,2,0,0.1705,0
VALMO_ORD_0000494,CUST_062061,"Gokul Residency, Flat 509, Kalyan Marg, H D Kote, Mysore, Karnataka, 571114",PREMISE:Gokul Residency|ROAD:Kalyan Marg|PIN:571114,3,75,1,338.01,Electronics_Accessories,0.12,0,2,0.293,0.839,571114,Mysore,Mysore,Karnataka,2,12.03093,76.31788,4MP-8FP-42JT,1,0,216.7,0.5879,1,4.07,2,0,0.1934,1
VALMO_ORD_0000495,CUST_073408,"Shanti Niwas, Room 551, Near Peepal Ka Ped, Gandhi Marg, Bhadugaon B.O, Hoshangabad, Madhya Pradesh, 461228",PREMISE:Shanti Niwas|LANDMARK:Near Peepal Ka Ped|ROAD:Gandhi Marg|PIN:461228,4,107,1,458.05,Home_Kitchen,0.13,1,0,0.0,0.217,461228,Hoshangabad,Hoshangabad,Madhya Pradesh,3,22.40686,77.19939,3PF-43P-9966,1,1,4.1,0.9882,0,2.0,2,2,0.1969,0
VALMO_ORD_0000496,CUST_047379,"Radhe Niwas, Room 259, Cinema Road, Patel Nagar, Sedam, Karnataka, 585222",PREMISE:Radhe Niwas|ROAD:Cinema Road|LOCALITY:Patel Nagar|PIN:585222,4,73,1,187.47,Apparel_Western,0.2,0,7,0.16,0.575,585222,Sedam,Gulbarga,Karnataka,2,17.16491,77.2933,42J-PKM-3M72,1,0,79.5,0.6059,0,0.51,3,1,0.1832,0
VALMO_ORD_0000497,CUST_029589,"Opposite State Bank of India, Cinema Road, Farmana S.O, Sonipat, Haryana, 131408",LANDMARK:Opposite State Bank of India|ROAD:Cinema Road|PIN:131408,3,80,1,1064.66,Apparel_Western,0.2,1,0,0.0,0.591,131408,Sonipat,Sonipat,Haryana,3,29.00397,76.8386,3C8-P6C-25LP,0,1,403.7,0.5849,1,5.96,4,2,0.294,1
VALMO_ORD_0000498,CUST_011404,"Behind Laxmi Hospital, Subhash Path, Patel Nagar, New Delhi, Delhi, 110062",LANDMARK:Behind Laxmi Hospital|ROAD:Subhash Path|LOCALITY:Patel Nagar|PIN:110062,4,74,1,439.74,Apparel_Western,0.2,1,0,0.0,0.615,110062,New Delhi,South Delhi,Delhi,1,28.51363,77.22714,39J-M9C-8M46,0,1,252.1,0.6137,0,2.61,3,1,0.1847,0
VALMO_ORD_0000499,CUST_020859,"Near Water Tank, Gandhi Marg, Patel Nagar, Beed, Maharashtra, 431126",LANDMARK:Near Water Tank|ROAD:Gandhi Marg|LOCALITY:Patel Nagar|PIN:431126,4,68,0,372.11,Apparel_Western,0.2,0,8,0.081,0.635,431126,Beed,Beed,Maharashtra,3,18.70501,75.75729,4CM-8L9-9M56,0,1,205.0,0.6246,2,10.98,4,2,0.0831,0
VALMO_ORD_0000500,CUST_008013,"Singh Niwas, Room 502, Kalyan Marg, Gandhi Nagar, Harraiya, Uttar Pradesh, 272135",PREMISE:Singh Niwas|ROAD:Kalyan Marg|LOCALITY:Gandhi Nagar|PIN:272135,4,81,0,529.32,Apparel_Ethnic,0.22,0,3,0.136,0.774,272135,Harraiya,Basti,Uttar Pradesh,3,26.7859,82.47832,2JC-P78-MFT7,1,0,110.4,0.6083,0,1.82,3,0,0.042,0
VALMO_ORD_0000501,CUST_026708,"Behind Post Office, Industrial Area Phase 9, Dehurda, Baleshwar, Odisha, 756036",LANDMARK:Behind Post Office|LOCALITY:Industrial Area Phase|PIN:756036,3,79,1,266.03,Electronics_Accessories,0.12,0,3,0.336,0.882,756036,Baleshwar,Baleshwar,Odisha,3,21.66315,87.42401,2P2-PKP-KK4C,0,1,194.7,0.6228,1,3.6,2,2,0.2679,0
VALMO_ORD_0000502,CUST_016214,"Shop No. 274, Grain Market, Near Saraswati Mandir, Industrial Area Phase 6, Thathiengarpet, Tiruchirappalli, Tamil Nadu, 621214",PREMISE:Shop No. 274|LANDMARK:Grain Market|LOCALITY:Industrial Area Phase|PIN:621214,4,127,1,500.75,Apparel_Western,0.2,0,8,0.397,0.596,621214,Tiruchirappalli,Tiruchirappalli,Tamil Nadu,2,11.14104,78.45828,M99-54C-T22T,1,1,28.1,0.9769,2,12.07,2,1,0.2313,0
VALMO_ORD_0000503,CUST_035372,"Flat 105, Krishna Apartments, Kalyan Marg, Fort Gloster, Howrah, West Bengal, 711310",PREMISE:Flat 105|ROAD:Kalyan Marg|PIN:711310,3,84,1,480.7,Electronics_Accessories,0.12,1,0,0.0,0.356,711310,Howrah,Howrah,West Bengal,2,22.51866,88.16011,2P8-744-7JC4,1,0,162.4,0.5833,0,0.79,4,0,0.1831,0
VALMO_ORD_0000504,CUST_036005,"Shop No. 116, Main Market, Station Road, Purani Basti, Jammu, Jammu & Kashmir, 181201",PREMISE:Shop No. 116|LANDMARK:Main Market|ROAD:Station Road|LOCALITY:Purani Basti|PIN:181201,5,85,0,470.27,Footwear,0.19,1,0,0.0,0.368,181201,Jammu,Jammu,Jammu & Kashmir,2,32.93374,74.7431,CK7-T67-J7C7,1,1,98.6,0.9665,2,13.7,3,0,0.0508,0
VALMO_ORD_0000505,CUST_065027,"Ward No. 309, Mohalla Azad Nagar, Beside Govt Hospital, Industrial Area Phase 9, Shastri Nagar, Chitapur, Karnataka, 585218",PREMISE:Ward No. 309|LANDMARK:Beside Govt Hospital|LOCALITY:Mohalla Azad Nagar|PIN:585218,4,123,1,579.46,Apparel_Ethnic,0.22,0,9,0.31,0.728,585218,Chitapur,Gulbarga,Karnataka,2,16.86725,77.00268,42K-JLJ-3J8P,1,1,132.7,0.9336,1,3.51,4,0,0.158,0
VALMO_ORD_0000506,CUST_039052,"Quarter No. 319, Railway Colony, Subhash Path, Azad Nagar, Ahmedabad, Gujarat, 382449",PREMISE:Quarter No. 319|ROAD:Subhash Path|LOCALITY:Railway Colony|PIN:382449,4,85,1,791.75,Apparel_Ethnic,0.22,0,5,0.107,0.594,382449,Ahmedabad,Ahmedabad,Gujarat,1,22.99279,72.71201,3KL-42F-J488,1,0,750.3,0.4567,1,3.75,3,2,0.2274,0
VALMO_ORD_0000507,CUST_003927,"Nehru Road, Ashok Nagar S.O (Nashik), Nashik, Maharashtra, 422012",ROAD:Nehru Road|LOCALITY:Ashok Nagar|PIN:422012,3,65,0,654.74,Apparel_Ethnic,0.22,0,4,0.17,0.865,422012,Nashik,Nashik,Maharashtra,2,19.96754,73.71563,4F9-LP9-4J77,0,0,338.7,0.2568,1,3.48,2,0,0.0578,0
VALMO_ORD_0000508,CUST_076102,"House No. 114, Near Water Tank, College Road, Lakhan Majra, Rohtak, Haryana, 124514",PREMISE:House No. 114|LANDMARK:Near Water Tank|ROAD:College Road|PIN:124514,4,83,0,538.25,Footwear,0.19,0,1,0.029,0.485,124514,Rohtak,Rohtak,Haryana,3,28.9989,76.52852,3C8-L52-CC9T,1,1,130.4,0.9485,0,1.17,3,0,0.0298,0
VALMO_ORD_0000509,CUST_074691,"Gokul Niwas, Room 796, Opposite Shiv Mandir, Ring Road, Daund, Daund, Maharashtra, 413801",PREMISE:Gokul Niwas|LANDMARK:Opposite Shiv Mandir|ROAD:Ring Road|PIN:413801,4,89,0,699.67,Footwear,0.19,1,0,0.0,0.385,413801,Daund,Pune,Maharashtra,1,18.45309,74.597,4FT-569-P438,1,1,151.4,0.9588,1,3.25,2,0,0.0327,1
VALMO_ORD_0000510,CUST_045380,"Near Water Tank, Gali Number 3, Secunderabad R S, Hyderabad, Telangana, 500025",LANDMARK:Near Water Tank|PIN:500025,2,78,1,835.55,Footwear,0.19,0,4,0.007,0.835,500025,Hyderabad,Hyderabad,Telangana,1,17.41868,78.52118,422-2T4-K3J7,0,1,78.2,0.6452,0,1.09,5,0,0.1305,0
VALMO_ORD_0000511,CUST_047085,"Opposite Panchayat Bhawan, Gali Number 7, Pilukhera, Jind, Haryana, 126113",LANDMARK:Opposite Panchayat Bhawan|PIN:126113,2,74,1,373.43,Footwear,0.19,0,7,0.138,0.968,126113,Jind,Jind,Haryana,3,29.33118,76.53135,3C8-J9P-9P73,0,1,3.1,0.6622,1,6.53,2,0,0.1972,0
VALMO_ORD_0000512,CUST_040606,"Block B, Sector 259, Industrial Area Phase 8, Electronics City S.O, Bangalore, Karnataka, 560100",PREMISE:Block B|LOCALITY:Industrial Area Phase|PIN:560100,3,96,1,328.6,Footwear,0.19,0,11,0.486,0.842,560100,Bangalore,Bangalore,Karnataka,1,12.84774,77.69279,4P3-K75-64K9,1,0,81.2,0.618,1,6.61,4,0,0.1877,1
VALMO_ORD_0000513,CUST_025090,"Khata No. 218, Village Rampur, Opposite Panchayat Bhawan, Cinema Road, Adarsh Nagar, Mumbai, Maharashtra, 400058",PREMISE:Khata No. 218|LANDMARK:Opposite Panchayat Bhawan|ROAD:Cinema Road|LOCALITY:Village Rampur|PIN:400058,5,112,0,540.35,Home_Kitchen,0.13,0,13,0.105,0.898,400058,Mumbai,Mumbai,Maharashtra,1,19.15138,72.81005,4FK-2K7-3LC2,1,1,70.7,0.9724,1,6.35,4,0,0.0264,0
VALMO_ORD_0000514,CUST_017809,"Khata No. 239, Village Rampur, Station Road, Dapodi, Pune, Maharashtra, 411012",PREMISE:Khata No. 239|ROAD:Station Road|LOCALITY:Village Rampur|PIN:411012,4,78,0,401.24,Apparel_Ethnic,0.22,1,0,0.0,0.793,411012,Pune,Pune,Maharashtra,1,18.59332,73.83958,4FP-35F-MP99,1,0,427.2,0.5178,1,3.12,3,1,0.0544,0
VALMO_ORD_0000515,CUST_015005,"Near Hanuman Temple, Nehru Road, Balh B.O, Una, Himachal Pradesh, 174321",LANDMARK:Near Hanuman Temple|ROAD:Nehru Road|PIN:174321,3,72,1,153.5,Home_Kitchen,0.13,1,0,0.0,0.398,174321,Una,Una,Himachal Pradesh,3,31.58655,76.34684,CM9-7C4-5268,0,1,743.4,0.5035,2,13.24,4,0,0.3104,0
VALMO_ORD_0000516,CUST_018544,"Flat 310, Verma Apartments, Behind Reliance Fresh, Bypass Road, Shastri Nagar, Jalpaiguri, West Bengal, 735134",PREMISE:Flat 310|LANDMARK:Behind Reliance Fresh|ROAD:Bypass Road|LOCALITY:Shastri Nagar|PIN:735134,5,110,1,406.86,Footwear,0.19,0,16,0.383,0.572,735134,Jalpaiguri,Jalpaiguri,West Bengal,3,26.53287,88.53321,27J-2FJ-K72M,1,1,290.6,0.9101,1,6.02,3,0,0.1844,0
VALMO_ORD_0000517,CUST_020123,"Gandhi Marg, Kunnamkulam, Thrissur, Kerala, 680503",ROAD:Gandhi Marg|PIN:680503,2,50,1,213.96,Apparel_Ethnic,0.22,0,6,0.299,0.683,680503,Thrissur,Thrissur,Kerala,3,10.62981,76.06194,MC2-4CM-CFC4,0,0,3.5,0.3403,0,1.97,3,0,0.2326,0
VALMO_ORD_0000518,CUST_007292,"Ward No. 95, Mohalla Shastri Nagar, Behind Reliance Fresh, Link Road, Pallipurathussery, Kottayam, Kerala, 686606",PREMISE:Ward No. 95|LANDMARK:Behind Reliance Fresh|ROAD:Link Road|LOCALITY:Mohalla Shastri Nagar|PIN:686606,5,113,0,202.3,Electronics_Accessories,0.12,0,6,0.122,0.85,686606,Kottayam,Kottayam,Kerala,3,9.70705,76.38765,MCP-85P-MMML,1,1,350.5,0.9083,0,1.75,3,2,0.0415,0
VALMO_ORD_0000519,CUST_078138,"Khata No. 15, Village Rampur, Behind Post Office, Link Road, Azad Nagar, Srinagar, Jammu & Kashmir, 190014",PREMISE:Khata No. 15|LANDMARK:Behind Post Office|ROAD:Link Road|LOCALITY:Village Rampur|PIN:190014,5,106,0,407.76,Apparel_Ethnic,0.22,0,6,0.151,0.71,190014,Srinagar,Srinagar,Jammu & Kashmir,2,34.02695,74.78681,C3L-LMF-L6LL,1,1,105.7,0.9588,2,17.72,3,3,0.0669,0
VALMO_ORD_0000520,CUST_013499,"Opposite Shiv Mandir, Gandhi Marg, Patel Nagar, Bhopal, Madhya Pradesh, 462037",LANDMARK:Opposite Shiv Mandir|ROAD:Gandhi Marg|LOCALITY:Patel Nagar|PIN:462037,4,78,1,420.85,Home_Kitchen,0.13,1,0,0.0,0.647,462037,Bhopal,Bhopal,Madhya Pradesh,2,23.31471,77.42197,35K-TLL-KLLP,0,1,51.0,0.6764,0,0.69,3,1,0.1938,0
VALMO_ORD_0000521,CUST_033225,"Plot No. 134, Gali 7, Cinema Road, Naya Gaon S.O (Mohali), Mohali, Punjab, 160103",PREMISE:Plot No. 134|ROAD:Cinema Road|PIN:160103,3,81,1,353.12,Apparel_Western,0.2,0,7,0.094,0.726,160103,Mohali,Mohali,Punjab,3,30.78826,76.81722,CM7-5P7-J6MF,1,0,105.9,0.6225,0,2.42,3,1,0.1973,0
VALMO_ORD_0000522,CUST_039084,"Ward No. 349, Mohalla Adarsh Nagar, Gandhi Marg, Madanpur Purnia, Purnia, Bihar, 854333",PREMISE:Ward No. 349|ROAD:Gandhi Marg|LOCALITY:Mohalla Adarsh Nagar|PIN:854333,4,87,1,342.28,Apparel_Ethnic,0.22,1,0,0.0,0.595,854333,Purnia,Purnia,Bihar,3,26.24592,87.42461,222-PF5-FMM2,1,0,120.0,0.603,0,2.07,3,0,0.2088,0
VALMO_ORD_0000523,CUST_029089,"Gandhi Marg, Adarsh Nagar, Latur, Maharashtra, 413531",ROAD:Gandhi Marg|LOCALITY:Adarsh Nagar|PIN:413531,3,53,0,182.26,Apparel_Ethnic,0.22,0,9,0.192,0.647,413531,Latur,Latur,Maharashtra,3,18.38122,76.57245,4CT-L87-C392,0,0,14.0,0.328,0,2.2,4,0,0.0542,0
VALMO_ORD_0000524,CUST_009149,"Plot No. 144, Gali 8, Nehru Road, Kasmandi Kalan B.O, Lucknow, Uttar Pradesh, 226102",PREMISE:Plot No. 144|ROAD:Nehru Road|PIN:226102,3,84,0,435.37,Apparel_Ethnic,0.22,0,5,0.203,0.953,226102,Lucknow,Lucknow,Uttar Pradesh,2,26.93972,80.69905,379-5CL-7CT2,1,0,325.2,0.5453,1,5.02,3,1,0.0535,0
VALMO_ORD_0000525,CUST_017646,"Holding No. 39, Basti Patel Nagar, Opposite Shiv Mandir, Kalyan Marg, Marri Palem, Vishakhapatnam, Andhra Pradesh, 530018",LANDMARK:Opposite Shiv Mandir|ROAD:Kalyan Marg|LOCALITY:Basti Patel Nagar|PIN:530018,4,121,0,537.43,Personal_Care,0.08,0,13,0.021,0.851,530018,Vishakhapatnam,Vishakhapatnam,Andhra Pradesh,2,17.76864,83.24624,5J8-L35-P979,0,1,364.8,0.5645,1,5.21,5,0,0.0397,1
VALMO_ORD_0000526,CUST_008399,"Khata No. 79, Village Rampur, Nehru Road, Sekhupur  Hatwant B.O, Firozabad, Uttar Pradesh, 283145",PREMISE:Khata No. 79|ROAD:Nehru Road|LOCALITY:Village Rampur|PIN:283145,4,97,1,206.3,Home_Kitchen,0.13,1,0,0.0,0.202,283145,Firozabad,Firozabad,Uttar Pradesh,2,27.1266,78.38091,329-CT4-FC64,1,0,215.3,0.5603,1,4.35,2,0,0.212,0
VALMO_ORD_0000527,CUST_054325,"Shop No. 173, Sabzi Market, Kalyan Marg, Otur, Pune, Maharashtra, 412409",PREMISE:Shop No. 173|LANDMARK:Sabzi Market|ROAD:Kalyan Marg|PIN:412409,4,72,1,503.65,Home_Kitchen,0.13,0,11,0.085,0.88,412409,Pune,Pune,Maharashtra,1,19.24705,73.96871,4F5-9M6-KCP6,1,1,183.3,0.9282,0,1.35,4,0,0.1071,0
VALMO_ORD_0000528,CUST_037413,"Ward No. 44, Mohalla Shastri Nagar, Near Hanuman Temple, College Road, Patel Nagar, Bangalore North, Karnataka, 571109",PREMISE:Ward No. 44|LANDMARK:Near Hanuman Temple|ROAD:College Road|LOCALITY:Mohalla Shastri Nagar|PIN:571109,5,118,1,237.74,Apparel_Ethnic,0.22,1,0,0.0,0.88,571109,Bangalore North,Mysore,Karnataka,1,11.87906,76.68141,4MT-328-TJLL,1,1,404.2,0.8922,1,5.45,2,0,0.1546,0
VALMO_ORD_0000529,CUST_060982,"Vrindavan Niwas, Room 314, Near Govt Primary School, Station Road, Branhmavar, Mangalore, Karnataka, 576213",PREMISE:Vrindavan Niwas|LANDMARK:Near Govt Primary School|ROAD:Station Road|PIN:576213,4,107,1,550.05,Apparel_Ethnic,0.22,0,6,0.189,0.887,576213,Mangalore,Dak. Kannada,Karnataka,2,13.44047,74.73347,4L8-68P-FM7P,1,1,494.6,0.8499,1,6.06,5,0,0.1591,0
VALMO_ORD_0000530,CUST_007694,"Plot No. 340, Gali 13, Ring Road, Patel Nagar, Swaimadhopur, Rajasthan, 322252",PREMISE:Plot No. 340|ROAD:Ring Road|LOCALITY:Patel Nagar|PIN:322252,4,78,0,665.66,Apparel_Ethnic,0.22,0,13,0.071,0.915,322252,Swaimadhopur,Swaimadhopur,Rajasthan,3,26.81796,77.14566,32F-MFJ-94K9,1,0,755.7,0.4562,2,14.4,2,2,0.0949,0
VALMO_ORD_0000531,CUST_019633,"Shop No. 293, Cloth Market, Gali Number 3, Gandhi Nagar, Buldhana, Maharashtra, 444301",PREMISE:Shop No. 293|LANDMARK:Cloth Market|LOCALITY:Gandhi Nagar|PIN:444301,4,86,0,809.53,Apparel_Western,0.2,0,6,0.064,0.422,444301,Buldhana,Buldhana,Maharashtra,3,20.38312,76.46326,4C8-FL2-79T9,1,1,595.5,0.8363,0,2.66,3,0,0.0334,0
VALMO_ORD_0000532,CUST_018540,"House No. 127, Near Peepal Ka Ped, Subhash Path, Murikkassery, Iduki, Kerala, 685604",PREMISE:House No. 127|LANDMARK:Near Peepal Ka Ped|ROAD:Subhash Path|PIN:685604,4,84,0,352.35,Footwear,0.19,0,7,0.09,0.937,685604,Iduki,Iduki,Kerala,3,9.91734,77.00115,M9K-LJF-F2F4,1,1,166.4,0.9492,0,1.07,3,2,0.0406,0
VALMO_ORD_0000533,CUST_002374,"Quarter No. 248, Railway Colony, Cinema Road, Bhathal Bhai B.O, Amritsar, Punjab, 143409",PREMISE:Quarter No. 248|ROAD:Cinema Road|LOCALITY:Railway Colony|PIN:143409,4,88,0,440.14,Home_Kitchen,0.13,1,0,0.0,0.512,143409,Amritsar,Amritsar,Punjab,2,31.32121,74.98192,CMF-M99-M9K7,1,0,124.4,0.5851,0,2.3,3,0,0.0426,0
VALMO_ORD_0000534,CUST_050922,"Verma Niwas, Room 689, Opposite Shiv Mandir, Station Road, Kandari B.O, Jalgaon, Maharashtra, 425203",PREMISE:Verma Niwas|LANDMARK:Opposite Shiv Mandir|ROAD:Station Road|PIN:425203,4,100,1,233.89,Footwear,0.19,1,0,0.0,0.924,425203,Jalgaon,Jalgaon,Maharashtra,2,21.05399,75.78276,3MM-8CC-PLJM,1,1,292.0,0.8979,1,3.89,3,1,0.193,0
VALMO_ORD_0000535,CUST_000937,"Block A, Sector 234, Behind Hanuman Hospital, College Road, Kalyan Nagar, Tumkur, Karnataka, 572122",PREMISE:Block A|LANDMARK:Behind Hanuman Hospital|ROAD:College Road|LOCALITY:Kalyan Nagar|PIN:572122,5,99,1,313.1,Apparel_Western,0.2,0,9,0.041,0.614,572122,Tumkur,Tumkur,Karnataka,3,13.20621,77.12546,4PF-LT2-MJMP,1,1,131.4,0.9491,1,3.84,3,1,0.1752,1
VALMO_ORD_0000536,CUST_001241,"Shop No. 232, Cloth Market, Near Railway Crossing, Bypass Road, Kalyan Nagar, Mysore, Karnataka, 571134",PREMISE:Shop No. 232|LANDMARK:Cloth Market|ROAD:Bypass Road|LOCALITY:Kalyan Nagar|PIN:571134,5,103,0,736.47,Apparel_Western,0.2,0,8,0.099,0.715,571134,Mysore,Mysore,Karnataka,2,12.38538,76.27193,4M5-26M-J99M,1,1,20.7,0.967,1,5.99,3,2,0.0411,0
VALMO_ORD_0000537,CUST_016863,"Near Hanuman Temple, Temple Street, Gandhi Nagar, Hyderabad, Telangana, 500024",LANDMARK:Near Hanuman Temple|ROAD:Temple Street|LOCALITY:Gandhi Nagar|PIN:500024,4,78,0,523.18,Personal_Care,0.08,0,6,0.244,0.598,500024,Hyderabad,Hyderabad,Telangana,1,17.39536,78.50063,422-592-9TT3,0,1,21.2,0.6809,1,3.49,3,1,0.0406,0
VALMO_ORD_0000538,CUST_016821,"Block B, Sector 185, Behind Ganesh Hospital, Main Bazaar Road, Lake Gardens, Kolkata, West Bengal, 700045",PREMISE:Block B|LANDMARK:Behind Ganesh Hospital|ROAD:Main Bazaar Road|PIN:700045,4,105,1,326.23,Apparel_Western,0.2,0,14,0.189,0.469,700045,Kolkata,Kolkata,West Bengal,1,22.4768,88.35821,2TF-JTL-CJ77,1,1,126.6,0.9644,0,2.85,3,1,0.1274,0
VALMO_ORD_0000539,CUST_069613,"Opposite State Bank of India, College Road, Shastri Nagar, Dharamasala, Himachal Pradesh, 176051",LANDMARK:Opposite State Bank of India|ROAD:College Road|LOCALITY:Shastri Nagar|PIN:176051,4,96,1,303.55,Apparel_Western,0.2,0,10,0.07,0.83,176051,Dharamasala,Kangra,Himachal Pradesh,3,32.21253,75.90656,C4P-FKT-23MT,0,1,101.8,0.642,2,9.64,3,0,0.2514,0
VALMO_ORD_0000540,CUST_021839,"Khata No. 166, Village Rampur, Ring Road, Kalyan Nagar, Sundargarh, Odisha, 770015",PREMISE:Khata No. 166|ROAD:Ring Road|LOCALITY:Village Rampur|PIN:770015,4,82,1,603.14,Personal_Care,0.08,0,2,0.15,0.496,770015,Sundargarh,Sundargarh,Odisha,3,22.32935,83.97424,2MF-4PM-PJL8,1,0,14.4,0.6013,2,12.27,3,0,0.2567,1
VALMO_ORD_0000541,CUST_056320,"Khata No. 35, Village Rampur, Opposite Shiv Mandir, Gali Number 8, Gandhi Nagar, Chhindwara, Madhya Pradesh, 480001",PREMISE:Khata No. 35|LANDMARK:Opposite Shiv Mandir|LOCALITY:Village Rampur|PIN:480001,4,115,0,369.7,Home_Kitchen,0.13,1,0,0.0,0.283,480001,Chhindwara,Chhindwara,Madhya Pradesh,3,22.02032,78.98789,3P7-2FP-F973,1,1,113.9,0.943,0,0.53,3,0,0.0364,0
VALMO_ORD_0000542,CUST_061400,"Opposite Shiv Mandir, Station Road, Lingarajapuram, Bangalore, Karnataka, 560084",LANDMARK:Opposite Shiv Mandir|ROAD:Station Road|LOCALITY:Lingarajapuram|PIN:560084,4,80,1,291.14,Apparel_Western,0.2,1,0,0.0,0.426,560084,Bangalore,Bangalore,Karnataka,1,13.00416,77.6124,4P3-J3C-P2TC,0,1,464.6,0.545,0,1.94,3,0,0.1721,0
VALMO_ORD_0000543,CUST_075799,"House No. 205, Opposite HP Petrol Pump, Hospital Road, Punjabi Bagh Sector Iii, New Delhi, Delhi, 110026",PREMISE:House No. 205|LANDMARK:Opposite HP Petrol Pump|ROAD:Hospital Road|PIN:110026,4,104,1,537.01,Apparel_Ethnic,0.22,1,0,0.0,0.811,110026,New Delhi,West Delhi,Delhi,1,28.66502,77.13949,39J-JTT-8C89,1,1,316.2,0.9178,0,1.07,4,1,0.15,0
VALMO_ORD_0000544,CUST_072575,"Block B, Sector 331, Near Peepal Ka Ped, Gandhi Marg, Gandhi Nagar, Alappuzha, Kerala, 688537",PREMISE:Block B|LANDMARK:Near Peepal Ka Ped|ROAD:Gandhi Marg|LOCALITY:Gandhi Nagar|PIN:688537,5,93,1,344.29,Apparel_Western,0.2,0,8,0.117,0.501,688537,Alappuzha,Alappuzha,Kerala,3,9.8269,76.3004,MC5-TLK-32M9,1,1,185.4,0.9188,1,4.25,2,0,0.164,1
VALMO_ORD_0000545,CUST_044143,"House No. 238, Gali Number 7, Subhash Nagar, Yeotamal, Maharashtra, 445101",PREMISE:House No. 238|LOCALITY:Subhash Nagar|PIN:445101,3,74,1,621.79,Electronics_Accessories,0.12,1,0,0.0,0.55,445101,Yeotamal,Yeotamal,Maharashtra,3,20.61016,78.20107,3PP-L9L-2P3T,1,0,676.4,0.4631,0,1.24,3,0,0.2221,0
VALMO_ORD_0000546,CUST_079600,"Behind Post Office, Industrial Area Phase 9, Sutahata, Medinipur, West Bengal, 721635",LANDMARK:Behind Post Office|LOCALITY:Industrial Area Phase|PIN:721635,3,85,1,658.82,Apparel_Ethnic,0.22,1,0,0.0,0.521,721635,Medinipur,Midnapur,West Bengal,3,22.12229,88.13238,2P7-8JP-246P,0,1,18.5,0.647,2,17.5,3,0,0.2923,0
VALMO_ORD_0000547,CUST_009769,"Gandhi Marg, Madurantakam East, Tiruvallur, Tamil Nadu, 603306",ROAD:Gandhi Marg|PIN:603306,2,62,1,630.86,Apparel_Western,0.2,0,14,0.256,0.819,603306,Tiruvallur,Tiruvallur,Tamil Nadu,3,12.51054,79.87957,4T4-FM7-99J3,0,0,686.3,0.1107,0,0.63,2,2,0.3233,0
VALMO_ORD_0000548,CUST_004318,"Opposite Shiv Mandir, Kalyan Marg, Baragarh Bazar, Sambalpur, Odisha, 768028",LANDMARK:Opposite Shiv Mandir|ROAD:Kalyan Marg|LOCALITY:Sambalpur|PIN:768028,4,76,1,279.79,Apparel_Ethnic,0.22,0,1,0.106,0.699,768028,Sambalpur,Sambalpur,Odisha,3,21.33327,83.61558,2L6-6FJ-9TCJ,0,1,0.2,0.6824,2,11.23,3,2,0.3081,0
VALMO_ORD_0000549,CUST_063209,"Block D, Sector 307, College Road, Shastri Nagar, Aligarh, Uttar Pradesh, 204216",PREMISE:Block D|ROAD:College Road|LOCALITY:Shastri Nagar|PIN:204216,4,80,1,786.4,Electronics_Accessories,0.12,0,10,0.146,0.461,204216,Aligarh,Aligarh,Uttar Pradesh,2,27.71607,78.09018,39M-86K-LL5C,1,0,52.1,0.6248,1,6.21,4,1,0.1993,1
VALMO_ORD_0000550,CUST_049481,"Vrindavan Niwas, Room 506, Station Road, Tirupur H.O, Coimbatore, Tamil Nadu, 641601",PREMISE:Vrindavan Niwas|ROAD:Station Road|LOCALITY:Tirupur|PIN:641601,4,84,1,185.66,Apparel_Ethnic,0.22,0,6,0.189,0.738,641601,Coimbatore,Coimbatore,Tamil Nadu,2,11.07437,77.2846,M9F-PFF-35L3,1,0,254.6,0.5662,0,1.13,3,0,0.1704,0
VALMO_ORD_0000551,CUST_006309,"Patel Residency, Flat 634, Near Hanuman Temple, Nehru Road, Adarsh Nagar, Chennai, Tamil Nadu, 600112",PREMISE:Patel Residency|LANDMARK:Near Hanuman Temple|ROAD:Nehru Road|LOCALITY:Adarsh Nagar|PIN:600112,5,101,1,324.01,Apparel_Ethnic,0.22,1,0,0.0,0.5,600112,Chennai,Chennai,Tamil Nadu,1,13.08697,80.27392,4T3-84L-3T88,1,1,120.0,0.9474,2,14.03,2,1,0.2185,1
VALMO_ORD_0000552,CUST_008762,"Surya Residency, Flat 721, Opposite Panchayat Bhawan, Hospital Road, Kalyan Nagar, Harsud, Madhya Pradesh, 450116",PREMISE:Surya Residency|LANDMARK:Opposite Panchayat Bhawan|ROAD:Hospital Road|LOCALITY:Kalyan Nagar|PIN:450116,5,113,0,191.05,Footwear,0.19,1,0,0.0,0.878,450116,Harsud,East Nimar,Madhya Pradesh,3,22.06037,76.7315,3M7-9L4-3TJ6,1,1,75.0,0.9605,1,5.33,2,1,0.0491,0
VALMO_ORD_0000553,CUST_044347,"Temple Street, Reinbazar, Hyderabad, Telangana, 500023",LANDMARK:Reinbazar|ROAD:Temple Street|PIN:500023,3,54,1,242.87,Footwear,0.19,1,0,0.0,0.104,500023,Hyderabad,Hyderabad,Telangana,1,17.39014,78.44315,422-5CJ-L7J2,0,1,1.4,0.6754,0,1.52,3,0,0.1563,1
VALMO_ORD_0000554,CUST_049961,"Ring Road, Gandhi Nagar, Bhavnagar, Gujarat, 364522",ROAD:Ring Road|LOCALITY:Gandhi Nagar|PIN:364522,3,51,1,667.32,Apparel_Western,0.2,0,7,0.114,0.765,364522,Bhavnagar,Bhavnagar,Gujarat,2,21.22607,71.35781,JT4-6T2-JK9T,0,0,203.1,0.2728,0,0.87,5,2,0.2515,0
VALMO_ORD_0000555,CUST_029621,"Krishna Residency, Flat 613, College Road, Shribagily, Kasargode, Kerala, 671124",PREMISE:Krishna Residency|ROAD:College Road|PIN:671124,3,80,0,396.83,Apparel_Ethnic,0.22,0,7,0.03,0.565,671124,Kasargode,Kasargode,Kerala,3,12.53784,74.98308,4MK-C52-PK4K,1,0,173.5,0.585,1,4.81,3,0,0.0473,0
VALMO_ORD_0000556,CUST_018855,"Shop No. 98, Sabzi Market, Station Road, Subhash Nagar, Nilokheri, Haryana, 132117",PREMISE:Shop No. 98|LANDMARK:Sabzi Market|ROAD:Station Road|LOCALITY:Subhash Nagar|PIN:132117,5,82,1,699.54,Apparel_Western,0.2,1,0,0.0,0.63,132117,Nilokheri,Karnal,Haryana,3,29.88557,76.93001,CMT-72F-FK93,1,1,44.0,0.9455,1,5.92,4,0,0.1866,1
VALMO_ORD_0000557,CUST_032708,"Plot No. 7, Gali 13, Near Water Tank, Bypass Road, Nadandai, Salem, Tamil Nadu, 637206",PREMISE:Plot No. 7|LANDMARK:Near Water Tank|ROAD:Bypass Road|PIN:637206,4,86,1,297.44,Apparel_Western,0.2,0,4,0.053,0.622,637206,Salem,Salem,Tamil Nadu,2,11.21228,78.01789,M9C-6F8-6MLF,1,1,137.8,0.9403,1,4.13,2,0,0.1394,0
VALMO_ORD_0000558,CUST_040347,"Kalyan Marg, Subhash Nagar, Malapuram, Kerala, 673640",ROAD:Kalyan Marg|LOCALITY:Subhash Nagar|PIN:673640,3,53,1,307.48,Footwear,0.19,0,3,0.069,0.77,673640,Malapuram,Malapuram,Kerala,3,11.25568,75.93272,MC9-J4P-PCLC,0,0,0.5,0.3395,2,11.58,3,2,0.3662,0
VALMO_ORD_0000559,CUST_005156,"Shop No. 75, Main Market, Opposite State Bank of India, Link Road, Mowa, Krishna, Andhra Pradesh, 521135",PREMISE:Shop No. 75|LANDMARK:Main Market|ROAD:Link Road|PIN:521135,4,104,1,601.89,Apparel_Western,0.2,0,15,0.185,0.644,521135,Krishna,Krishna,Andhra Pradesh,3,16.2289,80.91666,47P-673-PPJF,1,1,601.2,0.808,1,5.61,4,0,0.1825,0
VALMO_ORD_0000560,CUST_068815,"Ring Road, Patel Nagar, Raipur, Chhattisgarh, 493555",ROAD:Ring Road|LOCALITY:Patel Nagar|PIN:493555,3,52,1,721.29,Apparel_Ethnic,0.22,1,0,0.0,0.267,493555,Raipur,Raipur,Chhattisgarh,2,21.697,82.33464,2L3-M7P-T8M5,0,0,63.9,0.3157,1,6.6,3,2,0.3145,1
VALMO_ORD_0000561,CUST_043440,"Near Hanuman Temple, Main Bazaar Road, Pettaivaithalai, Madurai, Tamil Nadu, 639112",LANDMARK:Near Hanuman Temple|ROAD:Main Bazaar Road|PIN:639112,3,83,1,684.31,Apparel_Western,0.2,0,9,0.029,0.745,639112,Madurai,Madurai,Tamil Nadu,2,10.90701,78.5038,M92-99T-JM5C,0,1,122.7,0.6587,1,4.76,2,0,0.1689,1
VALMO_ORD_0000562,CUST_058423,"Plot No. 312, Gali 13, Near Hanuman Temple, Station Road, Mohie, Ludhiana, Punjab, 141103",PREMISE:Plot No. 312|LANDMARK:Near Hanuman Temple|ROAD:Station Road|PIN:141103,4,89,1,1041.13,Apparel_Western,0.2,1,0,0.0,0.378,141103,Ludhiana,Ludhiana,Punjab,2,30.79655,75.72253,CM3-5T9-2P4P,1,1,77.0,0.9654,0,2.41,3,2,0.1827,1
VALMO_ORD_0000563,CUST_038975,"Verma Niwas, Room 279, Behind Post Office, College Road, Singhpur, Narasinghpur, Madhya Pradesh, 487110",PREMISE:Verma Niwas|LANDMARK:Behind Post Office|ROAD:College Road|LOCALITY:Singhpur|PIN:487110,5,103,1,225.25,Apparel_Ethnic,0.22,0,8,0.052,0.736,487110,Narasinghpur,Narasinghpur,Madhya Pradesh,3,22.88659,79.182,35T-T9F-3LJ7,1,1,471.2,0.8578,2,13.1,3,0,0.2182,0
VALMO_ORD_0000564,CUST_015149,"Patel Residency, Flat 597, Near Bus Stand, Cinema Road, Ranoda B.O, Ahmedabad, Gujarat, 382225",PREMISE:Patel Residency|LANDMARK:Near Bus Stand|ROAD:Cinema Road|PIN:382225,4,94,1,452.73,Footwear,0.19,0,6,0.106,0.628,382225,Ahmedabad,Ahmedabad,Gujarat,1,22.71027,72.45207,JT8-829-5F27,1,1,216.4,0.9262,0,1.0,4,0,0.1107,0
VALMO_ORD_0000565,CUST_016179,"Quarter No. 270, Railway Colony, Ring Road, Perunthanni, Trivandrum, Kerala, 695008",PREMISE:Quarter No. 270|ROAD:Ring Road|LOCALITY:Railway Colony|PIN:695008,4,83,1,230.27,Electronics_Accessories,0.12,1,0,0.0,0.393,695008,Trivandrum,Trivandrum,Kerala,3,8.48832,76.93713,M37-72K-645J,1,0,225.2,0.572,1,5.87,2,0,0.2338,1
VALMO_ORD_0000566,CUST_017576,"Block A, Sector 228, Temple Street, Junnar, Junnar, Maharashtra, 410502",PREMISE:Block A|ROAD:Temple Street|PIN:410502,3,71,1,324.85,Personal_Care,0.08,0,6,0.393,0.446,410502,Junnar,Pune,Maharashtra,1,19.18097,73.88035,4F5-374-FJ8M,1,0,241.7,0.5846,0,2.63,4,0,0.156,0
VALMO_ORD_0000567,CUST_076774,"House No. 98, Kalyan Marg, Bhakti Nagar, Darjiling, West Bengal, 734425",PREMISE:House No. 98|ROAD:Kalyan Marg|LOCALITY:Bhakti Nagar|PIN:734425,4,71,1,891.86,Footwear,0.19,0,2,0.24,0.752,734425,Darjiling,Darjeeling,West Bengal,3,26.51432,88.22888,227-78M-5M2F,1,0,334.9,0.5592,0,2.75,4,0,0.1943,0
VALMO_ORD_0000568,CUST_032884,"Behind Saraswati Hospital, Industrial Area Phase 3, Shastri Nagar, Cuddalore, Tamil Nadu, 604405",LANDMARK:Behind Saraswati Hospital|LOCALITY:Industrial Area Phase|PIN:604405,3,96,1,527.47,Apparel_Ethnic,0.22,0,8,0.052,0.646,604405,Cuddalore,Cuddalore,Tamil Nadu,3,12.53602,79.66734,4TK-966-C7PT,0,1,783.8,0.4696,0,2.44,4,0,0.1928,0
VALMO_ORD_0000569,CUST_013055,"Ward No. 182, Mohalla Shastri Nagar, Link Road, R K Mission, Muzaffarpur, Bihar, 835221",PREMISE:Ward No. 182|ROAD:Link Road|LOCALITY:Mohalla Shastri Nagar|PIN:835221,4,87,0,347.08,Electronics_Accessories,0.12,0,17,0.106,0.697,835221,Muzaffarpur,Muzaffarpur,Bihar,3,23.2315,85.30504,24P-8KJ-8P7M,1,0,737.4,0.4424,0,1.57,4,0,0.0456,0
VALMO_ORD_0000570,CUST_067505,"Near Hanuman Temple, Industrial Area Phase 4, Gandhi Nagar, Cuttack, Odisha, 754245",LANDMARK:Near Hanuman Temple|LOCALITY:Industrial Area Phase|PIN:754245,3,83,1,203.23,Apparel_Western,0.2,0,5,0.026,0.727,754245,Cuttack,Cuttack,Odisha,2,20.47212,86.64139,59C-F9L-86PC,0,1,174.2,0.5916,0,0.58,4,1,0.1748,0
VALMO_ORD_0000571,CUST_071507,"Quarter No. 186, Railway Colony, Beside Govt Hospital, Station Road, Subhash Nagar, Gonda, Uttar Pradesh, 271310",PREMISE:Quarter No. 186|LANDMARK:Beside Govt Hospital|ROAD:Station Road|LOCALITY:Railway Colony|PIN:271310,5,112,1,440.48,Apparel_Ethnic,0.22,0,2,0.187,0.885,271310,Gonda,Gonda,Uttar Pradesh,3,27.02293,82.09009,2JC-JK7-L2J7,1,1,222.1,0.9338,2,8.25,2,0,0.2192,0
VALMO_ORD_0000572,CUST_066358,"College Road, Vastral, Vastral, Gujarat, 382418",ROAD:College Road|PIN:382418,2,47,1,939.81,Apparel_Ethnic,0.22,0,4,0.169,0.989,382418,Vastral,Ahmedabad,Gujarat,1,23.02678,72.62984,3KL-K89-6FC4,0,0,82.8,0.3127,0,1.76,2,0,0.1798,0
VALMO_ORD_0000573,CUST_075432,"Quarter No. 110, Railway Colony, Near Govt Primary School, College Road, Anickad Mallappally Edso, Alappuzha, Kerala, 689585",PREMISE:Quarter No. 110|LANDMARK:Near Govt Primary School|ROAD:College Road|LOCALITY:Railway Colony|PIN:689585,5,124,1,436.14,Apparel_Western,0.2,1,0,0.0,0.403,689585,Alappuzha,Alappuzha,Kerala,3,9.47265,76.64246,MCT-436-44K4,1,1,3.3,0.9633,0,2.9,4,0,0.1616,0
VALMO_ORD_0000574,CUST_012170,"Ward No. 69, Mohalla Gandhi Nagar, Behind Reliance Fresh, Hospital Road, Padmavatinagar, Hyderabad, Telangana, 500045",PREMISE:Ward No. 69|LANDMARK:Behind Reliance Fresh|ROAD:Hospital Road|LOCALITY:Mohalla Gandhi Nagar|PIN:500045,5,117,1,348.02,Apparel_Ethnic,0.22,1,0,0.0,0.629,500045,Hyderabad,Hyderabad,Telangana,1,17.43248,78.44501,422-2MJ-C99L,1,1,187.6,0.9297,0,1.53,3,0,0.1312,0
VALMO_ORD_0000575,CUST_022150,"Station Road, Nemathanpatti B.O, Sivaganga, Tamil Nadu, 630103",ROAD:Station Road|PIN:630103,2,62,0,417.49,Apparel_Western,0.2,0,6,0.097,0.78,630103,Sivaganga,Sivaganga,Tamil Nadu,3,10.17218,78.78991,M96-J2T-92CP,0,0,278.0,0.2647,1,3.8,3,0,0.0628,1
VALMO_ORD_0000576,CUST_017576,"Near Peepal Ka Ped, Station Road, Junnar, Junnar, Maharashtra, 410502",LANDMARK:Near Peepal Ka Ped|ROAD:Station Road|PIN:410502,3,69,0,409.9,Apparel_Ethnic,0.22,1,0,0.0,0.757,410502,Junnar,Pune,Maharashtra,1,19.18548,73.85809,4F5-322-5JCC,0,1,955.4,0.4184,2,15.84,2,0,0.0698,0
VALMO_ORD_0000577,CUST_064651,"Flat 376, Vrindavan Apartments, Main Bazaar Road, Apsp Camp, Hyderabad, Telangana, 500049",PREMISE:Flat 376|ROAD:Main Bazaar Road|PIN:500049,3,89,1,381.14,Apparel_Western,0.2,0,4,0.204,0.562,500049,Hyderabad,Hyderabad,Telangana,1,17.49359,78.33355,422-336-9799,1,0,2.3,0.6267,1,6.25,3,0,0.1658,0
VALMO_ORD_0000578,CUST_064227,"House No. 183, Opposite State Bank of India, Hospital Road, Attayampatti, Attayampatti, Tamil Nadu, 637501",PREMISE:House No. 183|LANDMARK:Opposite State Bank of India|ROAD:Hospital Road|PIN:637501,4,106,0,533.81,Apparel_Western,0.2,0,7,0.272,0.422,637501,Attayampatti,Salem,Tamil Nadu,2,11.54299,78.05346,4PM-T4T-836L,1,1,937.1,0.7412,1,5.12,2,2,0.0538,0
VALMO_ORD_0000579,CUST_034508,"Holding No. 90, Basti Patel Nagar, Near Peepal Ka Ped, Station Road, Purani Basti, Thane, Maharashtra, 401101",LANDMARK:Near Peepal Ka Ped|ROAD:Station Road|LOCALITY:Basti Patel Nagar|PIN:401101,4,109,1,391.44,Apparel_Ethnic,0.22,1,0,0.0,0.323,401101,Thane,Thane,Maharashtra,2,19.30562,72.86984,4FK-92P-L43F,0,1,90.3,0.6679,1,5.94,3,0,0.2029,0
VALMO_ORD_0000580,CUST_029285,"Block C, Sector 29, Near Govt Primary School, Bypass Road, Gandhi Nagar Tirunelveli, Tirunelveli, Tamil Nadu, 627008",PREMISE:Block C|LANDMARK:Near Govt Primary School|ROAD:Bypass Road|LOCALITY:Gandhi Nagar|PIN:627008,5,116,1,551.48,Apparel_Ethnic,0.22,0,7,0.035,0.716,627008,Tirunelveli,Tirunelveli,Tamil Nadu,2,8.72953,77.75712,M2C-M4P-FP3L,1,1,120.7,0.9134,0,1.67,3,0,0.1237,0
VALMO_ORD_0000581,CUST_039435,"Ward No. 253, Mohalla Azad Nagar, Beside Govt Hospital, College Road, Purani Basti, Beed, Maharashtra, 431143",PREMISE:Ward No. 253|LANDMARK:Beside Govt Hospital|ROAD:College Road|LOCALITY:Mohalla Azad Nagar|PIN:431143,5,109,1,351.88,Home_Kitchen,0.13,0,1,0.054,0.719,431143,Beed,Beed,Maharashtra,3,19.14932,75.70968,4C4-263-K6LJ,1,1,32.5,0.956,0,2.77,4,0,0.1323,1
VALMO_ORD_0000582,CUST_018587,"Near Govt Primary School, Subhash Path, Purani Basti, South West Delhi, Delhi, 110068",LANDMARK:Near Govt Primary School|ROAD:Subhash Path|LOCALITY:Purani Basti|PIN:110068,4,85,0,728.65,Apparel_Ethnic,0.22,1,0,0.0,0.061,110068,South West Delhi,South West Delhi,Delhi,1,28.50689,77.19436,39J-MC9-LMT4,0,1,61.9,0.6647,0,1.02,3,0,0.0361,0
VALMO_ORD_0000583,CUST_028381,"Gokul Residency, Flat 580, Opposite HP Petrol Pump, Gali Number 2, Thalaghattapura S.O, Bangalore, Karnataka, 560109",PREMISE:Gokul Residency|LANDMARK:Opposite HP Petrol Pump|PIN:560109,3,116,1,532.11,Footwear,0.19,0,3,0.022,0.279,560109,Bangalore,Bangalore,Karnataka,1,12.85719,77.53891,4PJ-673-43JF,1,1,147.9,0.9311,2,8.34,3,0,0.1616,0
VALMO_ORD_0000584,CUST_040606,"Khata No. 255, Village Rampur, Main Bazaar Road, Wipro Limited S.O, Bangalore, Karnataka, 560100",PREMISE:Khata No. 255|ROAD:Main Bazaar Road|LOCALITY:Village Rampur|PIN:560100,4,96,1,296.67,Apparel_Ethnic,0.22,0,10,0.113,0.79,560100,Bangalore,Bangalore,Karnataka,1,12.84122,77.66967,4P3-K7L-J6J4,1,0,240.8,0.5595,0,0.9,2,0,0.1472,0
VALMO_ORD_0000585,CUST_041795,"Quarter No. 145, Railway Colony, Behind Post Office, Bypass Road, Patel Nagar, Varanasi, Uttar Pradesh, 221104",PREMISE:Quarter No. 145|LANDMARK:Behind Post Office|ROAD:Bypass Road|LOCALITY:Railway Colony|PIN:221104,5,110,1,245.1,Apparel_Ethnic,0.22,1,0,0.0,0.818,221104,Varanasi,Varanasi,Uttar Pradesh,2,25.38847,83.06274,2JP-7FM-TFT9,1,1,132.5,0.9507,0,2.73,5,0,0.1458,0
VALMO_ORD_0000586,CUST_001448,"Yadav Residency, Flat 289, Beside Govt Hospital, Ring Road, Anantnag, Anantnag, Jammu & Kashmir, 192101",PREMISE:Yadav Residency|LANDMARK:Beside Govt Hospital|ROAD:Ring Road|PIN:192101,4,103,1,336.24,Home_Kitchen,0.13,0,9,0.102,0.611,192101,Anantnag,Anantnag,Jammu & Kashmir,3,33.72717,75.1498,C4F-2TM-C864,1,1,37.3,0.9795,0,1.32,3,0,0.1329,0
VALMO_ORD_0000587,CUST_070213,"Ring Road, Patel Nagar, Nagpur, Maharashtra, 440010",ROAD:Ring Road|LOCALITY:Patel Nagar|PIN:440010,3,51,1,255.35,Home_Kitchen,0.13,1,0,0.0,0.249,440010,Nagpur,Nagpur,Maharashtra,2,21.13068,79.06247,3P6-P59-9PP4,0,0,242.5,0.2806,1,4.41,3,1,0.2829,1
VALMO_ORD_0000588,CUST_009940,"Krishna Niwas, Room 380, Opposite Panchayat Bhawan, Temple Street, Kukar Pind, Jalandhar, Punjab, 144024",PREMISE:Krishna Niwas|LANDMARK:Opposite Panchayat Bhawan|ROAD:Temple Street|PIN:144024,4,104,1,1223.86,Home_Kitchen,0.13,1,0,0.0,0.322,144024,Jalandhar,Jalandhar,Punjab,2,31.30204,75.65901,CMC-PC6-MP7L,1,1,53.6,0.9719,0,1.19,2,0,0.1392,0
VALMO_ORD_0000589,CUST_000622,"Flat 743, Vrindavan Apartments, Near Bus Stand, Subhash Path, Karara, Guwahati, Assam, 781382",PREMISE:Flat 743|LANDMARK:Near Bus Stand|ROAD:Subhash Path|PIN:781382,4,93,1,363.98,Apparel_Ethnic,0.22,0,19,0.042,0.431,781382,Guwahati,Kamrup,Assam,2,26.345,91.60371,7J3-674-PMK8,1,1,282.1,0.9013,1,5.25,4,2,0.1832,0
VALMO_ORD_0000590,CUST_017255,"Near Ram Mandir, Hospital Road, Bhagwanpur, Saharanpur, Uttar Pradesh, 247661",LANDMARK:Near Ram Mandir|ROAD:Hospital Road|LOCALITY:Bhagwanpur|PIN:247661,4,77,1,513.41,Apparel_Ethnic,0.22,0,5,0.201,0.78,247661,Saharanpur,Saharanpur,Uttar Pradesh,2,29.96228,77.7972,CPM-C5P-263L,0,1,595.0,0.5256,0,0.54,4,1,0.1983,0
VALMO_ORD_0000591,CUST_010548,"Near Hanuman Temple, Main Bazaar Road, Lakhampur, Nashik, Maharashtra, 423213",LANDMARK:Near Hanuman Temple|ROAD:Main Bazaar Road|LOCALITY:Lakhampur|PIN:423213,4,77,1,510.88,Apparel_Ethnic,0.22,1,0,0.0,0.375,423213,Nashik,Nashik,Maharashtra,2,20.55112,74.36054,3LT-MK6-96LL,0,1,184.3,0.6438,0,2.15,4,0,0.1814,0
VALMO_ORD_0000592,CUST_072554,"Block D, Sector 91, College Road, Bakery Road, Kolkata, West Bengal, 700022",PREMISE:Block D|ROAD:College Road|PIN:700022,3,75,1,227.74,Apparel_Ethnic,0.22,1,0,0.0,0.924,700022,Kolkata,Kolkata,West Bengal,1,22.5564,88.31902,2TF-J36-8C2P,1,0,99.4,0.5864,2,10.36,3,0,0.2474,0
VALMO_ORD_0000593,CUST_004167,"Shop No. 231, Main Market, Opposite State Bank of India, Kalyan Marg, Subhash Nagar, Jalgaon, Maharashtra, 431206",PREMISE:Shop No. 231|LANDMARK:Main Market|ROAD:Kalyan Marg|LOCALITY:Subhash Nagar|PIN:431206,5,113,1,249.51,Home_Kitchen,0.13,1,0,0.0,0.625,431206,Jalgaon,Jalgaon,Maharashtra,2,20.20684,75.97746,4C9-K97-225K,1,1,427.0,0.8848,0,2.6,4,0,0.1483,0
VALMO_ORD_0000594,CUST_045843,"Plot No. 80, Gali 7, Near Hanuman Temple, Hospital Road, Began Sarain, Allahabad, Uttar Pradesh, 211015",PREMISE:Plot No. 80|LANDMARK:Near Hanuman Temple|ROAD:Hospital Road|PIN:211015,4,103,1,296.1,Apparel_Western,0.2,0,9,0.231,0.15,211015,Allahabad,Allahabad,Uttar Pradesh,2,25.42447,81.76942,2JL-CTP-5P38,1,1,1.5,0.9696,0,2.89,4,0,0.1288,0
VALMO_ORD_0000595,CUST_026437,"Ward No. 93, Mohalla Adarsh Nagar, Behind Reliance Fresh, College Road, Baraduar, Bilaspur, Chhattisgarh, 495687",PREMISE:Ward No. 93|LANDMARK:Behind Reliance Fresh|ROAD:College Road|LOCALITY:Mohalla Adarsh Nagar|PIN:495687,5,112,0,406.99,Apparel_Ethnic,0.22,0,11,0.076,0.49,495687,Bilaspur,Bilaspur,Chhattisgarh,3,21.9347,82.82655,2L2-3M9-T98P,1,1,5.9,0.9812,2,7.58,3,1,0.055,0
VALMO_ORD_0000596,CUST_022623,"Shop No. 150, Main Market, Kalyan Marg, Gopalpur Sethuli B.O, Azamgarh, Uttar Pradesh, 276201",PREMISE:Shop No. 150|LANDMARK:Main Market|ROAD:Kalyan Marg|LOCALITY:Gopalpur|PIN:276201,5,93,1,1096.3,Apparel_Ethnic,0.22,0,10,0.269,0.524,276201,Azamgarh,Azamgarh,Uttar Pradesh,3,25.71529,83.00285,2J5-5P5-67T3,1,1,619.5,0.8169,0,0.85,5,0,0.166,0
VALMO_ORD_0000597,CUST_047258,"Khata No. 75, Village Rampur, Bypass Road, Malappuram, Malappuram, Kerala, 676505",PREMISE:Khata No. 75|ROAD:Bypass Road|LOCALITY:Village Rampur|PIN:676505,4,81,1,557.43,Apparel_Ethnic,0.22,0,7,0.089,0.628,676505,Malappuram,Malapuram,Kerala,3,11.03407,76.04644,MC9-MJ7-9FFM,1,0,234.6,0.5589,0,1.15,3,1,0.2069,1
VALMO_ORD_0000598,CUST_040702,"Plot No. 304, Gali 5, Near Water Tank, Main Bazaar Road, Kovilvenni, Thanjavur, Tamil Nadu, 614403",PREMISE:Plot No. 304|LANDMARK:Near Water Tank|ROAD:Main Bazaar Road|PIN:614403,4,98,1,345.88,Apparel_Western,0.2,0,12,0.096,0.782,614403,Thanjavur,Thanjavur,Tamil Nadu,3,10.73882,79.33856,M8J-J25-K3K6,1,1,19.9,0.9516,1,5.68,3,0,0.1587,0
VALMO_ORD_0000599,CUST_053676,"Holding No. 181, Basti Subhash Nagar, Gandhi Marg, Halkarni, Kolhapur, Maharashtra, 416506",ROAD:Gandhi Marg|LOCALITY:Basti Subhash Nagar|PIN:416506,3,90,1,404.46,Apparel_Ethnic,0.22,0,7,0.252,0.337,416506,Kolhapur,Kolhapur,Maharashtra,2,16.14945,74.44932,4JT-4T4-TLP5,0,0,210.8,0.2453,1,4.63,4,0,0.2463,1
VALMO_ORD_0000600,CUST_005233,"Kalyan Marg, Bilari, Bilari, Uttar Pradesh, 202411",ROAD:Kalyan Marg|PIN:202411,2,50,1,244.16,Apparel_Ethnic,0.22,1,0,0.0,0.116,202411,Bilari,Moradabad,Uttar Pradesh,2,28.61374,78.81502,397-K79-PJJ5,0,0,819.3,0.1397,0,1.38,2,0,0.2538,0
VALMO_ORD_0000601,CUST_048368,"Khata No. 63, Village Rampur, Main Bazaar Road, Chinchwad East, Pune, Maharashtra, 411019",PREMISE:Khata No. 63|ROAD:Main Bazaar Road|LOCALITY:Village Rampur|PIN:411019,4,89,1,345.63,Footwear,0.19,1,0,0.0,0.233,411019,Pune,Pune,Maharashtra,1,18.61473,73.80382,4FP-33K-4C9F,1,0,25.6,0.6278,1,4.56,3,1,0.2073,0
VALMO_ORD_0000602,CUST_013047,"Near Bus Stand, Link Road, Forsbery Road West, Mumbai, Maharashtra, 400033",LANDMARK:Near Bus Stand|ROAD:Link Road|PIN:400033,3,74,1,222.1,Footwear,0.19,0,16,0.255,0.748,400033,Mumbai,Mumbai,Maharashtra,1,19.01256,72.85619,4FK-55J-9LM9,0,1,61.1,0.6829,1,5.22,4,1,0.1831,0
VALMO_ORD_0000603,CUST_025790,"Block B, Sector 26, Near Ganesh Mandir, Subhash Path, Patkura, Cuttack, Odisha, 754228",PREMISE:Block B|LANDMARK:Near Ganesh Mandir|ROAD:Subhash Path|PIN:754228,4,86,1,643.9,Apparel_Ethnic,0.22,0,5,0.299,0.933,754228,Cuttack,Cuttack,Odisha,2,20.37437,86.39552,59F-9T4-JFKL,1,1,11.7,0.9778,1,3.3,2,0,0.1523,0
VALMO_ORD_0000604,CUST_055226,"House No. 322, Near Govt Primary School, Hospital Road, Kalyan Nagar, Ri Bhoi, Meghalaya, 793123",PREMISE:House No. 322|LANDMARK:Near Govt Primary School|ROAD:Hospital Road|LOCALITY:Kalyan Nagar|PIN:793123,5,96,1,836.88,Apparel_Western,0.2,0,9,0.153,0.647,793123,Ri Bhoi,Ri Bhoi,Meghalaya,3,25.89982,91.57753,7J4-752-53P4,1,1,311.4,0.8876,2,11.24,3,4,0.3369,1
VALMO_ORD_0000605,CUST_007971,"Quarter No. 246, Railway Colony, Kalyan Marg, Kottekad, Thrissur, Kerala, 678732",PREMISE:Quarter No. 246|ROAD:Kalyan Marg|LOCALITY:Railway Colony|PIN:678732,4,80,1,250.46,Personal_Care,0.08,1,0,0.0,0.412,678732,Thrissur,Thrissur,Kerala,3,10.79778,76.71895,MC7-9LL-LK33,1,0,344.1,0.5463,1,3.87,3,1,0.2619,1
VALMO_ORD_0000606,CUST_000897,"Near Peepal Ka Ped, Temple Street, Karungalakudi, Madurai, Tamil Nadu, 625101",LANDMARK:Near Peepal Ka Ped|ROAD:Temple Street|PIN:625101,3,77,1,239.52,Apparel_Ethnic,0.22,1,0,0.0,0.866,625101,Madurai,Madurai,Tamil Nadu,2,10.14575,78.34754,M95-354-C3J3,0,1,14.3,0.6801,1,3.45,2,0,0.2012,0
VALMO_ORD_0000607,CUST_045765,"Near Hanuman Temple, Cinema Road, Harni Aerodrame, Vadodara, Gujarat, 390006",LANDMARK:Near Hanuman Temple|ROAD:Cinema Road|PIN:390006,3,76,1,339.28,Apparel_Western,0.2,1,0,0.0,0.528,390006,Vadodara,Vadodara,Gujarat,2,22.3047,73.21509,3LC-MF4-446K,0,1,458.5,0.5692,0,0.81,3,4,0.2949,0
VALMO_ORD_0000608,CUST_003416,"Ward No. 316, Mohalla Patel Nagar, Link Road, Vatva Jasodanagar, Ahmedabad, Gujarat, 382445",PREMISE:Ward No. 316|ROAD:Link Road|LOCALITY:Mohalla Patel Nagar|PIN:382445,4,91,1,492.49,Apparel_Ethnic,0.22,0,10,0.009,0.889,382445,Ahmedabad,Ahmedabad,Gujarat,1,22.95833,72.66585,3KL-4K9-7C6P,1,0,159.0,0.593,0,1.83,3,0,0.1371,0
VALMO_ORD_0000609,CUST_072871,"Shanti Niwas, Room 277, Near Peepal Ka Ped, Bypass Road, Garha, Jalandhar, Punjab, 144022",PREMISE:Shanti Niwas|LANDMARK:Near Peepal Ka Ped|ROAD:Bypass Road|PIN:144022,4,89,1,275.27,Footwear,0.19,0,4,0.173,0.81,144022,Jalandhar,Jalandhar,Punjab,2,31.31208,75.57819,CMC-M82-L79P,1,1,677.8,0.824,0,1.57,3,1,0.1575,0
VALMO_ORD_0000610,CUST_001573,"Opposite Panchayat Bhawan, Main Bazaar Road, Adarsh Nagar, Ghaziabad, Uttar Pradesh, 201008",LANDMARK:Opposite Panchayat Bhawan|ROAD:Main Bazaar Road|LOCALITY:Adarsh Nagar|PIN:201008,4,91,1,315.01,Apparel_Western,0.2,1,0,0.0,0.463,201008,Ghaziabad,Ghaziabad,Uttar Pradesh,2,28.58737,77.57476,393-KJM-M234,0,1,47.0,0.6784,2,12.6,4,1,0.2862,0
VALMO_ORD_0000611,CUST_021270,"Beside Govt Hospital, Main Bazaar Road, Shevgaon, Ahmednagar, Maharashtra, 414502",LANDMARK:Beside Govt Hospital|ROAD:Main Bazaar Road|LOCALITY:Ahmednagar|PIN:414502,4,81,1,323.04,Personal_Care,0.08,1,0,0.0,0.876,414502,Ahmednagar,Ahmednagar,Maharashtra,3,19.37624,75.23933,4CJ-TMT-P26L,0,1,66.2,0.6534,1,3.81,5,0,0.2189,0
VALMO_ORD_0000612,CUST_072628,"Block C, Sector 212, Opposite Panchayat Bhawan, Nehru Road, Town Hall, Moradabad, Uttar Pradesh, 244001",PREMISE:Block C|LANDMARK:Opposite Panchayat Bhawan|ROAD:Nehru Road|PIN:244001,4,103,1,172.01,Apparel_Ethnic,0.22,0,6,0.333,0.801,244001,Moradabad,Moradabad,Uttar Pradesh,2,28.82901,78.76561,397-FPF-72K8,1,1,73.1,0.9645,0,2.52,2,1,0.1543,0
VALMO_ORD_0000613,CUST_032585,"Quarter No. 33, Railway Colony, Beside Govt Hospital, Cinema Road, Subhash Nagar, Pune, Maharashtra, 411062",PREMISE:Quarter No. 33|LANDMARK:Beside Govt Hospital|ROAD:Cinema Road|LOCALITY:Railway Colony|PIN:411062,5,107,1,368.79,Personal_Care,0.08,1,0,0.0,0.702,411062,Pune,Pune,Maharashtra,1,18.67592,73.81092,4FP-CMM-K946,1,1,514.8,0.8427,0,1.53,5,1,0.151,0
VALMO_ORD_0000614,CUST_002152,"Shop No. 185, Grain Market, Hospital Road, Hatia, Ranchi, Jharkhand, 834003",PREMISE:Shop No. 185|LANDMARK:Grain Market|ROAD:Hospital Road|PIN:834003,4,75,1,798.93,Apparel_Ethnic,0.22,0,8,0.196,0.409,834003,Ranchi,Ranchi,Jharkhand,2,23.30698,85.31083,24P-8FC-54C9,1,1,8.3,0.9835,0,1.13,4,0,0.1263,0
VALMO_ORD_0000615,CUST_008820,"Near Peepal Ka Ped, Gali Number 3, Sukkampatti, Salem, Tamil Nadu, 636122",LANDMARK:Near Peepal Ka Ped|PIN:636122,2,73,0,437.04,Home_Kitchen,0.13,0,4,0.435,0.557,636122,Salem,Salem,Tamil Nadu,2,11.69178,78.23052,4PP-K6K-FKL4,0,1,12.1,0.6914,0,1.02,3,0,0.0385,0
VALMO_ORD_0000616,CUST_024569,"Opposite State Bank of India, College Road, Mahadevapuram, Madurai, Tamil Nadu, 641305",LANDMARK:Opposite State Bank of India|ROAD:College Road|LOCALITY:Mahadevapuram|PIN:641305,4,86,0,487.19,Footwear,0.19,1,0,0.0,0.539,641305,Madurai,Madurai,Tamil Nadu,2,11.29694,76.9247,MC8-73T-C265,0,1,390.5,0.5806,0,1.38,2,0,0.0437,0
VALMO_ORD_0000617,CUST_070367,"House No. 281, Temple Street, Sulebele, Bangalore, Karnataka, 562129",PREMISE:House No. 281|ROAD:Temple Street|PIN:562129,3,68,1,680.32,Personal_Care,0.08,0,4,0.057,0.672,562129,Bangalore,Bangalore,Karnataka,1,13.13267,77.73019,4P3-CJ6-FMMJ,1,0,760.5,0.4287,0,1.55,3,0,0.1505,0
VALMO_ORD_0000618,CUST_024155,"Quarter No. 60, Railway Colony, Opposite Panchayat Bhawan, Nehru Road, Tigiria, Cuttack, Odisha, 754030",PREMISE:Quarter No. 60|LANDMARK:Opposite Panchayat Bhawan|ROAD:Nehru Road|LOCALITY:Railway Colony|PIN:754030,5,103,1,624.89,Electronics_Accessories,0.12,0,22,0.268,0.962,754030,Cuttack,Cuttack,Odisha,2,20.49315,85.52308,5C8-F9C-P87L,1,1,806.2,0.7916,1,4.67,2,1,0.1871,0
VALMO_ORD_0000619,CUST_026663,"House No. 13, Beside Govt Hospital, Industrial Area Phase 8, Kalyan Nagar, Tiruchirappalli, Tamil Nadu, 620021",PREMISE:House No. 13|LANDMARK:Beside Govt Hospital|LOCALITY:Industrial Area Phase|PIN:620021,4,110,0,366.28,Electronics_Accessories,0.12,1,0,0.0,0.09,620021,Tiruchirappalli,Tiruchirappalli,Tamil Nadu,2,10.77117,78.68076,M92-786-L6P8,1,1,127.1,0.9632,0,0.88,3,3,0.0473,0
VALMO_ORD_0000620,CUST_028260,"Plot No. 100, Gali 14, Hospital Road, Patel Nagar, Jodhpur, Rajasthan, 342015",PREMISE:Plot No. 100|ROAD:Hospital Road|LOCALITY:Patel Nagar|PIN:342015,4,77,1,517.01,Apparel_Western,0.2,1,0,0.0,0.223,342015,Jodhpur,Jodhpur,Rajasthan,2,26.27957,73.09639,3J3-KL6-7457,1,0,180.1,0.5993,0,0.62,3,0,0.1858,0
VALMO_ORD_0000621,CUST_012432,"Radhe Residency, Flat 342, Behind Post Office, Industrial Area Phase 2, Anakapalle R S, Vishakhapatnam, Andhra Pradesh, 531001",PREMISE:Radhe Residency|LANDMARK:Behind Post Office|LOCALITY:Industrial Area Phase|PIN:531001,4,126,1,527.17,Apparel_Western,0.2,1,0,0.0,0.19,531001,Vishakhapatnam,Vishakhapatnam,Andhra Pradesh,2,17.67729,83.0127,5J2-98J-F46J,1,1,274.9,0.9051,0,2.92,2,4,0.2392,1
VALMO_ORD_0000622,CUST_030964,"Block B, Sector 64, Near Hanuman Temple, Temple Street, Shastri Nagar, Bangalore South, Karnataka, 572139",PREMISE:Block B|LANDMARK:Near Hanuman Temple|ROAD:Temple Street|LOCALITY:Shastri Nagar|PIN:572139,5,105,1,566.17,Personal_Care,0.08,1,0,0.0,0.276,572139,Bangalore South,Tumkur,Karnataka,1,13.79715,76.85463,44T-P66-46C4,1,1,781.1,0.8037,1,3.7,2,0,0.1571,0
VALMO_ORD_0000623,CUST_028954,"Behind Post Office, Subhash Path, Kalyan Nagar, Bangalore, Karnataka, 561205",LANDMARK:Behind Post Office|ROAD:Subhash Path|LOCALITY:Kalyan Nagar|PIN:561205,4,76,1,447.96,Personal_Care,0.08,0,12,0.078,0.631,561205,Bangalore,Bangalore,Karnataka,1,13.27857,77.56212,4PF-T77-66CL,0,1,655.3,0.5046,2,12.99,4,1,0.2399,0
VALMO_ORD_0000624,CUST_056388,"Ward No. 95, Mohalla Azad Nagar, Near Water Tank, Industrial Area Phase 4, Chickpet, Bangalore, Karnataka, 560053",PREMISE:Ward No. 95|LANDMARK:Near Water Tank|LOCALITY:Mohalla Azad Nagar|PIN:560053,4,113,1,477.08,Electronics_Accessories,0.12,1,0,0.0,0.594,560053,Bangalore,Bangalore,Karnataka,1,12.9459,77.57433,4P3-JKM-3MPJ,1,1,503.8,0.8666,0,2.35,3,2,0.1699,1
VALMO_ORD_0000625,CUST_045062,"Quarter No. 48, Railway Colony, Industrial Area Phase 5, Tora, Sambalpur, Odisha, 768040",PREMISE:Quarter No. 48|LOCALITY:Railway Colony|PIN:768040,3,88,1,737.93,Apparel_Western,0.2,0,16,0.071,0.525,768040,Sambalpur,Sambalpur,Odisha,3,21.34656,83.67825,2L6-7MT-64M5,1,0,218.7,0.5732,0,1.72,4,0,0.1797,1
VALMO_ORD_0000626,CUST_013102,"Quarter No. 238, Railway Colony, Industrial Area Phase 3, Bag Mungalia S.O, Bhopal, Madhya Pradesh, 462043",PREMISE:Quarter No. 238|LOCALITY:Railway Colony|PIN:462043,3,106,1,688.92,Apparel_Ethnic,0.22,0,2,0.17,0.518,462043,Bhopal,Bhopal,Madhya Pradesh,2,23.2128,77.48375,35L-84T-JJ2P,1,0,176.6,0.5868,2,11.92,2,1,0.273,0
VALMO_ORD_0000627,CUST_030359,"Flat 101, Sharma Apartments, Near Laxmi Mandir, Gali Number 9, Muthiahpuram, Tirunelveli, Tamil Nadu, 628005",PREMISE:Flat 101|LANDMARK:Near Laxmi Mandir|LOCALITY:Muthiahpuram|PIN:628005,4,108,1,997.91,Apparel_Western,0.2,0,8,0.048,0.725,628005,Tirunelveli,Tirunelveli,Tamil Nadu,2,8.74507,78.12727,M29-LKJ-3LFP,1,1,1095.5,0.7318,0,2.98,4,0,0.1413,0
VALMO_ORD_0000628,CUST_053199,"Shop No. 222, Cloth Market, Near Govt Primary School, Subhash Path, Sattankulam, Tirunelveli, Tamil Nadu, 628704",PREMISE:Shop No. 222|LANDMARK:Cloth Market|ROAD:Subhash Path|PIN:628704,4,112,1,403.28,Apparel_Western,0.2,0,11,0.119,0.621,628704,Tirunelveli,Tirunelveli,Tamil Nadu,2,8.4536,77.92281,M23-25K-67T9,1,1,31.7,0.9845,1,4.33,3,0,0.139,0
VALMO_ORD_0000629,CUST_064002,"Khata No. 150, Village Rampur, Near Water Tank, Ring Road, Asmoli, Moradabad, Uttar Pradesh, 244304",PREMISE:Khata No. 150|LANDMARK:Near Water Tank|ROAD:Ring Road|LOCALITY:Village Rampur|PIN:244304,5,99,1,490.99,Home_Kitchen,0.13,0,8,0.335,0.608,244304,Moradabad,Moradabad,Uttar Pradesh,2,28.71869,78.49358,392-25C-T577,1,1,704.8,0.7978,0,0.55,5,1,0.1687,0
VALMO_ORD_0000630,CUST_041810,"Plot No. 43, Gali 3, Ring Road, West Hill, Kozhikode, Kerala, 673005",PREMISE:Plot No. 43|ROAD:Ring Road|PIN:673005,3,68,1,240.35,Home_Kitchen,0.13,0,11,0.174,0.781,673005,Kozhikode,Kozhikode,Kerala,3,11.29554,75.77808,MCC-73L-789M,1,0,124.0,0.5888,1,6.5,2,0,0.2064,1
VALMO_ORD_0000631,CUST_066867,"Block D, Sector 55, Near Peepal Ka Ped, Subhash Path, Jetaran, Pali, Rajasthan, 306302",PREMISE:Block D|LANDMARK:Near Peepal Ka Ped|ROAD:Subhash Path|PIN:306302,4,86,1,387.3,Footwear,0.19,0,6,0.413,0.783,306302,Pali,Pali,Rajasthan,3,26.23174,73.92357,3J2-PFM-T75K,1,1,164.0,0.93,2,17.74,2,0,0.2383,0
VALMO_ORD_0000632,CUST_003665,"Near Sai Baba Mandir, Industrial Area Phase 1, Patel Nagar, Pune, Maharashtra, 411046",LANDMARK:Near Sai Baba Mandir|LOCALITY:Industrial Area Phase|PIN:411046,3,85,0,219.96,Apparel_Ethnic,0.22,0,5,0.144,0.45,411046,Pune,Pune,Maharashtra,1,18.44892,73.82677,4FP-442-77MK,0,1,158.0,0.6202,0,0.97,2,1,0.0367,0
VALMO_ORD_0000633,CUST_031383,"Shop No. 101, Main Market, Behind Balaji Hospital, Ring Road, Azad Nagar, Bhatinda, Punjab, 151510",PREMISE:Shop No. 101|LANDMARK:Main Market|ROAD:Ring Road|LOCALITY:Azad Nagar|PIN:151510,5,98,1,576.23,Footwear,0.19,1,0,0.0,0.313,151510,Bhatinda,Bhatinda,Punjab,3,30.17131,75.40188,CM4-L9P-K2P6,1,1,997.4,0.7408,0,0.75,4,1,0.2114,0
VALMO_ORD_0000634,CUST_033659,"Behind Reliance Fresh, Subhash Path, Adarsh Nagar, Kolar, Karnataka, 563103",LANDMARK:Behind Reliance Fresh|ROAD:Subhash Path|LOCALITY:Adarsh Nagar|PIN:563103,4,75,1,633.57,Electronics_Accessories,0.12,1,0,0.0,0.696,563103,Kolar,Kolar,Karnataka,3,13.15605,78.25285,4P2-F8P-5J28,0,1,215.6,0.6312,0,2.2,5,3,0.2766,0
VALMO_ORD_0000635,CUST_021894,"Khata No. 129, Village Rampur, Cinema Road, Almel, Sindgi, Karnataka, 586202",PREMISE:Khata No. 129|ROAD:Cinema Road|LOCALITY:Village Rampur|PIN:586202,4,76,1,256.16,Apparel_Ethnic,0.22,0,11,0.024,0.602,586202,Sindgi,Bijapur,Karnataka,3,17.08817,76.20955,435-939-FMFF,1,0,327.3,0.5449,1,6.15,4,0,0.2056,0
VALMO_ORD_0000636,CUST_029241,"Gokul Residency, Flat 506, Station Road, Azad Nagar, Madurai, Tamil Nadu, 625301",PREMISE:Gokul Residency|ROAD:Station Road|LOCALITY:Azad Nagar|PIN:625301,4,80,1,197.29,Personal_Care,0.08,0,5,0.118,0.687,625301,Madurai,Madurai,Tamil Nadu,2,10.03388,78.23294,M95-K7K-MFMT,1,0,9.6,0.6456,1,5.38,4,0,0.1702,0
VALMO_ORD_0000637,CUST_071897,"House No. 260, Opposite Panchayat Bhawan, Temple Street, Nadoti, Karauli, Rajasthan, 322215",PREMISE:House No. 260|LANDMARK:Opposite Panchayat Bhawan|ROAD:Temple Street|PIN:322215,4,91,1,346.17,Apparel_Ethnic,0.22,0,5,0.267,0.806,322215,Karauli,Karauli,Rajasthan,3,26.73552,76.65951,338-M54-4FK2,1,1,15.0,0.9839,1,6.13,3,1,0.1895,0
VALMO_ORD_0000638,CUST_052892,"Opposite Shiv Mandir, Gandhi Marg, Muthanallur B.O, Bangalore, Karnataka, 560099",LANDMARK:Opposite Shiv Mandir|ROAD:Gandhi Marg|PIN:560099,3,80,1,353.41,Apparel_Western,0.2,0,4,0.092,0.777,560099,Bangalore,Bangalore,Karnataka,1,12.81669,77.68917,4P3-K65-CP9C,0,1,362.8,0.5758,0,2.45,3,0,0.1431,0
VALMO_ORD_0000639,CUST_044063,"Khata No. 265, Village Rampur, Ring Road, Adarsh Nagar, Himatnagar, Gujarat, 383307",PREMISE:Khata No. 265|ROAD:Ring Road|LOCALITY:Village Rampur|PIN:383307,4,83,1,206.7,Apparel_Western,0.2,0,23,0.167,0.607,383307,Himatnagar,Sabarkantha,Gujarat,3,23.38493,73.12241,3K4-L3P-TCF4,1,0,296.2,0.5632,2,10.02,4,2,0.3354,0
VALMO_ORD_0000640,CUST_000706,"Shop No. 130, Cloth Market, Near Water Tank, Station Road, Amrutpur B.O, Amreli, Gujarat, 365660",PREMISE:Shop No. 130|LANDMARK:Cloth Market|ROAD:Station Road|LOCALITY:Amrutpur|PIN:365660,5,96,1,359.58,Footwear,0.19,1,0,0.0,0.341,365660,Amreli,Amreli,Gujarat,3,21.2436,71.06199,JT4-46L-35J2,1,1,295.9,0.8743,0,2.26,3,1,0.1931,1
VALMO_ORD_0000641,CUST_044520,"Holding No. 314, Basti Patel Nagar, Opposite State Bank of India, Subhash Path, Patel Nagar, New Delhi, Delhi, 110041",LANDMARK:Opposite State Bank of India|ROAD:Subhash Path|LOCALITY:Basti Patel Nagar|PIN:110041,4,117,1,749.23,Apparel_Western,0.2,1,0,0.0,0.583,110041,New Delhi,North Delhi,Delhi,1,28.6625,77.05504,39J-JMP-3FK7,0,1,76.7,0.6597,0,2.77,4,1,0.1789,0
VALMO_ORD_0000642,CUST_046701,"Krishna Residency, Flat 237, Opposite HP Petrol Pump, Bypass Road, Purani Basti, Trivandrum, Kerala, 695005",PREMISE:Krishna Residency|LANDMARK:Opposite HP Petrol Pump|ROAD:Bypass Road|LOCALITY:Purani Basti|PIN:695005,5,107,1,362.99,Footwear,0.19,1,0,0.0,0.577,695005,Trivandrum,Trivandrum,Kerala,3,8.53008,76.96597,M37-78J-L5KJ,1,1,152.5,0.9486,0,2.85,3,0,0.1627,0
VALMO_ORD_0000643,CUST_023081,"Plot No. 280, Gali 14, Behind Ganesh Hospital, Hospital Road, Neravy, Thanjavur, Tamil Nadu, 609604",PREMISE:Plot No. 280|LANDMARK:Behind Ganesh Hospital|ROAD:Hospital Road|PIN:609604,4,99,1,579.57,Personal_Care,0.08,1,0,0.0,0.402,609604,Thanjavur,Thanjavur,Tamil Nadu,3,10.88959,79.80745,M8J-877-3P8L,1,1,63.1,0.9724,0,2.4,5,0,0.1542,0
VALMO_ORD_0000644,CUST_057700,"Link Road, Behta, Raibareilly, Uttar Pradesh, 229201",ROAD:Link Road|PIN:229201,2,52,1,240.45,Apparel_Ethnic,0.22,0,12,0.424,0.447,229201,Raibareilly,Raibareilly,Uttar Pradesh,2,26.16911,80.87699,372-T54-LM6M,0,0,107.1,0.3139,0,1.62,5,0,0.2234,0
VALMO_ORD_0000645,CUST_039210,"Industrial Area Phase 2, Vadakkankulam, Tirunelveli, Tamil Nadu, 627116",LOCALITY:Industrial Area Phase|PIN:627116,2,71,1,483.39,Apparel_Ethnic,0.22,0,9,0.215,0.798,627116,Tirunelveli,Tirunelveli,Tamil Nadu,2,8.22194,77.62528,M23-L38-LP4F,0,0,3.6,0.336,2,13.2,4,0,0.2916,0
VALMO_ORD_0000646,CUST_034790,"Shop No. 319, Sabzi Market, Gali Number 7, Hilli, Medinipur, West Bengal, 721306",PREMISE:Shop No. 319|LANDMARK:Sabzi Market|LOCALITY:Medinipur|PIN:721306,4,80,0,845.37,Apparel_Western,0.2,0,21,0.045,0.871,721306,Medinipur,Midnapur,West Bengal,3,22.33563,87.27718,2P9-4LM-C4JJ,1,1,16.4,0.9722,1,5.59,2,0,0.0345,0
VALMO_ORD_0000647,CUST_069619,"Temple Street, Shastri Nagar, Manmad, Maharashtra, 423104",ROAD:Temple Street|LOCALITY:Shastri Nagar|PIN:423104,3,57,1,840.8,Apparel_Western,0.2,0,4,0.142,0.564,423104,Manmad,Nashik,Maharashtra,2,20.27862,74.41971,4F8-352-CP98,0,0,82.4,0.3075,1,4.98,2,1,0.2514,0
VALMO_ORD_0000648,CUST_027245,"Block A, Sector 54, College Road, Bijaipur, Gopalganj, Bihar, 841508",PREMISE:Block A|ROAD:College Road|LOCALITY:Bijaipur|PIN:841508,4,68,1,707.14,Apparel_Ethnic,0.22,0,6,0.103,0.367,841508,Gopalganj,Gopalganj,Bihar,3,26.48125,84.0155,23J-37P-JT3M,1,0,622.4,0.4725,0,2.9,3,0,0.1966,1
VALMO_ORD_0000649,CUST_001597,"Yadav Niwas, Room 284, Industrial Area Phase 9, Sri Bhaini Sahib S.O, Ludhiana, Punjab, 141126",PREMISE:Yadav Niwas|LOCALITY:Industrial Area Phase|PIN:141126,3,94,1,575.46,Apparel_Western,0.2,1,0,0.0,0.711,141126,Ludhiana,Ludhiana,Punjab,2,30.93523,76.0574,CM2-3MF-6LFL,1,0,130.5,0.6011,0,0.96,5,0,0.1856,0
VALMO_ORD_0000650,CUST_039416,"House No. 270, Near Balaji Mandir, Nehru Road, Azad Nagar, Pune, Maharashtra, 411047",PREMISE:House No. 270|LANDMARK:Near Balaji Mandir|ROAD:Nehru Road|LOCALITY:Azad Nagar|PIN:411047,5,84,1,398.79,Apparel_Western,0.2,0,5,0.153,0.553,411047,Pune,Pune,Maharashtra,1,18.60257,73.91856,4FP-2JM-M5C5,1,1,172.2,0.9383,1,3.32,2,0,0.1294,0
VALMO_ORD_0000651,CUST_064414,"House No. 29, Ring Road, Mugutkhanhubli, Belgaum, Karnataka, 591118",PREMISE:House No. 29|ROAD:Ring Road|PIN:591118,3,67,1,916.85,Home_Kitchen,0.13,0,11,0.113,0.632,591118,Belgaum,Belgaum,Karnataka,2,15.70903,74.68254,4K8-69J-C3KT,1,0,237.1,0.544,0,2.38,3,2,0.206,0
VALMO_ORD_0000652,CUST_062014,"Quarter No. 93, Railway Colony, Main Bazaar Road, Tamari B.O, Seraikela-Kharsawan, Jharkhand, 832404",PREMISE:Quarter No. 93|ROAD:Main Bazaar Road|LOCALITY:Railway Colony|PIN:832404,4,100,1,358.04,Footwear,0.19,0,10,0.079,0.543,832404,Seraikela-Kharsawan,Seraikela-Kharsawan,Jharkhand,3,23.06564,85.95077,24T-7P9-C235,1,0,192.9,0.5884,0,2.59,3,0,0.1779,1
VALMO_ORD_0000653,CUST_066420,"Khata No. 174, Village Rampur, Near Govt Primary School, College Road, Vidyaranyapura, Bangalore, Karnataka, 560097",PREMISE:Khata No. 174|LANDMARK:Near Govt Primary School|ROAD:College Road|LOCALITY:Village Rampur|PIN:560097,5,115,1,325.7,Footwear,0.19,0,3,0.204,0.89,560097,Bangalore,Bangalore,Karnataka,1,13.08837,77.56933,4P3-FKL-7F3P,1,1,154.9,0.9501,0,1.53,4,1,0.1292,0
VALMO_ORD_0000654,CUST_044519,"Quarter No. 114, Railway Colony, Ring Road, Khambadakone, Mangalore, Karnataka, 576219",PREMISE:Quarter No. 114|ROAD:Ring Road|LOCALITY:Railway Colony|PIN:576219,4,86,1,150.0,Electronics_Accessories,0.12,1,0,0.0,0.844,576219,Mangalore,Dak. Kannada,Karnataka,2,13.78403,74.62278,4KT-TLC-9KC9,1,0,49.5,0.6197,2,8.68,3,1,0.2899,1
VALMO_ORD_0000655,CUST_073892,"Near Govt Primary School, Nehru Road, Kala Kot, Poonch, Jammu & Kashmir, 185102",LANDMARK:Near Govt Primary School|ROAD:Nehru Road|PIN:185102,3,79,1,322.86,Home_Kitchen,0.13,0,2,0.148,0.617,185102,Poonch,Poonch,Jammu & Kashmir,3,33.8051,74.27171,CK8-J24-94MF,0,1,146.3,0.6619,1,3.68,3,0,0.1943,0
VALMO_ORD_0000656,CUST_066682,"House No. 317, Kalyan Marg, Virnagar, Rajkot, Gujarat, 360060",PREMISE:House No. 317|ROAD:Kalyan Marg|LOCALITY:Virnagar|PIN:360060,4,61,1,262.91,Personal_Care,0.08,0,29,0.065,0.655,360060,Rajkot,Rajkot,Gujarat,2,22.13533,71.16515,JT3-92J-L4TT,1,0,82.7,0.6071,0,1.89,4,0,0.1496,1
VALMO_ORD_0000657,CUST_027442,"Block B, Sector 240, Cinema Road, Jainur, Adilabad, Telangana, 504313",PREMISE:Block B|ROAD:Cinema Road|PIN:504313,3,69,1,479.73,Footwear,0.19,0,7,0.064,0.54,504313,Adilabad,Adilabad,Telangana,3,19.36302,78.96338,496-C87-32L8,1,0,199.0,0.5728,0,1.15,4,0,0.1787,0
VALMO_ORD_0000658,CUST_068107,"Shop No. 19, Sabzi Market, Bypass Road, Peda Bayulu, Vishakhapatnam, Andhra Pradesh, 531040",PREMISE:Shop No. 19|LANDMARK:Sabzi Market|ROAD:Bypass Road|PIN:531040,4,91,1,150.0,Footwear,0.19,1,0,0.0,0.305,531040,Vishakhapatnam,Vishakhapatnam,Andhra Pradesh,2,18.31939,82.55279,5FM-T48-8J5K,1,1,284.2,0.8568,0,2.96,5,0,0.1544,0
VALMO_ORD_0000659,CUST_010376,"Link Road, Tilvalli, Dharwar, Karnataka, 581120",ROAD:Link Road|PIN:581120,2,47,1,792.68,Personal_Care,0.08,0,3,0.084,0.57,581120,Dharwar,Dharwar,Karnataka,3,14.64861,75.2328,44K-742-T985,0,0,124.4,0.3091,2,15.64,3,2,0.3638,0
VALMO_ORD_0000660,CUST_065474,"Khata No. 249, Village Rampur, Ring Road, Parinche, Pune, Maharashtra, 412311",PREMISE:Khata No. 249|ROAD:Ring Road|LOCALITY:Village Rampur|PIN:412311,4,77,1,525.62,Apparel_Western,0.2,0,1,0.065,0.563,412311,Pune,Pune,Maharashtra,1,18.19368,74.09168,4J9-834-J45C,1,0,100.8,0.5803,1,4.82,3,1,0.182,0
VALMO_ORD_0000661,CUST_056180,"Near Bus Stand, Kalyan Marg, Adarsh Nagar, Tiruchirappalli, Tamil Nadu, 637412",LANDMARK:Near Bus Stand|ROAD:Kalyan Marg|LOCALITY:Adarsh Nagar|PIN:637412,4,78,1,480.29,Apparel_Ethnic,0.22,0,7,0.007,0.97,637412,Tiruchirappalli,Tiruchirappalli,Tamil Nadu,2,11.40737,78.22317,M99-F56-K956,0,1,132.9,0.6547,2,9.24,4,0,0.2198,1
VALMO_ORD_0000662,CUST_065615,"Shop No. 177, Cloth Market, Near Govt Primary School, Nehru Road, Gouri Pur, Dhubri, Assam, 783331",PREMISE:Shop No. 177|LANDMARK:Cloth Market|ROAD:Nehru Road|LOCALITY:Gouri Pur|PIN:783331,5,98,0,762.57,Apparel_Western,0.2,0,8,0.061,0.668,783331,Dhubri,Dhubri,Assam,3,26.0963,89.9542,276-FFM-79CP,1,1,1146.9,0.7246,1,4.89,3,4,0.0736,0
VALMO_ORD_0000663,CUST_030861,"Ward No. 203, Mohalla Gandhi Nagar, Near Water Tank, Hospital Road, Manchar, Manchar, Maharashtra, 410503",PREMISE:Ward No. 203|LANDMARK:Near Water Tank|ROAD:Hospital Road|LOCALITY:Mohalla Gandhi Nagar|PIN:410503,5,105,1,340.55,Footwear,0.19,1,0,0.0,0.479,410503,Manchar,Pune,Maharashtra,1,18.99922,73.93545,4F5-5K6-MCF2,1,1,137.9,0.9443,1,6.7,2,0,0.1474,1
VALMO_ORD_0000664,CUST_028921,"Shop No. 180, Grain Market, Link Road, Dehu Road, Pune, Maharashtra, 412109",PREMISE:Shop No. 180|LANDMARK:Grain Market|ROAD:Link Road|PIN:412109,4,75,1,459.37,Apparel_Ethnic,0.22,0,11,0.134,0.419,412109,Pune,Pune,Maharashtra,1,18.71634,73.75679,4FP-F65-TT89,1,1,279.4,0.8864,0,2.72,3,0,0.1167,0
VALMO_ORD_0000665,CUST_058317,"Quarter No. 317, Railway Colony, Industrial Area Phase 5, Patel Nagar, Coimbatore, Tamil Nadu, 642154",PREMISE:Quarter No. 317|LOCALITY:Railway Colony|PIN:642154,3,101,1,329.0,Apparel_Ethnic,0.22,0,3,0.178,0.534,642154,Coimbatore,Coimbatore,Tamil Nadu,2,10.61434,77.25703,M9J-47C-L879,1,0,56.4,0.6202,0,0.89,3,1,0.184,0
VALMO_ORD_0000666,CUST_073628,"Ring Road, Melavaluvu, Madurai, Tamil Nadu, 625105",ROAD:Ring Road|PIN:625105,2,50,1,327.64,Apparel_Western,0.2,0,4,0.061,0.862,625105,Madurai,Madurai,Tamil Nadu,2,10.19169,78.31086,M95-33C-L24M,0,0,312.8,0.2496,0,0.78,5,0,0.1997,0
VALMO_ORD_0000667,CUST_033058,"Near Krishna Mandir, Subhash Path, A F Hospital, Bangalore, Karnataka, 560007",LANDMARK:Near Krishna Mandir|ROAD:Subhash Path|PIN:560007,3,77,1,612.45,Apparel_Western,0.2,0,15,0.098,0.868,560007,Bangalore,Bangalore,Karnataka,1,12.97193,77.6327,4P3-J48-687K,0,1,125.1,0.6447,0,2.27,2,0,0.1365,0
VALMO_ORD_0000668,CUST_061782,"Ward No. 277, Mohalla Azad Nagar, Behind Laxmi Hospital, Kalyan Marg, Gari Bichola B.O, Budaun, Uttar Pradesh, 243723",PREMISE:Ward No. 277|LANDMARK:Behind Laxmi Hospital|ROAD:Kalyan Marg|LOCALITY:Mohalla Azad Nagar|PIN:243723,5,117,1,628.35,Apparel_Western,0.2,1,0,0.0,0.044,243723,Budaun,Budaun,Uttar Pradesh,3,28.30964,78.71577,396-FJT-J6MT,1,1,131.6,0.9254,0,1.75,2,0,0.166,1
VALMO_ORD_0000669,CUST_039056,"Near Water Tank, Bypass Road, Kanpur University, Kanpur, Uttar Pradesh, 208024",LANDMARK:Near Water Tank|ROAD:Bypass Road|LOCALITY:Kanpur|PIN:208024,4,78,1,222.6,Apparel_Western,0.2,1,0,0.0,0.149,208024,Kanpur,Kanpur,Uttar Pradesh,2,26.49189,80.2938,373-735-7FF2,0,1,40.3,0.6749,0,2.94,2,0,0.1763,0
VALMO_ORD_0000670,CUST_032083,"Surya Niwas, Room 238, Near Ram Mandir, Main Bazaar Road, Valva, Sangli, Maharashtra, 416313",PREMISE:Surya Niwas|LANDMARK:Near Ram Mandir|ROAD:Main Bazaar Road|PIN:416313,4,92,1,187.23,Apparel_Ethnic,0.22,0,18,0.089,0.488,416313,Sangli,Sangli,Maharashtra,3,17.00706,74.38031,4J6-CM3-756T,1,1,95.8,0.97,2,11.3,3,0,0.2055,1
VALMO_ORD_0000671,CUST_067598,"Flat 356, Krishna Apartments, Opposite HP Petrol Pump, Gandhi Marg, Peelwa Jodhpur, Jodhpur, Rajasthan, 342309",PREMISE:Flat 356|LANDMARK:Opposite HP Petrol Pump|ROAD:Gandhi Marg|LOCALITY:Peelwa Jodhpur|PIN:342309,5,110,1,580.51,Apparel_Western,0.2,0,5,0.204,0.546,342309,Jodhpur,Jodhpur,Rajasthan,2,26.79718,72.48695,J78-T8P-5FJ7,1,1,60.7,0.9414,1,6.75,4,0,0.149,0
VALMO_ORD_0000672,CUST_025128,"Near Hanuman Temple, College Road, Bantala, Anugul, Odisha, 759129",LANDMARK:Near Hanuman Temple|ROAD:College Road|PIN:759129,3,66,0,256.47,Apparel_Ethnic,0.22,0,12,0.172,0.59,759129,Anugul,Anugul,Odisha,3,20.72017,85.07407,2MP-435-PPCP,0,1,79.7,0.6542,1,6.45,2,0,0.048,0
VALMO_ORD_0000673,CUST_057355,"Khata No. 314, Village Rampur, Nehru Road, Dobespet, Bangalore, Karnataka, 562111",PREMISE:Khata No. 314|ROAD:Nehru Road|LOCALITY:Village Rampur|PIN:562111,4,81,1,656.69,Apparel_Ethnic,0.22,1,0,0.0,0.376,562111,Bangalore,Bangalore,Karnataka,1,13.20094,77.25812,4PF-MT4-3M69,1,0,168.8,0.6057,0,2.0,2,0,0.1659,0
VALMO_ORD_0000674,CUST_074090,"Plot No. 1, Gali 14, Link Road, Purani Basti, Rajkot, Gujarat, 360380",PREMISE:Plot No. 1|ROAD:Link Road|LOCALITY:Purani Basti|PIN:360380,4,69,1,608.63,Apparel_Ethnic,0.22,0,6,0.17,0.784,360380,Rajkot,Rajkot,Gujarat,2,21.83089,70.68679,JTJ-6KC-57FP,1,0,165.8,0.568,2,15.47,3,0,0.2482,0
VALMO_ORD_0000675,CUST_072419,"Holding No. 214, Basti Patel Nagar, Industrial Area Phase 6, Patel Nagar, Lucknow, Uttar Pradesh, 226017",LOCALITY:Basti Patel Nagar|PIN:226017,2,104,1,208.56,Home_Kitchen,0.13,0,13,0.145,0.679,226017,Lucknow,Lucknow,Uttar Pradesh,2,26.84033,80.8561,379-6M5-57TC,0,0,155.7,0.3079,0,1.07,3,0,0.1943,0
VALMO_ORD_0000676,CUST_001729,"Khata No. 270, Village Rampur, Main Bazaar Road, Dalimb S.O, Osmanabad, Maharashtra, 413604",PREMISE:Khata No. 270|ROAD:Main Bazaar Road|LOCALITY:Village Rampur|PIN:413604,4,91,0,319.94,Apparel_Ethnic,0.22,0,1,0.111,0.703,413604,Osmanabad,Osmanabad,Maharashtra,3,17.91108,76.52292,438-K24-58PL,1,0,90.8,0.5998,1,4.98,5,0,0.0487,0
VALMO_ORD_0000677,CUST_045419,"Yadav Residency, Flat 197, Near Hanuman Temple, Bypass Road, Azad Nagar, Vishakhapatnam, Andhra Pradesh, 531149",PREMISE:Yadav Residency|LANDMARK:Near Hanuman Temple|ROAD:Bypass Road|LOCALITY:Azad Nagar|PIN:531149,5,111,1,280.16,Electronics_Accessories,0.12,1,0,0.0,0.703,531149,Vishakhapatnam,Vishakhapatnam,Andhra Pradesh,2,18.31446,82.91891,5FP-PKC-46KK,1,1,228.3,0.8996,0,2.74,4,0,0.1462,0
VALMO_ORD_0000678,CUST_011089,"Shop No. 142, Grain Market, Opposite HP Petrol Pump, Main Bazaar Road, Koransarai, Arrah, Bihar, 802126",PREMISE:Shop No. 142|LANDMARK:Grain Market|ROAD:Main Bazaar Road|PIN:802126,4,103,1,281.99,Electronics_Accessories,0.12,0,6,0.023,0.495,802126,Arrah,Bhojpur,Bihar,3,25.48148,84.15123,23L-963-9P3P,1,1,456.6,0.8556,1,3.85,3,0,0.1603,0
VALMO_ORD_0000679,CUST_051323,"Krishna Niwas, Room 555, Near Water Tank, Gandhi Marg, Kalyan Nagar, Rayagada, Odisha, 765029",PREMISE:Krishna Niwas|LANDMARK:Near Water Tank|ROAD:Gandhi Marg|LOCALITY:Kalyan Nagar|PIN:765029,5,93,0,493.48,Apparel_Ethnic,0.22,1,0,0.0,0.686,765029,Rayagada,Rayagada,Odisha,3,19.16212,83.78746,5CK-J4F-CLK8,1,1,727.4,0.8076,1,6.94,2,0,0.0489,0
VALMO_ORD_0000680,CUST_014188,"Behind Sai Baba Hospital, Cinema Road, Kalyan Nagar, Mysore, Karnataka, 571311",LANDMARK:Behind Sai Baba Hospital|ROAD:Cinema Road|LOCALITY:Kalyan Nagar|PIN:571311,4,78,0,445.23,Apparel_Western,0.2,1,0,0.0,0.201,571311,Mysore,Mysore,Karnataka,2,12.20527,76.66827,4M6-4PP-MFF3,0,1,70.6,0.6511,0,0.56,4,0,0.0414,0
VALMO_ORD_0000681,CUST_021136,"House No. 85, Behind Reliance Fresh, Subhash Path, Gandhi Nagar, Sonepat, Haryana, 131023",PREMISE:House No. 85|LANDMARK:Behind Reliance Fresh|ROAD:Subhash Path|LOCALITY:Gandhi Nagar|PIN:131023,5,89,0,428.39,Home_Kitchen,0.13,1,0,0.0,0.125,131023,Sonepat,Sonepat,Haryana,3,28.92123,77.12655,39J-F82-M242,1,1,1004.5,0.7225,1,5.25,3,3,0.0762,0
VALMO_ORD_0000682,CUST_030633,"Khata No. 188, Village Rampur, Ring Road, Additional Ambernath S.O, Thane, Maharashtra, 421506",PREMISE:Khata No. 188|ROAD:Ring Road|LOCALITY:Village Rampur|PIN:421506,4,94,1,276.14,Apparel_Ethnic,0.22,0,2,0.163,0.708,421506,Thane,Thane,Maharashtra,2,19.19886,73.18513,4F4-J7C-88K6,1,0,451.2,0.5283,0,0.8,3,0,0.1731,0
VALMO_ORD_0000683,CUST_006305,"Near Govt Primary School, Nehru Road, Ponnal B.O, Hyderabad, Telangana, 500078",LANDMARK:Near Govt Primary School|ROAD:Nehru Road|PIN:500078,3,78,1,761.06,Personal_Care,0.08,0,15,0.236,0.499,500078,Hyderabad,Hyderabad,Telangana,1,17.6249,78.56032,422-8JM-9JMT,0,1,7.3,0.6881,2,7.64,4,0,0.2023,0
VALMO_ORD_0000684,CUST_032903,"Khata No. 150, Village Rampur, Opposite State Bank of India, Industrial Area Phase 1, Pallapatti Salem, Salem, Tamil Nadu, 636009",PREMISE:Khata No. 150|LANDMARK:Opposite State Bank of India|LOCALITY:Village Rampur|PIN:636009,4,129,1,640.67,Footwear,0.19,0,11,0.19,0.514,636009,Salem,Salem,Tamil Nadu,2,11.66884,78.15948,4PP-KL8-T96K,1,1,164.9,0.9375,0,2.12,3,0,0.129,0
VALMO_ORD_0000685,CUST_014614,"Near Govt Primary School, Station Road, Jaswantgarh Nagaur, Nagaur, Rajasthan, 341304",LANDMARK:Near Govt Primary School|ROAD:Station Road|PIN:341304,3,85,0,409.52,Personal_Care,0.08,0,6,0.028,0.509,341304,Nagaur,Nagaur,Rajasthan,3,27.64287,74.51608,3FT-2CM-39L9,0,1,32.6,0.6872,1,4.86,4,0,0.0412,0
VALMO_ORD_0000686,CUST_022508,"Plot No. 345, Gali 13, Cinema Road, R E College, Warangal, Telangana, 506004",PREMISE:Plot No. 345|ROAD:Cinema Road|PIN:506004,3,76,1,630.06,Footwear,0.19,0,3,0.033,0.721,506004,Warangal,Warangal,Telangana,2,17.9989,79.55552,47F-2L9-6JF2,1,0,148.3,0.6089,1,4.58,3,0,0.1746,0
VALMO_ORD_0000687,CUST_060727,"Shop No. 12, Grain Market, Near Water Tank, Subhash Path, Shastri Nagar, Chennai, Tamil Nadu, 600057",PREMISE:Shop No. 12|LANDMARK:Grain Market|ROAD:Subhash Path|LOCALITY:Shastri Nagar|PIN:600057,5,100,1,773.23,Electronics_Accessories,0.12,1,0,0.0,0.696,600057,Chennai,Chennai,Tamil Nadu,1,13.20015,80.3103,4TC-TPK-59LT,1,1,234.9,0.9101,0,1.53,5,0,0.1286,0
VALMO_ORD_0000688,CUST_075138,"House No. 201, Opposite Panchayat Bhawan, Main Bazaar Road, Subhash Nagar, Thrissur, Kerala, 680641",PREMISE:House No. 201|LANDMARK:Opposite Panchayat Bhawan|ROAD:Main Bazaar Road|LOCALITY:Subhash Nagar|PIN:680641,5,99,1,436.62,Apparel_Western,0.2,0,5,0.069,0.953,680641,Thrissur,Thrissur,Kerala,3,10.43902,76.13315,MC2-M6C-4M7T,1,1,233.6,0.9159,2,7.13,2,1,0.2351,0
VALMO_ORD_0000689,CUST_040257,"Behind Reliance Fresh, Station Road, Adarsh Nagar, Sugauli, Bihar, 845456",LANDMARK:Behind Reliance Fresh|ROAD:Station Road|LOCALITY:Adarsh Nagar|PIN:845456,4,73,1,620.5,Footwear,0.19,0,6,0.116,0.87,845456,Sugauli,Purba Champaran,Bihar,3,26.18127,85.16845,232-PK3-42K7,0,1,93.3,0.6488,0,2.94,4,3,0.2445,1
VALMO_ORD_0000690,CUST_054838,"Ward No. 296, Mohalla Shastri Nagar, Hospital Road, Manjari Farm, Pune, Maharashtra, 412307",PREMISE:Ward No. 296|ROAD:Hospital Road|LOCALITY:Mohalla Shastri Nagar|PIN:412307,4,91,1,676.19,Apparel_Ethnic,0.22,1,0,0.0,0.371,412307,Pune,Pune,Maharashtra,1,18.53449,73.9862,4FP-2PM-K49J,1,0,38.0,0.6255,0,1.11,5,4,0.2589,1
VALMO_ORD_0000691,CUST_008611,"Opposite HP Petrol Pump, Nehru Road, Latipur, Jamnagar, Gujarat, 361220",LANDMARK:Opposite HP Petrol Pump|ROAD:Nehru Road|LOCALITY:Latipur|PIN:361220,4,71,1,328.32,Apparel_Western,0.2,1,0,0.0,0.535,361220,Jamnagar,Jamnagar,Gujarat,2,22.65907,70.54878,JTF-9K4-7769,0,1,99.0,0.667,2,12.51,2,0,0.2594,0
VALMO_ORD_0000692,CUST_016228,"Shop No. 250, Cloth Market, Near Shiv Mandir, Station Road, National Chem Laboratory, Pune, Maharashtra, 411008",PREMISE:Shop No. 250|LANDMARK:Cloth Market|ROAD:Station Road|PIN:411008,4,111,1,338.01,Apparel_Ethnic,0.22,0,9,0.131,0.719,411008,Pune,Pune,Maharashtra,1,18.53845,73.82489,4FP-3MP-96T5,1,1,269.1,0.9143,0,2.6,3,0,0.1142,0
VALMO_ORD_0000693,CUST_014434,"Quarter No. 306, Railway Colony, Near Bus Stand, College Road, Purani Basti, Varanasi, Uttar Pradesh, 221108",PREMISE:Quarter No. 306|LANDMARK:Near Bus Stand|ROAD:College Road|LOCALITY:Railway Colony|PIN:221108,5,108,1,510.68,Apparel_Western,0.2,0,1,0.05,0.451,221108,Varanasi,Varanasi,Uttar Pradesh,2,25.25761,82.96634,2JP-5C5-6MC9,1,1,132.8,0.9506,2,7.44,3,0,0.1818,1
VALMO_ORD_0000694,CUST_052870,"Khata No. 299, Village Rampur, Opposite Shiv Mandir, Kalyan Marg, Patel Nagar, Coimbatore, Tamil Nadu, 641019",PREMISE:Khata No. 299|LANDMARK:Opposite Shiv Mandir|ROAD:Kalyan Marg|LOCALITY:Village Rampur|PIN:641019,5,109,1,568.81,Footwear,0.19,0,5,0.316,0.651,641019,Coimbatore,Coimbatore,Tamil Nadu,2,11.22519,76.97648,MC8-7TM-3CJ9,1,1,18.4,0.9768,0,1.18,4,1,0.1502,0
VALMO_ORD_0000695,CUST_000648,"Patel Residency, Flat 293, Behind Reliance Fresh, Hospital Road, Azad Nagar, Chennai, Tamil Nadu, 600086",PREMISE:Patel Residency|LANDMARK:Behind Reliance Fresh|ROAD:Hospital Road|LOCALITY:Azad Nagar|PIN:600086,5,104,1,213.99,Home_Kitchen,0.13,0,10,0.042,0.541,600086,Chennai,Chennai,Tamil Nadu,1,13.04851,80.26386,4T3-8LT-M399,1,1,223.2,0.8947,2,16.78,3,0,0.164,0
VALMO_ORD_0000696,CUST_036047,"Near Saraswati Mandir, Gandhi Marg, Periyar, Madurai, Tamil Nadu, 638001",LANDMARK:Near Saraswati Mandir|ROAD:Gandhi Marg|PIN:638001,3,72,1,555.32,Home_Kitchen,0.13,1,0,0.0,0.559,638001,Madurai,Madurai,Tamil Nadu,2,11.34361,77.73622,M9C-3F7-TFKT,0,1,15.3,0.683,0,0.98,2,1,0.1929,0
VALMO_ORD_0000697,CUST_015046,"Radhe Niwas, Room 427, Behind Reliance Fresh, Cinema Road, Kale, Kolhapur, Maharashtra, 416205",PREMISE:Radhe Niwas|LANDMARK:Behind Reliance Fresh|ROAD:Cinema Road|LOCALITY:Kolhapur|PIN:416205,5,94,1,482.98,Apparel_Ethnic,0.22,1,0,0.0,0.543,416205,Kolhapur,Kolhapur,Maharashtra,2,16.73305,74.0772,4J5-6L8-47K8,1,1,254.2,0.914,0,2.71,3,0,0.1497,0
VALMO_ORD_0000698,CUST_068014,"Plot No. 134, Gali 4, Behind Reliance Fresh, College Road, Adarsh Nagar, Kapurthala, Punjab, 144629",PREMISE:Plot No. 134|LANDMARK:Behind Reliance Fresh|ROAD:College Road|LOCALITY:Adarsh Nagar|PIN:144629,5,99,1,417.79,Home_Kitchen,0.13,0,13,0.17,0.822,144629,Kapurthala,Kapurthala,Punjab,3,31.16292,75.21158,CMJ-8CK-PF4L,1,1,138.4,0.9446,0,1.46,4,1,0.159,1
VALMO_ORD_0000699,CUST_025194,"Plot No. 266, Gali 13, Behind Reliance Fresh, Gali Number 9, Adarsh Nagar, Barast, West Bengal, 743399",PREMISE:Plot No. 266|LANDMARK:Behind Reliance Fresh|LOCALITY:Adarsh Nagar|PIN:743399,4,102,1,230.21,Apparel_Ethnic,0.22,1,0,0.0,0.327,743399,Barast,South 24 Parganas,West Bengal,3,22.0368,88.29271,2TJ-JCJ-847J,1,1,621.6,0.7976,0,0.52,2,1,0.2054,0
VALMO_ORD_0000700,CUST_018587,"Plot No. 340, Gali 11, Gandhi Marg, Ignou S.O, South West Delhi, Delhi, 110068",PREMISE:Plot No. 340|ROAD:Gandhi Marg|PIN:110068,3,78,1,836.32,Apparel_Western,0.2,1,0,0.0,0.548,110068,South West Delhi,South West Delhi,Delhi,1,28.49266,77.20836,39J-MC6-57MF,1,0,158.2,0.5984,2,15.61,3,0,0.244,0
VALMO_ORD_0000701,CUST_073859,"Plot No. 75, Gali 12, Main Bazaar Road, Shastri Nagar, Kota, Rajasthan, 325206",PREMISE:Plot No. 75|ROAD:Main Bazaar Road|LOCALITY:Shastri Nagar|PIN:325206,4,78,1,879.56,Apparel_Ethnic,0.22,0,15,0.251,0.468,325206,Kota,Kota,Rajasthan,2,25.29101,76.36209,33P-7M6-M59T,1,0,55.8,0.6096,1,4.38,3,0,0.1934,0
VALMO_ORD_0000702,CUST_049870,"Plot No. 202, Gali 12, Beside Govt Hospital, Industrial Area Phase 2, Jaspal Bangar, Ludhiana, Punjab, 141122",PREMISE:Plot No. 202|LANDMARK:Beside Govt Hospital|LOCALITY:Industrial Area Phase|PIN:141122,4,109,1,339.93,Apparel_Ethnic,0.22,1,0,0.0,0.386,141122,Ludhiana,Ludhiana,Punjab,2,30.83828,75.90377,CM2-KJT-4L4M,1,1,444.9,0.8565,0,1.44,3,0,0.1561,0
VALMO_ORD_0000703,CUST_047108,"Shop No. 160, Main Market, Behind Reliance Fresh, Cinema Road, Bb Singh, Gonda, Uttar Pradesh, 271126",PREMISE:Shop No. 160|LANDMARK:Main Market|ROAD:Cinema Road|PIN:271126,4,101,1,555.85,Footwear,0.19,0,11,0.068,0.959,271126,Gonda,Gonda,Uttar Pradesh,3,27.15497,81.73147,2JF-C55-MCMP,1,1,148.5,0.9404,1,5.23,3,1,0.1777,0
VALMO_ORD_0000704,CUST_001966,"Plot No. 225, Gali 8, Gandhi Marg, Shastri Nagar, Faridkot, Punjab, 152112",PREMISE:Plot No. 225|ROAD:Gandhi Marg|LOCALITY:Shastri Nagar|PIN:152112,4,74,1,211.2,Apparel_Western,0.2,0,10,0.082,0.829,152112,Faridkot,Faridkot,Punjab,3,30.28097,74.50732,CL6-53L-C5J8,1,0,99.2,0.5838,0,2.48,5,0,0.1792,0
VALMO_ORD_0000705,CUST_005380,"Block D, Sector 150, Behind Post Office, Bypass Road, Purani Basti, Ahmedabad, Gujarat, 382115",PREMISE:Block D|LANDMARK:Behind Post Office|ROAD:Bypass Road|LOCALITY:Purani Basti|PIN:382115,5,94,1,376.2,Apparel_Ethnic,0.22,0,7,0.113,0.812,382115,Ahmedabad,Ahmedabad,Gujarat,1,23.06028,72.3853,J6T-7L9-6TF6,1,1,33.1,0.9805,0,2.23,3,0,0.1077,0
VALMO_ORD_0000706,CUST_053017,"Behind Ganesh Hospital, Station Road, Virbhadra, Dehradun, Uttarakhand, 249202",LANDMARK:Behind Ganesh Hospital|ROAD:Station Road|PIN:249202,3,78,0,163.47,Apparel_Western,0.2,0,21,0.054,0.765,249202,Dehradun,Dehradun,Uttarakhand,2,30.01599,78.11098,CPM-872-3946,0,1,201.0,0.6375,0,1.02,5,0,0.0342,0
VALMO_ORD_0000707,CUST_065474,"Quarter No. 135, Railway Colony, Ring Road, Parinche, Pune, Maharashtra, 412311",PREMISE:Quarter No. 135|ROAD:Ring Road|LOCALITY:Railway Colony|PIN:412311,4,79,1,393.89,Apparel_Western,0.2,0,5,0.13,0.409,412311,Pune,Pune,Maharashtra,1,18.22905,74.07892,4J9-8F6-25C4,1,0,105.8,0.615,0,1.96,2,1,0.16,0
VALMO_ORD_0000708,CUST_010791,"Block C, Sector 272, Opposite State Bank of India, Subhash Path, Alwar Ramganj, Alwar, Rajasthan, 301001",PREMISE:Block C|LANDMARK:Opposite State Bank of India|ROAD:Subhash Path|PIN:301001,4,104,0,598.26,Apparel_Western,0.2,1,0,0.0,0.219,301001,Alwar,Alwar,Rajasthan,3,27.61398,76.58296,3CT-3JK-5J7K,1,1,905.3,0.7291,0,2.29,3,1,0.051,0
VALMO_ORD_0000709,CUST_072213,"Khata No. 134, Village Rampur, Opposite State Bank of India, Main Bazaar Road, Iroopara, Thiruvananthapuram, Kerala, 695584",PREMISE:Khata No. 134|LANDMARK:Opposite State Bank of India|ROAD:Main Bazaar Road|LOCALITY:Village Rampur|PIN:695584,5,123,1,507.94,Apparel_Ethnic,0.22,1,0,0.0,0.772,695584,Thiruvananthapuram,Trivandrum,Kerala,2,8.61251,76.88511,M37-8K9-696C,1,1,313.7,0.8738,2,16.74,3,0,0.2285,0
VALMO_ORD_0000710,CUST_020454,"Near Water Tank, Main Bazaar Road, Kalyan Nagar, Kottayam, Kerala, 686582",LANDMARK:Near Water Tank|ROAD:Main Bazaar Road|LOCALITY:Kalyan Nagar|PIN:686582,4,73,1,660.32,Electronics_Accessories,0.12,1,0,0.0,0.087,686582,Kottayam,Kottayam,Kerala,3,9.65036,76.82908,MCT-28K-2L84,0,1,876.1,0.4677,1,3.25,2,0,0.2501,0
VALMO_ORD_0000711,CUST_035967,"Near Water Tank, Cinema Road, Adarsh Nagar, Coimbatore, Tamil Nadu, 641663",LANDMARK:Near Water Tank|ROAD:Cinema Road|LOCALITY:Adarsh Nagar|PIN:641663,4,74,1,279.05,Footwear,0.19,0,5,0.145,0.844,641663,Coimbatore,Coimbatore,Tamil Nadu,2,11.07726,77.25321,M9F-M8F-8J67,0,1,18.3,0.6634,0,2.73,2,1,0.1743,0
VALMO_ORD_0000712,CUST_047865,"Beside Govt Hospital, Bypass Road, Adarsh Nagar, Kolkata, West Bengal, 700025",LANDMARK:Beside Govt Hospital|ROAD:Bypass Road|LOCALITY:Adarsh Nagar|PIN:700025,4,77,1,704.38,Apparel_Western,0.2,0,2,0.226,0.689,700025,Kolkata,Kolkata,West Bengal,1,22.52889,88.33542,2TF-J53-965F,0,1,14.4,0.6636,0,0.72,5,0,0.1425,0
VALMO_ORD_0000713,CUST_056071,"Vrindavan Niwas, Room 438, Near Govt Primary School, Ring Road, Kalyan Nagar, Bangalore, Karnataka, 560020",PREMISE:Vrindavan Niwas|LANDMARK:Near Govt Primary School|ROAD:Ring Road|LOCALITY:Kalyan Nagar|PIN:560020,5,106,1,801.41,Footwear,0.19,0,10,0.186,0.774,560020,Bangalore,Bangalore,Karnataka,1,13.00334,77.56928,4P3-JJF-TL3C,1,1,140.6,0.9236,1,4.21,3,0,0.1323,0
VALMO_ORD_0000714,CUST_038500,"Station Road, Shastri Nagar, Thanjavur, Tamil Nadu, 609307",ROAD:Station Road|LOCALITY:Shastri Nagar|PIN:609307,3,58,1,389.78,Apparel_Ethnic,0.22,0,4,0.169,0.519,609307,Thanjavur,Thanjavur,Tamil Nadu,3,11.04047,79.82979,M8C-LJC-7848,0,0,251.5,0.2518,1,5.83,2,2,0.3237,0
VALMO_ORD_0000715,CUST_039492,"Plot No. 2, Gali 14, Near Hanuman Temple, Industrial Area Phase 7, Pune, Pune, Maharashtra, 411010",PREMISE:Plot No. 2|LANDMARK:Near Hanuman Temple|LOCALITY:Industrial Area Phase|PIN:411010,4,98,1,238.62,Home_Kitchen,0.13,0,19,0.124,0.767,411010,Pune,Pune,Maharashtra,1,21.14754,79.05446,3P6-P24-7JFL,1,1,375.0,0.8811,0,1.15,3,3,0.1645,0
VALMO_ORD_0000716,CUST_027390,"Gali Number 2, Kurumgram, Suri, West Bengal, 731242",PIN:731242,1,51,0,187.22,Footwear,0.19,1,0,0.0,0.424,731242,Suri,Birbhum,West Bengal,3,24.25272,87.89951,257-32J-FC76,0,0,24.3,0.3327,0,2.59,4,0,0.061,0
VALMO_ORD_0000717,CUST_005073,"Beside Govt Hospital, Gandhi Marg, Kalyan Nagar, Bangalore, Karnataka, 560005",LANDMARK:Beside Govt Hospital|ROAD:Gandhi Marg|LOCALITY:Kalyan Nagar|PIN:560005,4,77,0,428.44,Apparel_Ethnic,0.22,0,3,0.331,0.408,560005,Bangalore,Bangalore,Karnataka,1,13.3786,77.62159,4PC-K45-2893,0,1,145.5,0.6119,0,2.02,3,0,0.0353,0
VALMO_ORD_0000718,CUST_056702,"Behind Durga Hospital, College Road, Subhash Nagar, Kottayam, Kerala, 686534",LANDMARK:Behind Durga Hospital|ROAD:College Road|LOCALITY:Subhash Nagar|PIN:686534,4,76,0,431.54,Personal_Care,0.08,1,0,0.0,0.45,686534,Kottayam,Kottayam,Kerala,3,9.4829,76.50984,MCT-K2J-K898,0,1,586.8,0.489,2,8.08,4,0,0.0812,0
VALMO_ORD_0000719,CUST_015420,"Shop No. 182, Grain Market, Behind Sai Baba Hospital, Gandhi Marg, Samrala, Samrala, Punjab, 141114",PREMISE:Shop No. 182|LANDMARK:Grain Market|ROAD:Gandhi Marg|PIN:141114,4,99,1,211.14,Personal_Care,0.08,1,0,0.0,0.22,141114,Samrala,Ludhiana,Punjab,2,30.82052,76.16486,CM2-5KJ-T892,1,1,196.1,0.937,1,3.54,3,0,0.1607,0
VALMO_ORD_0000720,CUST_022871,"Khata No. 244, Village Rampur, Behind Laxmi Hospital, College Road, Delha, Gaya, Bihar, 823002",PREMISE:Khata No. 244|LANDMARK:Behind Laxmi Hospital|ROAD:College Road|LOCALITY:Village Rampur|PIN:823002,5,94,1,707.94,Personal_Care,0.08,1,0,0.0,0.794,823002,Gaya,Gaya,Bihar,2,24.84543,85.06609,249-3C3-5774,1,1,375.5,0.9048,0,1.45,2,0,0.1437,0
VALMO_ORD_0000721,CUST_001700,"Plot No. 86, Gali 11, Behind Reliance Fresh, Kalyan Marg, Melmangalam B.O, Theni, Tamil Nadu, 625603",PREMISE:Plot No. 86|LANDMARK:Behind Reliance Fresh|ROAD:Kalyan Marg|PIN:625603,4,100,0,469.77,Apparel_Ethnic,0.22,0,6,0.105,0.853,625603,Theni,Theni,Tamil Nadu,3,10.10627,77.59222,M94-JL6-42FM,1,1,84.1,0.9659,0,0.94,4,0,0.0309,0
VALMO_ORD_0000722,CUST_073301,"House No. 306, Opposite Shiv Mandir, Station Road, Patel Nagar, Nashik, Maharashtra, 422010",PREMISE:House No. 306|LANDMARK:Opposite Shiv Mandir|ROAD:Station Road|LOCALITY:Patel Nagar|PIN:422010,5,91,1,366.79,Footwear,0.19,0,4,0.159,0.579,422010,Nashik,Nashik,Maharashtra,2,19.96147,73.75379,4F9-LT2-2937,1,1,68.7,0.9385,1,4.1,4,0,0.1458,0
VALMO_ORD_0000723,CUST_030225,"Near Railway Crossing, Gandhi Marg, Moodubelle, Mangalore, Karnataka, 576120",LANDMARK:Near Railway Crossing|ROAD:Gandhi Marg|PIN:576120,3,76,1,474.22,Apparel_Western,0.2,0,13,0.154,0.789,576120,Mangalore,Dak. Kannada,Karnataka,2,13.25421,74.83569,4MF-L5C-2668,0,1,7.6,0.6743,2,16.18,3,0,0.2288,0
VALMO_ORD_0000724,CUST_028522,"Beside Govt Hospital, Kalyan Marg, Kunnumma Thakazhi, Alappuzha, Kerala, 688562",LANDMARK:Beside Govt Hospital|ROAD:Kalyan Marg|PIN:688562,3,79,1,473.27,Apparel_Western,0.2,0,10,0.098,0.928,688562,Alappuzha,Alappuzha,Kerala,3,9.37456,76.40981,MCP-T8J-T39M,0,1,791.0,0.4878,0,1.61,4,0,0.1929,0
VALMO_ORD_0000725,CUST_011272,"Shop No. 175, Cloth Market, Nehru Road, Subhash Nagar, Mumbai, Maharashtra, 400037",PREMISE:Shop No. 175|LANDMARK:Cloth Market|ROAD:Nehru Road|LOCALITY:Subhash Nagar|PIN:400037,5,82,1,865.34,Home_Kitchen,0.13,0,5,0.138,0.842,400037,Mumbai,Mumbai,Maharashtra,1,19.02937,72.87023,4FK-52P-J38T,1,1,117.4,0.962,1,6.74,3,2,0.1581,0
VALMO_ORD_0000726,CUST_058569,"House No. 316, Near Govt Primary School, Nehru Road, August Kranti Marg Rest, Mumbai, Maharashtra, 400036",PREMISE:House No. 316|LANDMARK:Near Govt Primary School|ROAD:Nehru Road|PIN:400036,4,105,0,212.07,Footwear,0.19,0,5,0.098,0.562,400036,Mumbai,Mumbai,Maharashtra,1,18.96006,72.7917,4FK-5LM-FTJK,1,1,479.8,0.8502,0,1.55,2,3,0.0388,0
VALMO_ORD_0000727,CUST_076141,"Radhe Niwas, Room 800, Opposite HP Petrol Pump, Subhash Path, Sidhai, Agartala, Tripura, 799212",PREMISE:Radhe Niwas|LANDMARK:Opposite HP Petrol Pump|ROAD:Subhash Path|PIN:799212,4,95,1,722.25,Electronics_Accessories,0.12,1,0,0.0,0.335,799212,Agartala,West Tripura,Tripura,3,24.08252,91.39445,7K3-54C-7KCL,1,1,56.9,0.9709,1,3.54,2,0,0.1786,1
VALMO_ORD_0000728,CUST_053414,"Quarter No. 337, Railway Colony, Near Peepal Ka Ped, Nehru Road, Subhash Nagar, Dibrugarh, Assam, 786610",PREMISE:Quarter No. 337|LANDMARK:Near Peepal Ka Ped|ROAD:Nehru Road|LOCALITY:Railway Colony|PIN:786610,5,104,1,408.26,Apparel_Western,0.2,1,0,0.0,0.232,786610,Dibrugarh,Dibrugarh,Assam,3,27.30256,95.31618,79L-PK6-8823,1,1,17.2,0.979,1,6.35,3,0,0.1823,0
VALMO_ORD_0000729,CUST_013275,"Link Road, Public Offices Ahmedabad, Ahmedabad, Gujarat, 380016",ROAD:Link Road|PIN:380016,2,63,1,346.84,Apparel_Ethnic,0.22,1,0,0.0,0.945,380016,Ahmedabad,Ahmedabad,Gujarat,1,23.04492,72.62543,3KL-JT5-3LC3,0,0,40.2,0.3232,0,2.13,3,3,0.281,0
VALMO_ORD_0000730,CUST_008625,"Block B, Sector 6, Opposite HP Petrol Pump, Station Road, Market Yard, Idar, Gujarat, 383430",PREMISE:Block B|LANDMARK:Opposite HP Petrol Pump|ROAD:Station Road|PIN:383430,4,92,1,276.45,Apparel_Ethnic,0.22,1,0,0.0,0.071,383430,Idar,Sabarkantha,Gujarat,3,23.83279,72.98831,3KK-838-PFT7,1,1,590.0,0.8241,1,5.86,3,0,0.204,0
VALMO_ORD_0000731,CUST_002879,"Ward No. 87, Mohalla Subhash Nagar, Kalyan Marg, Kamakatte, Chitradurga, Karnataka, 573144",PREMISE:Ward No. 87|ROAD:Kalyan Marg|LOCALITY:Mohalla Subhash Nagar|PIN:573144,4,90,1,326.31,Footwear,0.19,1,0,0.0,0.089,573144,Chitradurga,Chitradurga,Karnataka,3,13.49277,76.3145,4M9-7L2-JFJC,1,0,16.9,0.6301,0,2.96,3,0,0.203,0
VALMO_ORD_0000732,CUST_059563,"Plot No. 173, Gali 14, Near Hanuman Temple, Main Bazaar Road, Subhash Nagar, Cuttack, Odisha, 755021",PREMISE:Plot No. 173|LANDMARK:Near Hanuman Temple|ROAD:Main Bazaar Road|LOCALITY:Subhash Nagar|PIN:755021,5,100,0,372.69,Home_Kitchen,0.13,1,0,0.0,0.597,755021,Cuttack,Cuttack,Odisha,2,20.99471,86.24151,2PL-C2T-4T25,1,1,513.9,0.8612,0,1.91,2,1,0.0391,0
VALMO_ORD_0000733,CUST_029491,"Kalyan Marg, Jhansi City, Jhansi, Uttar Pradesh, 284002",ROAD:Kalyan Marg|PIN:284002,2,55,1,391.64,Apparel_Ethnic,0.22,1,0,0.0,0.135,284002,Jhansi,Jhansi,Uttar Pradesh,2,25.44757,78.58198,32P-8L7-878P,0,0,94.2,0.3192,1,6.84,3,1,0.2835,1
VALMO_ORD_0000734,CUST_005253,"Plot No. 58, Gali 10, Station Road, Azad Nagar, Gurgaon, Haryana, 122108",PREMISE:Plot No. 58|ROAD:Station Road|LOCALITY:Azad Nagar|PIN:122108,4,72,1,258.59,Electronics_Accessories,0.12,1,0,0.0,0.739,122108,Gurgaon,Gurgaon,Haryana,2,27.92584,77.01065,39K-LFM-F745,1,0,145.9,0.5837,0,2.85,3,0,0.183,1
VALMO_ORD_0000735,CUST_067856,"Behind Shiv Hospital, Temple Street, Purani Basti, Hyderabad, Telangana, 500083",LANDMARK:Behind Shiv Hospital|ROAD:Temple Street|LOCALITY:Purani Basti|PIN:500083,4,79,1,652.78,Footwear,0.19,0,13,0.14,0.461,500083,Hyderabad,Hyderabad,Telangana,1,17.49262,78.63131,422-724-94P8,0,1,144.2,0.6228,2,12.75,2,0,0.2104,1
VALMO_ORD_0000736,CUST_061896,"Behind Reliance Fresh, Cinema Road, Ambedkar Nagar, Shimoga, Karnataka, 577201",LANDMARK:Behind Reliance Fresh|ROAD:Cinema Road|LOCALITY:Ambedkar Nagar|PIN:577201,4,78,0,351.82,Personal_Care,0.08,0,5,0.296,0.78,577201,Shimoga,Shimoga,Karnataka,3,13.93966,75.58253,44M-465-265M,0,1,121.7,0.6614,0,2.44,3,1,0.0475,1
VALMO_ORD_0000737,CUST_029267,"Holding No. 107, Basti Azad Nagar, Near Railway Crossing, Gali Number 2, Flatted Factories Complex, New Delhi, Delhi, 110020",PREMISE:Flatted|LANDMARK:Near Railway Crossing|LOCALITY:Basti Azad Nagar|PIN:110020,4,124,1,508.26,Apparel_Ethnic,0.22,0,8,0.017,0.949,110020,New Delhi,South Delhi,Delhi,1,28.52656,77.28172,39J-5LK-LF83,1,1,109.9,0.9515,0,0.58,3,4,0.1737,1
VALMO_ORD_0000738,CUST_072720,"Quarter No. 246, Railway Colony, Near Bus Stand, Kalyan Marg, Keonjhar Court, Kendujhar, Odisha, 758001",PREMISE:Quarter No. 246|LANDMARK:Near Bus Stand|ROAD:Kalyan Marg|LOCALITY:Railway Colony|PIN:758001,5,103,0,294.0,Home_Kitchen,0.13,1,0,0.0,0.251,758001,Kendujhar,Kendujhar,Odisha,3,21.61919,85.60376,2M6-CF9-6552,1,1,288.2,0.9124,2,17.3,3,0,0.0592,0
VALMO_ORD_0000739,CUST_077023,"Station Road, Azad Nagar, Kendujhar, Odisha, 758022",ROAD:Station Road|LOCALITY:Azad Nagar|PIN:758022,3,51,1,536.99,Apparel_Western,0.2,0,6,0.13,0.865,758022,Kendujhar,Kendujhar,Odisha,3,21.17413,86.21859,2PK-M9L-7CT9,0,0,192.2,0.2902,2,15.31,2,0,0.3184,1
VALMO_ORD_0000740,CUST_039302,"Khata No. 153, Village Rampur, Behind Reliance Fresh, Nehru Road, Gurh, Gurh, Madhya Pradesh, 486553",PREMISE:Khata No. 153|LANDMARK:Behind Reliance Fresh|ROAD:Nehru Road|LOCALITY:Village Rampur|PIN:486553,5,100,1,204.13,Electronics_Accessories,0.12,0,11,0.144,0.783,486553,Gurh,Rewa,Madhya Pradesh,3,24.53436,81.55199,2KF-L3C-TP55,1,1,285.4,0.8983,0,0.66,3,0,0.1433,0
VALMO_ORD_0000741,CUST_024326,"Plot No. 67, Gali 5, Nehru Road, Bullion Market, Chennai, Tamil Nadu, 600079",PREMISE:Plot No. 67|LANDMARK:Bullion Market|ROAD:Nehru Road|PIN:600079,4,76,1,278.06,Footwear,0.19,0,14,0.076,0.778,600079,Chennai,Chennai,Tamil Nadu,1,13.07744,80.28471,4T3-8MC-5822,1,1,52.9,0.9457,0,1.72,3,0,0.1075,1
VALMO_ORD_0000742,CUST_044250,"Flat 583, Sharma Apartments, Beside Govt Hospital, Main Bazaar Road, Patel Nagar, Ganganagar, Rajasthan, 335502",PREMISE:Flat 583|LANDMARK:Beside Govt Hospital|ROAD:Main Bazaar Road|LOCALITY:Patel Nagar|PIN:335502,5,111,1,596.25,Apparel_Western,0.2,0,4,0.056,0.396,335502,Ganganagar,Ganganagar,Rajasthan,3,29.00841,75.06156,3CF-PJT-M6L5,1,1,300.4,0.9053,1,4.21,2,0,0.1612,0
VALMO_ORD_0000743,CUST_040134,"Beside Govt Hospital, Kalyan Marg, Kholan, Bolangir, Odisha, 767066",LANDMARK:Beside Govt Hospital|ROAD:Kalyan Marg|PIN:767066,3,67,1,509.41,Apparel_Ethnic,0.22,0,9,0.294,0.833,767066,Bolangir,Bolangir,Odisha,3,20.2138,83.08626,5F9-6CF-4798,0,1,387.3,0.586,2,17.99,5,4,0.416,0
VALMO_ORD_0000744,CUST_030820,"Ward No. 5, Mohalla Gandhi Nagar, Opposite Shiv Mandir, Link Road, Chand Nagar, New Delhi, Delhi, 110018",PREMISE:Ward No. 5|LANDMARK:Opposite Shiv Mandir|ROAD:Link Road|LOCALITY:Mohalla Gandhi Nagar|PIN:110018,5,104,1,318.53,Apparel_Ethnic,0.22,1,0,0.0,0.085,110018,New Delhi,North Delhi,Delhi,1,28.62891,77.08121,39J-K9M-F7TC,1,1,247.7,0.9185,0,2.85,3,0,0.1323,1
VALMO_ORD_0000745,CUST_057813,"Temple Street, Subhash Nagar, Bangalore, Karnataka, 560047",ROAD:Temple Street|LOCALITY:Subhash Nagar|PIN:560047,3,58,1,174.15,Footwear,0.19,0,5,0.035,0.287,560047,Bangalore,Bangalore,Karnataka,1,12.97555,77.62148,4P3-J49-97M3,0,0,199.5,0.2757,1,4.08,3,0,0.1964,1
VALMO_ORD_0000746,CUST_058768,"Radhe Niwas, Room 237, College Road, Adarsh Nagar, Pune, Maharashtra, 410509",PREMISE:Radhe Niwas|ROAD:College Road|LOCALITY:Adarsh Nagar|PIN:410509,4,76,0,450.49,Apparel_Ethnic,0.22,0,8,0.308,0.847,410509,Pune,Pune,Maharashtra,1,19.12236,73.68907,4F5-JM8-4LP5,1,0,436.6,0.5078,0,1.65,4,0,0.038,0
VALMO_ORD_0000747,CUST_052364,"Plot No. 78, Gali 14, Near Hanuman Temple, Industrial Area Phase 2, Azad Nagar, Mumbai, Maharashtra, 400020",PREMISE:Plot No. 78|LANDMARK:Near Hanuman Temple|LOCALITY:Industrial Area Phase|PIN:400020,4,107,1,531.09,Footwear,0.19,0,10,0.08,0.48,400020,Mumbai,Mumbai,Maharashtra,1,18.94301,72.80792,4FK-PF7-FK2K,1,1,13.9,0.9629,1,5.3,3,0,0.1224,0
VALMO_ORD_0000748,CUST_023130,"Shanti Niwas, Room 139, Behind Reliance Fresh, College Road, Akota S.O, Vadodara, Gujarat, 390020",PREMISE:Shanti Niwas|LANDMARK:Behind Reliance Fresh|ROAD:College Road|PIN:390020,4,97,1,379.94,Apparel_Ethnic,0.22,0,10,0.22,0.845,390020,Vadodara,Vadodara,Gujarat,2,22.28936,73.18388,3LC-L7C-7K67,1,1,86.8,0.9661,0,0.71,4,0,0.1294,0
VALMO_ORD_0000749,CUST_041382,"Kalyan Marg, Sisauli, Sisauli, Uttar Pradesh, 251319",ROAD:Kalyan Marg|PIN:251319,2,52,0,459.89,Apparel_Ethnic,0.22,0,6,0.063,0.793,251319,Sisauli,Muzaffarnagar,Uttar Pradesh,3,29.4367,77.43179,39F-8JM-FPFL,0,0,497.6,0.1971,0,0.65,3,0,0.0565,0
VALMO_ORD_0000750,CUST_062672,"Sharma Niwas, Room 351, Ring Road, Adarsh Nagar, Tawang, Arunachal Pradesh, 790105",PREMISE:Sharma Niwas|ROAD:Ring Road|LOCALITY:Adarsh Nagar|PIN:790105,4,82,1,296.69,Home_Kitchen,0.13,0,11,0.044,0.378,790105,Tawang,Tawang,Arunachal Pradesh,3,27.58814,91.97797,7FP-25J-K92K,1,0,65.6,0.6036,0,0.98,5,1,0.1914,0
VALMO_ORD_0000751,CUST_072822,"Gokul Niwas, Room 610, Kalyan Marg, Jubilee, Hyderabad, Telangana, 500002",PREMISE:Gokul Niwas|ROAD:Kalyan Marg|PIN:500002,3,73,1,518.25,Apparel_Western,0.2,1,0,0.0,0.764,500002,Hyderabad,Hyderabad,Telangana,1,17.33993,78.48206,422-52L-59KL,1,0,61.8,0.6218,0,1.55,3,0,0.163,0
VALMO_ORD_0000752,CUST_021585,"Bypass Road, I L C Shikohabad B.O, Firozabad, Uttar Pradesh, 283141",ROAD:Bypass Road|PIN:283141,2,67,0,320.26,Footwear,0.19,0,8,0.078,0.857,283141,Firozabad,Firozabad,Uttar Pradesh,2,26.99409,78.50334,329-2P7-FJP7,0,0,387.2,0.2097,1,3.66,4,0,0.0568,0
VALMO_ORD_0000753,CUST_031003,"Holding No. 23, Basti Adarsh Nagar, Near Railway Crossing, Nehru Road, Adarsh Nagar, Bijnore, Uttar Pradesh, 246734",LANDMARK:Near Railway Crossing|ROAD:Nehru Road|LOCALITY:Basti Adarsh Nagar|PIN:246734,4,115,1,487.63,Apparel_Ethnic,0.22,0,2,0.011,0.904,246734,Bijnore,Bijnore,Uttar Pradesh,3,29.16273,78.38476,399-474-2JTP,0,1,42.6,0.6552,0,0.87,3,1,0.1875,0
VALMO_ORD_0000754,CUST_003524,"Vrindavan Niwas, Room 503, Behind Laxmi Hospital, Industrial Area Phase 1, Yaval, Jalgaon, Maharashtra, 425301",PREMISE:Vrindavan Niwas|LANDMARK:Behind Laxmi Hospital|LOCALITY:Industrial Area Phase|PIN:425301,4,110,1,335.49,Apparel_Ethnic,0.22,0,3,0.181,0.758,425301,Jalgaon,Jalgaon,Maharashtra,2,21.13723,75.68938,3M4-P2P-7PLM,1,1,275.7,0.9122,2,16.91,3,0,0.1986,0
VALMO_ORD_0000755,CUST_020834,"Quarter No. 46, Railway Colony, Near Bus Stand, Link Road, Azad Nagar, Pune, Maharashtra, 411045",PREMISE:Quarter No. 46|LANDMARK:Near Bus Stand|ROAD:Link Road|LOCALITY:Railway Colony|PIN:411045,5,96,1,684.59,Apparel_Ethnic,0.22,0,7,0.035,0.47,411045,Pune,Pune,Maharashtra,1,18.57261,73.80251,4FP-34L-J8KP,1,1,62.4,0.9542,2,17.77,2,0,0.1615,0
VALMO_ORD_0000756,CUST_042878,"Near Hanuman Temple, Ring Road, Azad Nagar, Chittoor, Andhra Pradesh, 517415",LANDMARK:Near Hanuman Temple|ROAD:Ring Road|LOCALITY:Azad Nagar|PIN:517415,4,76,1,199.87,Personal_Care,0.08,0,8,0.124,0.937,517415,Chittoor,Chittoor,Andhra Pradesh,3,13.0786,78.56594,4P2-8L9-J59T,0,1,410.9,0.5708,2,9.67,4,0,0.2591,0
VALMO_ORD_0000757,CUST_067691,"Block A, Sector 306, Near Govt Primary School, Ring Road, Purani Basti, Kolhapur, Maharashtra, 416137",PREMISE:Block A|LANDMARK:Near Govt Primary School|ROAD:Ring Road|LOCALITY:Purani Basti|PIN:416137,5,101,1,938.31,Apparel_Western,0.2,0,4,0.044,0.448,416137,Kolhapur,Kolhapur,Maharashtra,2,16.87689,74.22392,4J6-JMF-FP4K,1,1,74.3,0.98,0,0.63,2,4,0.1919,1
VALMO_ORD_0000758,CUST_047695,"Link Road, Chincholi Limbaji, Aurangabad, Maharashtra, 431147",ROAD:Link Road|PIN:431147,2,61,1,196.32,Home_Kitchen,0.13,1,0,0.0,0.776,431147,Aurangabad,Aurangabad,Maharashtra,2,20.40025,75.29513,4CF-86P-JJ42,0,0,159.7,0.2806,2,17.66,4,0,0.3211,0
VALMO_ORD_0000759,CUST_070220,"Shop No. 255, Cloth Market, Opposite Panchayat Bhawan, Gandhi Marg, Shyampur, Howrah, West Bengal, 711314",PREMISE:Shop No. 255|LANDMARK:Cloth Market|ROAD:Gandhi Marg|LOCALITY:Shyampur|PIN:711314,5,105,0,289.85,Home_Kitchen,0.13,0,12,0.114,0.844,711314,Howrah,Howrah,West Bengal,2,22.31581,88.08039,2P8-P8J-26J6,1,1,342.3,0.88,0,1.7,2,4,0.0491,0
VALMO_ORD_0000760,CUST_076462,"Holding No. 46, Basti Azad Nagar, Near Bus Stand, Station Road, Debidwar, Cuttack, Odisha, 755007",LANDMARK:Near Bus Stand|ROAD:Station Road|LOCALITY:Basti Azad Nagar|PIN:755007,4,97,1,841.25,Apparel_Western,0.2,0,5,0.196,0.652,755007,Cuttack,Cuttack,Odisha,2,20.86068,86.31185,2PL-2J6-MT26,0,1,141.0,0.6592,0,0.9,2,0,0.1589,0
VALMO_ORD_0000761,CUST_071573,"Plot No. 182, Gali 5, Opposite State Bank of India, Industrial Area Phase 1, Mahichala, Kalahandi, Odisha, 766023",PREMISE:Plot No. 182|LANDMARK:Opposite State Bank of India|LOCALITY:Industrial Area Phase|PIN:766023,4,113,1,408.3,Apparel_Ethnic,0.22,1,0,0.0,0.305,766023,Kalahandi,Kalahandi,Odisha,3,19.72915,82.88042,5F2-37M-KL78,1,1,204.5,0.9155,1,6.67,4,0,0.1917,0
VALMO_ORD_0000762,CUST_059701,"Ward No. 88, Mohalla Shastri Nagar, Near Water Tank, Nehru Road, Pollachi H O, Coimbatore, Tamil Nadu, 642001",PREMISE:Ward No. 88|LANDMARK:Near Water Tank|ROAD:Nehru Road|LOCALITY:Mohalla Shastri Nagar|PIN:642001,5,109,1,474.53,Apparel_Ethnic,0.22,0,2,0.331,0.245,642001,Coimbatore,Coimbatore,Tamil Nadu,2,10.66057,77.03834,M9J-JML-4C8K,1,1,789.8,0.7611,0,2.27,2,3,0.2245,0
VALMO_ORD_0000763,CUST_054729,"Khata No. 116, Village Rampur, Behind Ram Hospital, Gandhi Marg, Belurmath, Howrah, West Bengal, 711202",PREMISE:Khata No. 116|LANDMARK:Behind Ram Hospital|ROAD:Gandhi Marg|LOCALITY:Village Rampur|PIN:711202,5,103,1,265.67,Apparel_Ethnic,0.22,0,6,0.226,0.413,711202,Howrah,Howrah,West Bengal,2,22.63297,88.34447,2TF-FP2-2788,1,1,140.5,0.9161,0,2.36,3,4,0.2174,0
VALMO_ORD_0000764,CUST_050275,"Yadav Niwas, Room 263, Beside Govt Hospital, Kalyan Marg, Thakurdwara, Thakurdwara, Uttar Pradesh, 244601",PREMISE:Yadav Niwas|LANDMARK:Beside Govt Hospital|ROAD:Kalyan Marg|PIN:244601,4,105,1,277.18,Electronics_Accessories,0.12,0,8,0.097,0.737,244601,Thakurdwara,Moradabad,Uttar Pradesh,2,29.16262,78.80944,398-K74-7486,1,1,153.3,0.954,1,6.19,4,0,0.1369,0
VALMO_ORD_0000765,CUST_015117,"Near Govt Primary School, Station Road, Jaihindpuram, Madurai, Tamil Nadu, 625011",LANDMARK:Near Govt Primary School|ROAD:Station Road|LOCALITY:Jaihindpuram|PIN:625011,4,81,1,380.31,Home_Kitchen,0.13,0,12,0.042,0.655,625011,Madurai,Madurai,Tamil Nadu,2,9.92572,78.1026,M94-T8M-C7L6,0,1,36.2,0.6846,1,5.71,4,1,0.1837,1
VALMO_ORD_0000766,CUST_015229,"Khata No. 12, Village Rampur, Behind Post Office, Temple Street, Bannabagram, Bardhaman, West Bengal, 713152",PREMISE:Khata No. 12|LANDMARK:Behind Post Office|ROAD:Temple Street|LOCALITY:Village Rampur|PIN:713152,5,108,1,505.36,Apparel_Ethnic,0.22,0,2,0.169,0.631,713152,Bardhaman,Bardhaman,West Bengal,3,23.59366,87.58871,255-6CF-8FF5,1,1,707.6,0.7967,1,6.58,2,1,0.2067,0
VALMO_ORD_0000767,CUST_066610,"Plot No. 297, Gali 4, Opposite Panchayat Bhawan, Nehru Road, Shastri Nagar, Belgaum, Karnataka, 591224",PREMISE:Plot No. 297|LANDMARK:Opposite Panchayat Bhawan|ROAD:Nehru Road|LOCALITY:Shastri Nagar|PIN:591224,5,102,1,350.29,Footwear,0.19,0,4,0.031,0.737,591224,Belgaum,Belgaum,Karnataka,2,16.3149,74.88995,43L-JT8-856L,1,1,531.8,0.8488,0,2.78,4,1,0.1453,0
VALMO_ORD_0000768,CUST_066073,"Shop No. 54, Sabzi Market, Gali Number 2, Alapakkam, Alapakkam, Tamil Nadu, 608801",PREMISE:Shop No. 54|LANDMARK:Sabzi Market|PIN:608801,3,82,0,417.14,Home_Kitchen,0.13,0,28,0.124,0.818,608801,Alapakkam,Vellore,Tamil Nadu,3,11.5906,79.67861,4TL-TJJ-6LCJ,1,1,275.5,0.9215,2,9.7,3,2,0.0654,0
VALMO_ORD_0000769,CUST_066648,"Gupta Niwas, Room 444, Opposite HP Petrol Pump, Nehru Road, Bapagram, Bangalore, Karnataka, 560091",PREMISE:Gupta Niwas|LANDMARK:Opposite HP Petrol Pump|ROAD:Nehru Road|PIN:560091,4,98,1,325.6,Apparel_Ethnic,0.22,1,0,0.0,0.603,560091,Bangalore,Bangalore,Karnataka,1,13.02224,77.49494,4PJ-79K-MCLJ,1,1,134.0,0.9371,2,9.09,3,0,0.1961,0
VALMO_ORD_0000770,CUST_049978,"Holding No. 329, Basti Gandhi Nagar, Gali Number 6, Adarsh Nagar, Bangalore, Karnataka, 560034",LOCALITY:Basti Gandhi Nagar|PIN:560034,2,94,0,520.22,Footwear,0.19,0,6,0.105,0.506,560034,Bangalore,Bangalore,Karnataka,1,12.92887,77.61001,4P3-JM3-35M7,0,0,219.7,0.2532,1,5.55,3,0,0.0486,0
VALMO_ORD_0000771,CUST_017576,"Flat 633, Surya Apartments, Opposite State Bank of India, Kalyan Marg, Junnar, Junnar, Maharashtra, 410502",PREMISE:Flat 633|LANDMARK:Opposite State Bank of India|ROAD:Kalyan Marg|PIN:410502,4,106,1,292.07,Apparel_Ethnic,0.22,0,9,0.048,0.484,410502,Junnar,Pune,Maharashtra,1,19.18657,73.8748,4F5-37J-3P98,1,1,226.8,0.9227,0,1.27,3,3,0.1592,0
VALMO_ORD_0000772,CUST_048038,"Quarter No. 342, Railway Colony, Behind Post Office, Cinema Road, Dikchu, Gangtok, Sikkim, 737107",PREMISE:Quarter No. 342|LANDMARK:Behind Post Office|ROAD:Cinema Road|LOCALITY:Railway Colony|PIN:737107,5,97,0,640.6,Footwear,0.19,0,4,0.102,0.685,737107,Gangtok,East Sikkim,Sikkim,3,27.3665,88.52397,28L-M86-KPP6,1,1,7.9,0.9816,1,4.34,2,0,0.0351,0
VALMO_ORD_0000773,CUST_036933,"Ward No. 44, Mohalla Shastri Nagar, Gandhi Marg, Patel Nagar, Nellore, Andhra Pradesh, 524343",PREMISE:Ward No. 44|ROAD:Gandhi Marg|LOCALITY:Mohalla Shastri Nagar|PIN:524343,4,93,1,835.73,Apparel_Ethnic,0.22,0,6,0.425,0.699,524343,Nellore,Nellore,Andhra Pradesh,2,14.50167,79.40961,46K-4K5-JP5K,1,0,112.5,0.5981,1,4.07,3,0,0.2095,0
VALMO_ORD_0000774,CUST_014844,"House No. 193, Near Hanuman Temple, Gali Number 5, Chaudwar Bazar, Cuttack, Odisha, 754025",PREMISE:House No. 193|LANDMARK:Near Hanuman Temple|PIN:754025,3,90,1,351.78,Electronics_Accessories,0.12,0,6,0.345,0.941,754025,Cuttack,Cuttack,Odisha,2,20.50678,85.91959,2MT-TMP-8M54,1,1,165.0,0.941,0,1.79,2,3,0.1938,0
VALMO_ORD_0000775,CUST_048142,"Gokul Niwas, Room 330, Station Road, Azad Nagar, Mumbai, Maharashtra, 400015",PREMISE:Gokul Niwas|ROAD:Station Road|LOCALITY:Azad Nagar|PIN:400015,4,76,1,514.78,Footwear,0.19,0,9,0.064,0.386,400015,Mumbai,Mumbai,Maharashtra,1,18.97705,72.84526,4FK-5M7-3F2L,1,0,218.5,0.575,1,4.08,3,0,0.1614,0
VALMO_ORD_0000776,CUST_009715,"Ward No. 246, Mohalla Subhash Nagar, Gali Number 3, M L N Engg College, Allahabad, Uttar Pradesh, 211004",PREMISE:Ward No. 246|LOCALITY:Mohalla Subhash Nagar|PIN:211004,3,104,1,290.32,Apparel_Ethnic,0.22,0,8,0.267,0.69,211004,Allahabad,Allahabad,Uttar Pradesh,2,25.47158,81.85458,2JL-95K-3348,1,0,543.4,0.483,2,9.82,5,0,0.2717,0
VALMO_ORD_0000777,CUST_040082,"Bypass Road, Vaikaprayar B.O, Kottayam, Kerala, 686146",ROAD:Bypass Road|PIN:686146,2,54,1,442.17,Home_Kitchen,0.13,1,0,0.0,0.572,686146,Kottayam,Kottayam,Kerala,3,9.7482,76.43352,MCP-87T-2J8F,0,0,46.5,0.3132,2,13.25,3,0,0.3461,0
VALMO_ORD_0000778,CUST_047112,"Khata No. 130, Village Rampur, Industrial Area Phase 6, Bahadarpura B.O, Nanded, Maharashtra, 431714",PREMISE:Khata No. 130|LOCALITY:Village Rampur|PIN:431714,3,100,1,297.27,Footwear,0.19,0,1,0.263,0.78,431714,Nanded,Nanded,Maharashtra,2,18.84789,77.20169,49K-M4P-TTK2,1,0,127.9,0.6099,0,2.94,4,1,0.1902,0
VALMO_ORD_0000779,CUST_056380,"Behind Post Office, Ring Road, Purani Basti, Mumbai, Maharashtra, 400098",LANDMARK:Behind Post Office|ROAD:Ring Road|LOCALITY:Purani Basti|PIN:400098,4,72,1,298.5,Home_Kitchen,0.13,0,3,0.033,0.866,400098,Mumbai,Mumbai,Maharashtra,1,19.09057,72.86381,4FK-59C-32MF,0,1,195.4,0.605,2,14.8,2,0,0.1999,0
VALMO_ORD_0000780,CUST_024346,"Khata No. 270, Village Rampur, Gandhi Marg, Azad Nagar, Allahabad, Uttar Pradesh, 221507",PREMISE:Khata No. 270|ROAD:Gandhi Marg|LOCALITY:Village Rampur|PIN:221507,4,88,1,450.34,Home_Kitchen,0.13,1,0,0.0,0.226,221507,Allahabad,Allahabad,Uttar Pradesh,2,25.47003,81.39767,37T-84K-4C27,1,0,287.8,0.5386,1,3.32,5,1,0.2406,0
VALMO_ORD_0000781,CUST_061484,"House No. 9, Gandhi Marg, Sayan, Sayan, Gujarat, 394130",PREMISE:House No. 9|ROAD:Gandhi Marg|PIN:394130,3,55,1,225.82,Apparel_Ethnic,0.22,0,3,0.055,0.628,394130,Sayan,Surat,Gujarat,3,21.31072,72.8607,3LK-59M-LF95,1,0,597.2,0.48,0,1.56,4,0,0.1917,0
VALMO_ORD_0000782,CUST_040462,"Behind Reliance Fresh, Station Road, Nallichettipalayam B.O, Coimbatore, Tamil Nadu, 641653",LANDMARK:Behind Reliance Fresh|ROAD:Station Road|PIN:641653,3,91,1,368.39,Apparel_Western,0.2,0,3,0.088,0.735,641653,Coimbatore,Coimbatore,Tamil Nadu,2,11.23667,77.18838,M9F-3M3-MP75,0,1,220.3,0.6177,1,3.92,3,0,0.1783,0
VALMO_ORD_0000783,CUST_031763,"Station Road, Kalyan Nagar, Bikaner, Rajasthan, 334401",ROAD:Station Road|LOCALITY:Kalyan Nagar|PIN:334401,3,54,1,201.29,Home_Kitchen,0.13,0,7,0.321,0.665,334401,Bikaner,Bikaner,Rajasthan,2,27.97068,73.25091,3F4-4M4-C988,0,0,209.0,0.2836,0,1.34,3,0,0.2125,0
VALMO_ORD_0000784,CUST_027786,"Shop No. 136, Main Market, Cinema Road, Ahmedabad Jivrajpark, Ahmedabad, Gujarat, 380051",PREMISE:Shop No. 136|LANDMARK:Main Market|ROAD:Cinema Road|PIN:380051,4,88,1,243.07,Footwear,0.19,0,2,0.05,0.881,380051,Ahmedabad,Ahmedabad,Gujarat,1,22.99774,72.53041,3KL-KFT-M7CC,1,1,11.5,0.9655,2,12.11,2,0,0.1597,0
VALMO_ORD_0000785,CUST_058647,"Ward No. 340, Mohalla Purani Basti, Behind Hanuman Hospital, Industrial Area Phase 5, Thodamuthur, Coimbatore, Tamil Nadu, 641109",PREMISE:Ward No. 340|LANDMARK:Behind Hanuman Hospital|LOCALITY:Mohalla Purani Basti|PIN:641109,4,129,1,596.57,Apparel_Ethnic,0.22,0,8,0.271,0.658,641109,Coimbatore,Coimbatore,Tamil Nadu,2,10.98524,76.83516,MC8-P64-K782,1,1,236.2,0.9294,0,0.72,2,1,0.154,1
VALMO_ORD_0000786,CUST_037900,"Flat 157, Radhe Apartments, Cinema Road, Subhash Nagar, Salem, Tamil Nadu, 636902",PREMISE:Flat 157|ROAD:Cinema Road|LOCALITY:Subhash Nagar|PIN:636902,4,81,0,564.17,Apparel_Western,0.2,0,2,0.211,0.367,636902,Salem,Salem,Tamil Nadu,2,12.067,78.48641,4P5-PPM-JMT9,1,0,149.5,0.601,0,2.3,3,0,0.0381,0
VALMO_ORD_0000787,CUST_023734,"Khata No. 10, Village Rampur, Opposite Panchayat Bhawan, Temple Street, Shastri Nagar, Prakasam, Andhra Pradesh, 523303",PREMISE:Khata No. 10|LANDMARK:Opposite Panchayat Bhawan|ROAD:Temple Street|LOCALITY:Village Rampur|PIN:523303,5,119,1,588.38,Apparel_Western,0.2,0,6,0.308,0.92,523303,Prakasam,Prakasam,Andhra Pradesh,3,16.01622,79.93454,47M-LT4-85JP,1,1,351.5,0.8934,2,14.16,2,0,0.2348,0
VALMO_ORD_0000788,CUST_029715,"Plot No. 16, Gali 14, Beside Govt Hospital, Kalyan Marg, Subhash Nagar, Cuttack, Odisha, 754021",PREMISE:Plot No. 16|LANDMARK:Beside Govt Hospital|ROAD:Kalyan Marg|LOCALITY:Subhash Nagar|PIN:754021,5,95,1,542.6,Personal_Care,0.08,0,9,0.04,0.392,754021,Cuttack,Cuttack,Odisha,2,20.46651,85.95701,5C8-89T-LCPT,1,1,120.2,0.9242,0,1.81,2,1,0.1329,0
VALMO_ORD_0000789,CUST_009587,"Patel Niwas, Room 540, Near Saraswati Mandir, Bypass Road, Ganai Gangoli, Pithoragarh, Uttarakhand, 262532",PREMISE:Patel Niwas|LANDMARK:Near Saraswati Mandir|ROAD:Bypass Road|PIN:262532,4,106,1,874.25,Apparel_Western,0.2,0,3,0.301,0.292,262532,Pithoragarh,Pithoragarh,Uttarakhand,3,29.73833,79.93685,CTM-K79-L5C4,1,1,176.7,0.9392,0,0.76,3,0,0.1532,0
VALMO_ORD_0000790,CUST_021937,"Shop No. 5, Cloth Market, Temple Street, Shastri Nagar, Ghazipur, Uttar Pradesh, 233225",PREMISE:Shop No. 5|LANDMARK:Cloth Market|ROAD:Temple Street|LOCALITY:Shastri Nagar|PIN:233225,5,87,0,651.13,Apparel_Ethnic,0.22,0,3,0.112,0.735,233225,Ghazipur,Ghazipur,Uttar Pradesh,3,25.72147,83.90271,23K-4L3-M5KJ,1,1,4.9,0.9619,1,6.23,2,1,0.0417,1
VALMO_ORD_0000791,CUST_074456,"Khata No. 235, Village Rampur, Opposite State Bank of India, Hospital Road, Barwa Sagar, Jhansi, Uttar Pradesh, 284201",PREMISE:Khata No. 235|LANDMARK:Opposite State Bank of India|ROAD:Hospital Road|LOCALITY:Village Rampur|PIN:284201,5,118,1,790.91,Apparel_Ethnic,0.22,0,4,0.141,0.679,284201,Jhansi,Jhansi,Uttar Pradesh,2,25.35075,78.71846,32T-JK8-9J3M,1,1,455.6,0.8613,0,1.47,2,3,0.1941,0
VALMO_ORD_0000792,CUST_070123,"Shop No. 258, Cloth Market, Near Peepal Ka Ped, Hospital Road, Azad Nagar, Hyderabad, Telangana, 500005",PREMISE:Shop No. 258|LANDMARK:Cloth Market|ROAD:Hospital Road|LOCALITY:Azad Nagar|PIN:500005,5,103,1,389.88,Apparel_Western,0.2,0,8,0.098,0.822,500005,Hyderabad,Hyderabad,Telangana,1,17.32269,78.48104,422-55J-5FF2,1,1,208.5,0.9303,0,1.2,3,0,0.1103,0
VALMO_ORD_0000793,CUST_047329,"Radhe Niwas, Room 384, Temple Street, Sanoth, New Delhi, Delhi, 110040",PREMISE:Radhe Niwas|ROAD:Temple Street|PIN:110040,3,70,1,345.09,Apparel_Ethnic,0.22,0,6,0.184,0.729,110040,New Delhi,North West,Delhi,1,28.85413,77.09339,39J-F52-2PLF,1,0,445.7,0.5324,2,8.73,3,1,0.2562,0
VALMO_ORD_0000794,CUST_010779,"Kalyan Marg, Shastri Nagar, Koch Bihar, West Bengal, 736160",ROAD:Kalyan Marg|LOCALITY:Shastri Nagar|PIN:736160,3,59,1,1671.21,Apparel_Ethnic,0.22,1,0,0.0,0.027,736160,Koch Bihar,Coochbehar,West Bengal,3,26.37644,89.62328,272-48L-J678,0,0,104.5,0.3145,1,6.75,3,2,0.3457,0
VALMO_ORD_0000795,CUST_062365,"Block A, Sector 200, Behind Reliance Fresh, Gali Number 7, Gandhi Nagar, Amritsar, Punjab, 143406",PREMISE:Block A|LANDMARK:Behind Reliance Fresh|LOCALITY:Gandhi Nagar|PIN:143406,4,97,1,277.84,Apparel_Ethnic,0.22,0,8,0.187,0.59,143406,Amritsar,Amritsar,Punjab,2,31.46897,75.02081,CMF-3TP-TL67,1,1,114.3,0.947,0,1.5,2,0,0.1293,1
VALMO_ORD_0000796,CUST_078881,"Ward No. 103, Mohalla Gandhi Nagar, Ring Road, Ahmedabad Space, Ahmedabad, Gujarat, 380028",PREMISE:Ward No. 103|ROAD:Ring Road|LOCALITY:Mohalla Gandhi Nagar|PIN:380028,4,90,0,918.75,Apparel_Western,0.2,0,8,0.074,0.746,380028,Ahmedabad,Ahmedabad,Gujarat,1,23.02196,72.57708,3KL-K9J-8FM4,1,0,26.6,0.6175,0,2.9,4,0,0.0306,0
VALMO_ORD_0000797,CUST_077429,"Ward No. 179, Mohalla Purani Basti, Industrial Area Phase 1, Kalyan Nagar, Kanpur Dehat, Uttar Pradesh, 209310",PREMISE:Ward No. 179|LOCALITY:Mohalla Purani Basti|PIN:209310,3,110,0,832.15,Apparel_Ethnic,0.22,0,2,0.241,0.245,209310,Kanpur Dehat,Kanpur Dehat,Uttar Pradesh,2,26.52,79.67064,37J-28T-8CTK,1,0,131.0,0.6036,0,1.18,4,0,0.0389,0
VALMO_ORD_0000798,CUST_024590,"Flat 275, Shanti Apartments, Industrial Area Phase 1, Ghatol, Banswara, Rajasthan, 327023",PREMISE:Flat 275|LOCALITY:Industrial Area Phase|PIN:327023,3,89,1,664.1,Personal_Care,0.08,1,0,0.0,0.561,327023,Banswara,Banswara,Rajasthan,3,23.72665,74.38696,3K6-3C9-P6F3,1,0,106.9,0.6129,1,6.81,3,2,0.2794,0
VALMO_ORD_0000799,CUST_051770,"Radhe Residency, Flat 675, Opposite Shiv Mandir, Temple Street, Rampura Bhankoda, Ahmedabad, Gujarat, 382140",PREMISE:Radhe Residency|LANDMARK:Opposite Shiv Mandir|ROAD:Temple Street|PIN:382140,4,108,1,353.02,Apparel_Ethnic,0.22,0,8,0.413,0.405,382140,Ahmedabad,Ahmedabad,Gujarat,1,23.25056,72.11466,J6T-C3L-F9PF,1,1,65.1,0.9592,1,6.53,4,0,0.1441,0
VALMO_ORD_0000800,CUST_022508,"Flat 573, Gupta Apartments, Near Bus Stand, Station Road, R E College, Warangal, Telangana, 506004",PREMISE:Flat 573|LANDMARK:Near Bus Stand|ROAD:Station Road|PIN:506004,4,98,0,195.21,Apparel_Western,0.2,1,0,0.0,0.068,506004,Warangal,Warangal,Telangana,2,17.99884,79.53254,47F-2LF-K2CM,1,1,74.1,0.9494,2,15.23,4,0,0.0517,0
VALMO_ORD_0000801,CUST_033767,"Holding No. 23, Basti Shastri Nagar, Opposite Shiv Mandir, Cinema Road, Jalahalli East, Bangalore, Karnataka, 560014",LANDMARK:Opposite Shiv Mandir|ROAD:Cinema Road|LOCALITY:Basti Shastri Nagar|PIN:560014,4,116,1,228.02,Home_Kitchen,0.13,0,12,0.152,0.441,560014,Bangalore,Bangalore,Karnataka,1,13.05459,77.52963,4PJ-8TL-CJLP,0,1,18.5,0.6777,1,3.46,2,3,0.2178,0
VALMO_ORD_0000802,CUST_062789,"Quarter No. 304, Railway Colony, Near Bus Stand, Bypass Road, Wagle Indl Estate, Thane, Maharashtra, 400604",PREMISE:Quarter No. 304|LANDMARK:Near Bus Stand|ROAD:Bypass Road|LOCALITY:Railway Colony|PIN:400604,5,107,1,311.74,Personal_Care,0.08,1,0,0.0,0.478,400604,Thane,Thane,Maharashtra,2,19.20266,72.91765,4FK-28T-5J4L,1,1,137.7,0.9284,1,3.06,3,2,0.2049,0
VALMO_ORD_0000803,CUST_005136,"Shop No. 87, Main Market, Link Road, Subhash Nagar, Balaghat, Madhya Pradesh, 481332",PREMISE:Shop No. 87|LANDMARK:Main Market|ROAD:Link Road|LOCALITY:Subhash Nagar|PIN:481332,5,84,1,580.87,Apparel_Western,0.2,0,3,0.147,0.597,481332,Balaghat,Balaghat,Madhya Pradesh,3,21.79983,79.94257,3T3-KT9-8J6L,1,1,83.1,0.952,0,1.73,3,2,0.1808,1
VALMO_ORD_0000804,CUST_021627,"Plot No. 204, Gali 4, Main Bazaar Road, Hardanahalli, Mysore, Karnataka, 571127",PREMISE:Plot No. 204|ROAD:Main Bazaar Road|PIN:571127,3,79,1,279.87,Footwear,0.19,1,0,0.0,0.453,571127,Mysore,Mysore,Karnataka,2,11.85412,76.96618,4MT-77L-KP32,1,0,303.0,0.557,2,8.99,4,0,0.277,0
VALMO_ORD_0000805,CUST_067707,"Ward No. 252, Mohalla Subhash Nagar, Opposite Panchayat Bhawan, Bypass Road, Shastri Nagar, Bhawani Mandi, Rajasthan, 326502",PREMISE:Ward No. 252|LANDMARK:Opposite Panchayat Bhawan|ROAD:Bypass Road|LOCALITY:Mohalla Subhash Nagar|PIN:326502,5,124,1,459.57,Apparel_Western,0.2,1,0,0.0,0.865,326502,Bhawani Mandi,Jhalawar,Rajasthan,3,24.41872,75.8217,343-894-858T,1,1,263.8,0.9262,1,3.46,4,0,0.1891,0
VALMO_ORD_0000806,CUST_034463,"Ward No. 158, Mohalla Adarsh Nagar, Temple Street, Gandhi Nagar, Kolhapur, Maharashtra, 416002",PREMISE:Ward No. 158|ROAD:Temple Street|LOCALITY:Mohalla Adarsh Nagar|PIN:416002,4,94,1,551.04,Apparel_Ethnic,0.22,0,4,0.222,0.853,416002,Kolhapur,Kolhapur,Maharashtra,2,16.71287,74.2119,4J6-KL5-TK39,1,0,12.8,0.6268,0,1.69,2,0,0.1656,0
VALMO_ORD_0000807,CUST_073908,"Flat 667, Krishna Apartments, Behind Post Office, Station Road, Azad Nagar, Mangawan, Madhya Pradesh, 486111",PREMISE:Flat 667|LANDMARK:Behind Post Office|ROAD:Station Road|LOCALITY:Azad Nagar|PIN:486111,5,108,0,183.94,Apparel_Ethnic,0.22,0,4,0.092,0.44,486111,Mangawan,Katni,Madhya Pradesh,3,24.67269,81.58361,2KF-K23-9LL7,1,1,55.4,0.9744,1,5.93,5,2,0.0469,0
VALMO_ORD_0000808,CUST_032382,"Shanti Niwas, Room 141, Behind Saraswati Hospital, Temple Street, Shastri Nagar, Visakhapatnam, Andhra Pradesh, 530048",PREMISE:Shanti Niwas|LANDMARK:Behind Saraswati Hospital|ROAD:Temple Street|LOCALITY:Shastri Nagar|PIN:530048,5,118,0,365.92,Home_Kitchen,0.13,0,9,0.217,0.879,530048,Visakhapatnam,Visakhapatnam,Andhra Pradesh,2,17.80546,83.37301,5J8-MC4-K328,1,1,46.7,0.9702,0,1.37,3,0,0.0274,0
VALMO_ORD_0000809,CUST_058673,"House No. 242, Behind Reliance Fresh, Hospital Road, Beasant Road, Mumbai, Maharashtra, 400056",PREMISE:House No. 242|LANDMARK:Behind Reliance Fresh|ROAD:Hospital Road|PIN:400056,4,94,1,546.85,Apparel_Western,0.2,0,12,0.034,0.738,400056,Mumbai,Mumbai,Maharashtra,1,19.02502,73.09869,4F4-K3L-L382,1,1,556.3,0.84,2,9.2,3,1,0.1957,1
VALMO_ORD_0000810,CUST_079875,"Shop No. 227, Cloth Market, Ring Road, Kalyan Nagar, Bangalore, Karnataka, 560074",PREMISE:Shop No. 227|LANDMARK:Cloth Market|ROAD:Ring Road|LOCALITY:Kalyan Nagar|PIN:560074,5,81,1,283.09,Personal_Care,0.08,0,10,0.177,0.596,560074,Bangalore,Bangalore,Karnataka,1,12.9142,77.45859,4PJ-7ML-F26C,1,1,133.6,0.932,2,16.38,3,0,0.1666,0
VALMO_ORD_0000811,CUST_011916,"Behind Reliance Fresh, Kalyan Marg, Mohamadwadi S.O, Pune, Maharashtra, 411060",LANDMARK:Behind Reliance Fresh|ROAD:Kalyan Marg|PIN:411060,3,78,0,379.48,Apparel_Western,0.2,1,0,0.0,0.605,411060,Pune,Pune,Maharashtra,1,18.44826,73.90729,4FP-5KJ-JM82,0,1,144.1,0.653,2,8.99,3,3,0.0861,0
VALMO_ORD_0000812,CUST_069547,"Holding No. 260, Basti Subhash Nagar, Main Bazaar Road, Nayapalli, Puri, Odisha, 751012",ROAD:Main Bazaar Road|LOCALITY:Basti Subhash Nagar|PIN:751012,3,87,0,425.81,Electronics_Accessories,0.12,0,4,0.035,0.837,751012,Puri,Puri,Odisha,3,20.28633,85.81389,5C8-259-7CLT,0,0,18.2,0.3418,2,11.58,3,2,0.0983,0
VALMO_ORD_0000813,CUST_049510,"House No. 117, Temple Street, Gokula, Bangalore, Karnataka, 560054",PREMISE:House No. 117|ROAD:Temple Street|PIN:560054,3,66,1,401.38,Footwear,0.19,1,0,0.0,0.069,560054,Bangalore,Bangalore,Karnataka,1,13.03195,77.57614,4P3-JF3-5L84,1,0,914.9,0.416,1,5.98,2,0,0.2131,0
VALMO_ORD_0000814,CUST_051903,"Khata No. 61, Village Rampur, Near Saraswati Mandir, Station Road, Panchmile, Tezpur, Assam, 784025",PREMISE:Khata No. 61|LANDMARK:Near Saraswati Mandir|ROAD:Station Road|LOCALITY:Village Rampur|PIN:784025,5,99,0,498.11,Personal_Care,0.08,0,6,0.203,0.837,784025,Tezpur,Sonitpur,Assam,3,26.68692,92.85814,73J-F8F-CJ8C,1,1,211.6,0.9337,0,1.76,3,3,0.0479,0
VALMO_ORD_0000815,CUST_068261,"Beside Govt Hospital, Station Road, Harmara Ajmer, Ajmer, Rajasthan, 305812",LANDMARK:Beside Govt Hospital|ROAD:Station Road|PIN:305812,3,75,0,390.04,Home_Kitchen,0.13,0,6,0.137,0.709,305812,Ajmer,Ajmer,Rajasthan,2,26.70904,74.94701,33F-MM2-49P9,0,1,47.4,0.6574,1,6.02,3,0,0.0398,0
VALMO_ORD_0000816,CUST_059562,"Flat 362, Sharma Apartments, Near Krishna Mandir, Cinema Road, Yellammagutta, Hyderabad, Telangana, 500003",PREMISE:Flat 362|LANDMARK:Near Krishna Mandir|ROAD:Cinema Road|PIN:500003,4,106,1,607.19,Apparel_Ethnic,0.22,0,5,0.057,0.693,500003,Hyderabad,Hyderabad,Telangana,1,17.43729,78.48335,422-2PF-7L3M,1,1,222.2,0.9392,0,1.19,2,0,0.1083,0
VALMO_ORD_0000817,CUST_004311,"Plot No. 203, Gali 5, Near Govt Primary School, Nehru Road, Manubazar, Kailashahar, Tripura, 799143",PREMISE:Plot No. 203|LANDMARK:Near Govt Primary School|ROAD:Nehru Road|PIN:799143,4,99,1,575.27,Personal_Care,0.08,0,8,0.014,0.846,799143,Kailashahar,North Tripura,Tripura,3,23.11817,91.65151,7KP-JJ6-FJMF,1,1,12.7,0.9753,1,4.66,4,0,0.1445,0
VALMO_ORD_0000818,CUST_065352,"Ward No. 235, Mohalla Adarsh Nagar, Opposite Shiv Mandir, Station Road, Malka Ganj Market, New Delhi, Delhi, 110007",PREMISE:Ward No. 235|LANDMARK:Opposite Shiv Mandir|ROAD:Station Road|LOCALITY:Mohalla Adarsh Nagar|PIN:110007,5,115,1,677.27,Apparel_Western,0.2,0,22,0.213,0.527,110007,New Delhi,North Delhi,Delhi,1,28.68254,77.1897,39J-3M3-9CC4,1,1,18.6,0.9776,2,12.45,3,0,0.1705,0
VALMO_ORD_0000819,CUST_038064,"Gokul Residency, Flat 163, Hospital Road, Paithan, Paithan, Maharashtra, 431107",PREMISE:Gokul Residency|ROAD:Hospital Road|PIN:431107,3,79,1,334.11,Apparel_Western,0.2,0,5,0.074,0.722,431107,Paithan,Aurangabad,Maharashtra,2,19.50573,75.41806,4C3-L8J-FKF9,1,0,915.1,0.3888,1,3.03,3,0,0.2074,0
VALMO_ORD_0000820,CUST_046805,"Ward No. 152, Mohalla Gandhi Nagar, Opposite HP Petrol Pump, Gali Number 4, Purani Basti, Karwar, Karnataka, 581326",PREMISE:Ward No. 152|LANDMARK:Opposite HP Petrol Pump|LOCALITY:Mohalla Gandhi Nagar|PIN:581326,4,115,1,223.94,Apparel_Western,0.2,1,0,0.0,0.234,581326,Karwar,Uttar Kannada,Karnataka,3,14.5403,74.33509,4K6-4JK-8J29,1,1,102.2,0.9582,2,16.18,4,0,0.2393,0
VALMO_ORD_0000821,CUST_026943,"Flat 228, Gokul Apartments, Behind Post Office, Main Bazaar Road, Purani Basti, Vizianagaram, Andhra Pradesh, 535001",PREMISE:Flat 228|LANDMARK:Behind Post Office|ROAD:Main Bazaar Road|LOCALITY:Purani Basti|PIN:535001,5,116,0,224.51,Apparel_Western,0.2,0,6,0.118,0.82,535001,Vizianagaram,Vizianagaram,Andhra Pradesh,3,18.12336,83.40879,5J8-CP4-J56C,1,1,26.4,0.9597,0,0.64,3,0,0.031,0
VALMO_ORD_0000822,CUST_004906,"Vrindavan Niwas, Room 138, Station Road, Bokajan, Bokajan, Assam, 782480",PREMISE:Vrindavan Niwas|ROAD:Station Road|PIN:782480,3,72,1,348.98,Footwear,0.19,0,12,0.197,0.735,782480,Bokajan,Karbi Anglong,Assam,3,26.13993,93.757,733-TL5-2CL7,1,0,118.0,0.6182,0,1.39,3,0,0.1832,0
VALMO_ORD_0000823,CUST_031443,"Near Bus Stand, Main Bazaar Road, Belgaum MalMaruti Extension S.O, Belgaum, Karnataka, 590017",LANDMARK:Near Bus Stand|ROAD:Main Bazaar Road|PIN:590017,3,93,1,281.41,Apparel_Ethnic,0.22,0,8,0.129,0.52,590017,Belgaum,Belgaum,Karnataka,2,15.8871,74.54473,4K8-9PF-P24C,0,1,228.0,0.632,1,4.44,3,0,0.1808,0
VALMO_ORD_0000824,CUST_054662,"Ward No. 328, Mohalla Purani Basti, Near Bus Stand, College Road, Zarda, Lucknow, Uttar Pradesh, 226003",PREMISE:Ward No. 328|LANDMARK:Near Bus Stand|ROAD:College Road|LOCALITY:Mohalla Purani Basti|PIN:226003,5,103,1,333.96,Personal_Care,0.08,0,1,0.312,0.914,226003,Lucknow,Lucknow,Uttar Pradesh,2,26.87136,80.88717,379-65P-CJ39,1,1,405.4,0.8815,0,2.88,3,1,0.1547,0
VALMO_ORD_0000825,CUST_074493,"Flat 470, Surya Apartments, Near Peepal Ka Ped, Nehru Road, Patel Nagar, Guntur, Andhra Pradesh, 522408",PREMISE:Flat 470|LANDMARK:Near Peepal Ka Ped|ROAD:Nehru Road|LOCALITY:Patel Nagar|PIN:522408,5,103,1,774.03,Home_Kitchen,0.13,0,8,0.283,0.741,522408,Guntur,Guntur,Andhra Pradesh,2,16.22098,79.85527,47M-K3K-T36M,1,1,296.8,0.9133,0,0.87,2,0,0.1341,0
VALMO_ORD_0000826,CUST_038569,"Shop No. 227, Main Market, Opposite Shiv Mandir, Nehru Road, Korukonda, East Godavari, Andhra Pradesh, 533289",PREMISE:Shop No. 227|LANDMARK:Main Market|ROAD:Nehru Road|PIN:533289,4,109,0,351.75,Apparel_Western,0.2,1,0,0.0,0.636,533289,East Godavari,East Godavari,Andhra Pradesh,3,17.1664,81.82495,5JJ-P4L-785K,1,1,38.8,0.9745,2,10.04,3,2,0.0758,0
VALMO_ORD_0000827,CUST_067181,"Quarter No. 326, Railway Colony, Opposite State Bank of India, Gandhi Marg, Patel Nagar, Kozhikode, Kerala, 673586",PREMISE:Quarter No. 326|LANDMARK:Opposite State Bank of India|ROAD:Gandhi Marg|LOCALITY:Railway Colony|PIN:673586,5,114,1,306.12,Footwear,0.19,1,0,0.0,0.883,673586,Kozhikode,Kozhikode,Kerala,3,11.4713,75.98933,MC9-F8M-JFFP,1,1,346.2,0.8946,1,3.19,3,1,0.2162,1
VALMO_ORD_0000828,CUST_027656,"House No. 276, Near Govt Primary School, Gandhi Marg, Subhash Nagar, Anekal, Karnataka, 562106",PREMISE:House No. 276|LANDMARK:Near Govt Primary School|ROAD:Gandhi Marg|LOCALITY:Subhash Nagar|PIN:562106,5,94,1,401.18,Apparel_Western,0.2,0,12,0.364,0.448,562106,Anekal,Bangalore,Karnataka,1,12.7732,77.66811,4P3-KTL-FKCL,1,1,250.0,0.9151,2,10.6,3,1,0.2132,0
VALMO_ORD_0000829,CUST_055310,"Block C, Sector 269, Beside Govt Hospital, Station Road, Shastri Nagar, Gooty, Andhra Pradesh, 515401",PREMISE:Block C|LANDMARK:Beside Govt Hospital|ROAD:Station Road|LOCALITY:Shastri Nagar|PIN:515401,5,101,1,755.33,Apparel_Ethnic,0.22,0,5,0.3,0.52,515401,Gooty,Anantapur,Andhra Pradesh,3,15.1106,77.59873,453-K3J-FM87,1,1,29.8,0.942,0,1.38,3,1,0.1737,0
VALMO_ORD_0000830,CUST_022252,"Shop No. 108, Cloth Market, Bypass Road, Shastri Nagar, Berhampore, West Bengal, 742123",PREMISE:Shop No. 108|LANDMARK:Cloth Market|ROAD:Bypass Road|LOCALITY:Shastri Nagar|PIN:742123,5,87,1,666.23,Home_Kitchen,0.13,0,6,0.017,0.795,742123,Berhampore,Murshidabad,West Bengal,3,24.25211,88.28908,26J-J3J-C7JP,1,1,171.1,0.9328,1,6.4,3,0,0.1518,0
VALMO_ORD_0000831,CUST_051650,"Near Bus Stand, Gandhi Marg, Kahoda, Mahesana, Gujarat, 384130",LANDMARK:Near Bus Stand|ROAD:Gandhi Marg|PIN:384130,3,62,1,534.64,Footwear,0.19,0,5,0.022,0.483,384130,Mahesana,Mahesana,Gujarat,3,23.89774,72.47931,J67-TT3-2543,0,1,144.1,0.6509,0,0.69,2,0,0.1661,1
VALMO_ORD_0000832,CUST_028172,"Block A, Sector 334, Opposite HP Petrol Pump, Industrial Area Phase 9, Shastri Nagar, Mangalore, Karnataka, 576224",PREMISE:Block A|LANDMARK:Opposite HP Petrol Pump|LOCALITY:Industrial Area Phase|PIN:576224,4,114,1,339.46,Home_Kitchen,0.13,0,5,0.303,0.893,576224,Mangalore,Dak. Kannada,Karnataka,2,13.72341,74.67666,4L8-8CT-9936,1,1,47.7,0.9413,0,2.29,2,0,0.1326,0
VALMO_ORD_0000833,CUST_000062,"House No. 277, Beside Govt Hospital, Temple Street, Grain Market, Jamnagar, Gujarat, 361001",PREMISE:House No. 277|LANDMARK:Beside Govt Hospital|ROAD:Temple Street|LOCALITY:Jamnagar|PIN:361001,5,91,1,300.25,Apparel_Ethnic,0.22,1,0,0.0,0.156,361001,Jamnagar,Jamnagar,Gujarat,2,22.46596,70.05142,JP8-59C-32C7,1,1,99.0,0.9646,2,16.08,2,0,0.2152,0
VALMO_ORD_0000834,CUST_055448,"Quarter No. 112, Railway Colony, Near Railway Crossing, Hospital Road, Narainpur, Alwar, Rajasthan, 301024",PREMISE:Quarter No. 112|LANDMARK:Near Railway Crossing|ROAD:Hospital Road|LOCALITY:Railway Colony|PIN:301024,5,106,1,379.3,Apparel_Ethnic,0.22,1,0,0.0,0.394,301024,Alwar,Alwar,Rajasthan,3,27.5289,76.30603,3CP-6FC-JF29,1,1,18.4,0.9741,1,5.84,3,1,0.2069,0
VALMO_ORD_0000835,CUST_001958,"Flat 395, Krishna Apartments, Behind Post Office, Hospital Road, Seal Lane, Kolkata, West Bengal, 700015",PREMISE:Flat 395|LANDMARK:Behind Post Office|ROAD:Hospital Road|PIN:700015,4,104,1,946.73,Apparel_Western,0.2,0,3,0.085,0.793,700015,Kolkata,Kolkata,West Bengal,1,22.55284,88.37523,2TF-J75-J6T6,1,1,283.2,0.9118,2,15.85,3,0,0.169,0
VALMO_ORD_0000836,CUST_001406,"Block A, Sector 20, Behind Hanuman Hospital, Station Road, Patory, Samastipur, Bihar, 848504",PREMISE:Block A|LANDMARK:Behind Hanuman Hospital|ROAD:Station Road|LOCALITY:Samastipur|PIN:848504,5,92,1,443.88,Apparel_Western,0.2,0,6,0.084,0.798,848504,Samastipur,Samastipur,Bihar,3,25.63384,85.60138,236-MJP-P5C4,1,1,19.1,0.9804,2,12.5,2,0,0.2023,1
VALMO_ORD_0000837,CUST_077830,"Gupta Residency, Flat 199, Near Railway Crossing, Ring Road, I C F Colony, Chennai, Tamil Nadu, 600038",PREMISE:Gupta Residency|LANDMARK:Near Railway Crossing|ROAD:Ring Road|LOCALITY:I C F Colony|PIN:600038,5,102,0,574.47,Apparel_Western,0.2,0,12,0.127,0.531,600038,Chennai,Chennai,Tamil Nadu,1,13.11075,80.19717,4T3-958-6L4L,1,1,82.7,0.943,0,1.53,5,4,0.0422,0
VALMO_ORD_0000838,CUST_046139,"Gokul Niwas, Room 708, Behind Ganesh Hospital, Link Road, Jodumarga, Mangalore, Karnataka, 574219",PREMISE:Gokul Niwas|LANDMARK:Behind Ganesh Hospital|ROAD:Link Road|PIN:574219,4,97,1,239.32,Footwear,0.19,0,9,0.257,0.665,574219,Mangalore,Dak. Kannada,Karnataka,2,12.89005,75.01663,4MJ-482-M33P,1,1,10.1,0.9355,2,11.32,2,0,0.1998,0
VALMO_ORD_0000839,CUST_010631,"Krishna Residency, Flat 757, Hospital Road, New Town Ship, Pune, Maharashtra, 411044",PREMISE:Krishna Residency|ROAD:Hospital Road|PIN:411044,3,84,1,457.48,Footwear,0.19,0,3,0.168,0.449,411044,Pune,Pune,Maharashtra,1,18.63866,73.78236,4FP-3FM-T93T,1,0,505.7,0.5122,1,6.39,4,0,0.1764,0
VALMO_ORD_0000840,CUST_064395,"Near Hanuman Temple, Kalyan Marg, Patel Nagar, Jagatsinghapur, Odisha, 754120",LANDMARK:Near Hanuman Temple|ROAD:Kalyan Marg|LOCALITY:Patel Nagar|PIN:754120,4,77,1,764.64,Electronics_Accessories,0.12,0,9,0.104,0.83,754120,Jagatsinghapur,Jagatsinghapur,Odisha,3,20.29779,86.65908,59C-J2P-8883,0,1,221.3,0.6293,0,1.82,2,3,0.2413,1
VALMO_ORD_0000841,CUST_068251,"Near Railway Crossing, Main Bazaar Road, Hessarghattalake, Bangalore, Karnataka, 560089",LANDMARK:Near Railway Crossing|ROAD:Main Bazaar Road|PIN:560089,3,87,1,150.0,Apparel_Western,0.2,1,0,0.0,0.855,560089,Bangalore,Bangalore,Karnataka,1,13.14993,77.50743,4PJ-82C-2826,0,1,585.9,0.5436,0,1.71,2,1,0.1939,0
VALMO_ORD_0000842,CUST_015095,"House No. 53, Opposite State Bank of India, Nehru Road, Subhash Nagar, Satara, Maharashtra, 415509",PREMISE:House No. 53|LANDMARK:Opposite State Bank of India|ROAD:Nehru Road|LOCALITY:Subhash Nagar|PIN:415509,5,98,1,688.13,Apparel_Ethnic,0.22,0,4,0.055,0.634,415509,Satara,Satara,Maharashtra,3,17.64047,74.77305,43J-FJ2-2367,1,1,60.0,0.9749,0,2.38,4,2,0.1722,0
VALMO_ORD_0000843,CUST_051983,"Plot No. 43, Gali 13, Station Road, Ranchi Medical College C, Ranchi, Jharkhand, 834008",PREMISE:Plot No. 43|ROAD:Station Road|PIN:834008,3,87,1,374.55,Personal_Care,0.08,0,11,0.129,0.786,834008,Ranchi,Ranchi,Jharkhand,2,23.39808,85.3305,245-TJ6-7CFT,1,0,345.1,0.5409,0,1.77,3,0,0.1613,0
VALMO_ORD_0000844,CUST_066339,"Patel Residency, Flat 680, Near Hanuman Temple, Industrial Area Phase 4, Bhabta, Berhampore, West Bengal, 742134",PREMISE:Patel Residency|LANDMARK:Near Hanuman Temple|LOCALITY:Industrial Area Phase|PIN:742134,4,112,0,268.07,Footwear,0.19,1,0,0.0,0.285,742134,Berhampore,Murshidabad,West Bengal,3,24.00285,88.28879,26J-LCJ-3P2C,1,1,362.4,0.892,1,3.04,2,2,0.0595,0
VALMO_ORD_0000845,CUST_006192,"Ward No. 30, Mohalla Shastri Nagar, Near Govt Primary School, Temple Street, Sawyerpuram, Tirunelveli, Tamil Nadu, 628251",PREMISE:Ward No. 30|LANDMARK:Near Govt Primary School|ROAD:Temple Street|LOCALITY:Mohalla Shastri Nagar|PIN:628251,5,121,1,518.35,Footwear,0.19,1,0,0.0,0.979,628251,Tirunelveli,Tirunelveli,Tamil Nadu,2,8.67692,78.04758,M23-8C7-FTJF,1,1,189.3,0.9241,2,7.34,4,0,0.219,0
VALMO_ORD_0000846,CUST_061782,"Flat 415, Yadav Apartments, Opposite Shiv Mandir, College Road, Islamnagar S.O, Budaun, Uttar Pradesh, 243723",PREMISE:Flat 415|LANDMARK:Opposite Shiv Mandir|ROAD:College Road|LOCALITY:Islamnagar|PIN:243723,5,109,1,320.9,Electronics_Accessories,0.12,0,2,0.375,0.894,243723,Budaun,Budaun,Uttar Pradesh,3,28.29912,78.71397,396-FK8-KKF5,1,1,350.5,0.8604,1,3.29,4,0,0.1859,0
VALMO_ORD_0000847,CUST_013366,"Holding No. 311, Basti Azad Nagar, Industrial Area Phase 2, Pawapuri, Biharsharif, Bihar, 803115",LOCALITY:Basti Azad Nagar|PIN:803115,2,96,1,483.38,Apparel_Ethnic,0.22,0,13,0.212,0.925,803115,Biharsharif,Nalanda,Bihar,3,25.08883,85.57558,23T-L77-P63C,0,0,314.1,0.2601,1,4.78,2,1,0.296,0
VALMO_ORD_0000848,CUST_065712,"Quarter No. 203, Railway Colony, Near Shiv Mandir, Hospital Road, Patel Nagar, Anand, Gujarat, 388360",PREMISE:Quarter No. 203|LANDMARK:Near Shiv Mandir|ROAD:Hospital Road|LOCALITY:Railway Colony|PIN:388360,5,101,0,534.93,Personal_Care,0.08,1,0,0.0,0.682,388360,Anand,Anand,Gujarat,3,22.62522,72.97167,3LF-8M4-9P95,1,1,28.5,0.9737,0,1.69,2,1,0.04,0
VALMO_ORD_0000849,CUST_024554,"Station Road, Panangad, Thrissur, Kerala, 680665",ROAD:Station Road|PIN:680665,2,48,1,648.88,Apparel_Western,0.2,0,3,0.136,0.673,680665,Thrissur,Thrissur,Kerala,3,10.28975,76.16386,MC5-9KJ-6M8M,0,0,16.9,0.3116,2,7.81,4,0,0.3151,0
VALMO_ORD_0000850,CUST_054382,"Ward No. 57, Mohalla Patel Nagar, Near Ram Mandir, Cinema Road, Deobhog, Raipur, Chhattisgarh, 493890",PREMISE:Ward No. 57|LANDMARK:Near Ram Mandir|ROAD:Cinema Road|LOCALITY:Mohalla Patel Nagar|PIN:493890,5,101,1,268.25,Apparel_Ethnic,0.22,0,10,0.104,0.644,493890,Raipur,Raipur,Chhattisgarh,2,20.37399,82.25838,5FC-CM5-3J24,1,1,311.3,0.8859,1,3.15,4,2,0.1901,0
VALMO_ORD_0000851,CUST_042269,"Near Railway Crossing, Link Road, Mulanur, Mulanur, Tamil Nadu, 638106",LANDMARK:Near Railway Crossing|ROAD:Link Road|PIN:638106,3,70,1,376.4,Home_Kitchen,0.13,0,3,0.049,0.911,638106,Mulanur,Madurai,Tamil Nadu,2,10.7873,77.74959,M93-3C3-CJ24,0,1,348.6,0.5714,1,5.82,4,0,0.177,0
VALMO_ORD_0000852,CUST_066276,"Shop No. 70, Sabzi Market, Near Laxmi Mandir, Subhash Path, Kadium, East Godavari, Andhra Pradesh, 533126",PREMISE:Shop No. 70|LANDMARK:Sabzi Market|ROAD:Subhash Path|PIN:533126,4,105,1,237.67,Home_Kitchen,0.13,0,16,0.086,0.323,533126,East Godavari,East Godavari,Andhra Pradesh,3,16.90528,81.85786,5JK-25F-PTMT,1,1,78.9,0.9731,1,6.46,3,1,0.1716,0
VALMO_ORD_0000853,CUST_032041,"Plot No. 238, Gali 15, Temple Street, Vijayapura, Vijayapura, Karnataka, 562135",PREMISE:Plot No. 238|ROAD:Temple Street|PIN:562135,3,79,1,394.38,Personal_Care,0.08,0,5,0.323,0.514,562135,Vijayapura,Bangalore,Karnataka,1,13.18163,77.68748,4P3-F89-K65K,1,0,152.7,0.6042,0,0.97,2,0,0.1491,0
VALMO_ORD_0000854,CUST_054470,"Shanti Niwas, Room 782, Beside Govt Hospital, Industrial Area Phase 8, Azad Nagar, Obra, Uttar Pradesh, 231219",PREMISE:Shanti Niwas|LANDMARK:Beside Govt Hospital|LOCALITY:Industrial Area Phase|PIN:231219,4,110,0,794.28,Personal_Care,0.08,1,0,0.0,0.454,231219,Obra,Mirzapur,Uttar Pradesh,3,24.56055,82.72452,2K9-L97-MMLP,1,1,164.8,0.9302,0,2.21,4,0,0.036,0
VALMO_ORD_0000855,CUST_072628,"Krishna Niwas, Room 312, Industrial Area Phase 1, Xxiv B Pac, Moradabad, Uttar Pradesh, 244001",PREMISE:Krishna Niwas|LOCALITY:Industrial Area Phase|PIN:244001,3,94,1,675.43,Apparel_Ethnic,0.22,0,6,0.182,0.836,244001,Moradabad,Moradabad,Uttar Pradesh,2,28.84684,78.74911,397-F46-JJF9,1,0,153.1,0.5825,0,1.58,4,2,0.2124,0
VALMO_ORD_0000856,CUST_031280,"Quarter No. 327, Railway Colony, Behind Laxmi Hospital, Industrial Area Phase 2, Pulgaon, Pulgaon, Maharashtra, 442302",PREMISE:Quarter No. 327|LANDMARK:Behind Laxmi Hospital|LOCALITY:Railway Colony|PIN:442302,4,118,1,270.44,Home_Kitchen,0.13,0,11,0.377,0.8,442302,Pulgaon,Wardha,Maharashtra,3,20.78168,78.28715,3PP-3LP-MTFP,1,1,100.3,0.9629,0,2.74,2,2,0.1934,0
VALMO_ORD_0000857,CUST_012906,"Block C, Sector 256, Near Railway Crossing, Station Road, B J B Nagar, Puri, Odisha, 751014",PREMISE:Block C|LANDMARK:Near Railway Crossing|ROAD:Station Road|LOCALITY:B J B Nagar|PIN:751014,5,91,1,493.48,Electronics_Accessories,0.12,1,0,0.0,0.78,751014,Puri,Puri,Odisha,3,20.25148,85.83543,5C8-2TC-3F35,1,1,38.8,0.9625,1,6.4,4,0,0.1796,1
VALMO_ORD_0000858,CUST_059705,"Block C, Sector 162, Opposite HP Petrol Pump, College Road, Palpannaichery B.O, Nagapattinam, Tamil Nadu, 611003",PREMISE:Block C|LANDMARK:Opposite HP Petrol Pump|ROAD:College Road|PIN:611003,4,112,1,964.35,Apparel_Ethnic,0.22,0,3,0.152,0.772,611003,Nagapattinam,Nagapattinam,Tamil Nadu,3,10.76745,79.83402,M83-JFP-37K2,1,1,345.0,0.895,1,5.02,4,4,0.2685,0
VALMO_ORD_0000859,CUST_062982,"Gokul Niwas, Room 155, Near Govt Primary School, Ring Road, Gandhi Nagar, Mangalore, Karnataka, 575004",PREMISE:Gokul Niwas|LANDMARK:Near Govt Primary School|ROAD:Ring Road|LOCALITY:Gandhi Nagar|PIN:575004,5,102,1,364.29,Electronics_Accessories,0.12,0,5,0.38,0.771,575004,Mangalore,Dak. Kannada,Karnataka,2,12.88035,74.85389,4MJ-K96-TMF5,1,1,937.3,0.7529,1,4.9,2,1,0.2013,1
VALMO_ORD_0000860,CUST_074238,"Block D, Sector 48, Near Govt Primary School, Bypass Road, Patel Nagar, Patna, Bihar, 800002",PREMISE:Block D|LANDMARK:Near Govt Primary School|ROAD:Bypass Road|LOCALITY:Patel Nagar|PIN:800002,5,92,1,654.21,Apparel_Ethnic,0.22,0,4,0.149,0.705,800002,Patna,Patna,Bihar,2,25.59635,85.13122,235-MTC-F535,1,1,108.7,0.9687,0,1.27,3,0,0.125,1
VALMO_ORD_0000861,CUST_052785,"Vrindavan Niwas, Room 573, Gandhi Marg, Gauchar, Gauchar, Uttarakhand, 246429",PREMISE:Vrindavan Niwas|ROAD:Gandhi Marg|PIN:246429,3,77,1,420.69,Footwear,0.19,0,7,0.481,0.914,246429,Gauchar,Chamoli,Uttarakhand,3,30.2611,79.17216,CP6-647-J53L,1,0,58.0,0.5962,2,14.39,4,0,0.301,0
VALMO_ORD_0000862,CUST_045245,"Near Hanuman Temple, Link Road, Gowardhan B.O, Chandrapur, Maharashtra, 441226",LANDMARK:Near Hanuman Temple|ROAD:Link Road|LOCALITY:Chandrapur|PIN:441226,4,78,1,792.85,Electronics_Accessories,0.12,0,4,0.142,0.711,441226,Chandrapur,Chandrapur,Maharashtra,3,19.95019,79.73533,48F-TM6-K8PK,0,1,419.1,0.5541,0,1.65,4,0,0.1829,0
VALMO_ORD_0000863,CUST_073022,"Block C, Sector 65, Behind Post Office, Link Road, Azad Nagar, Jaipur, Rajasthan, 302034",PREMISE:Block C|LANDMARK:Behind Post Office|ROAD:Link Road|LOCALITY:Azad Nagar|PIN:302034,5,88,1,345.7,Apparel_Ethnic,0.22,0,3,0.104,0.719,302034,Jaipur,Jaipur,Rajasthan,2,26.91203,75.72246,33C-575-2P3F,1,1,111.3,0.9639,1,6.83,3,0,0.1411,0
VALMO_ORD_0000864,CUST_059026,"Quarter No. 76, Railway Colony, Near Water Tank, Link Road, Tirunelveli Pettai East, Tirunelveli, Tamil Nadu, 627004",PREMISE:Quarter No. 76|LANDMARK:Near Water Tank|ROAD:Link Road|LOCALITY:Railway Colony|PIN:627004,5,116,1,306.69,Apparel_Western,0.2,0,6,0.202,0.556,627004,Tirunelveli,Tirunelveli,Tamil Nadu,2,8.7454,77.66193,M2C-L57-34KJ,1,1,55.9,0.953,2,15.81,3,1,0.2172,0
VALMO_ORD_0000865,CUST_077504,"Block B, Sector 350, Behind Reliance Fresh, Main Bazaar Road, Dharmaram College, Bangalore, Karnataka, 560029",PREMISE:Block B|LANDMARK:Behind Reliance Fresh|ROAD:Main Bazaar Road|PIN:560029,4,109,1,539.65,Apparel_Ethnic,0.22,1,0,0.0,0.963,560029,Bangalore,Bangalore,Karnataka,1,12.94347,77.59445,4P3-JKT-P9FP,1,1,62.0,0.9331,1,6.53,2,1,0.1695,0
VALMO_ORD_0000866,CUST_053237,"Holding No. 187, Basti Subhash Nagar, Opposite Shiv Mandir, Gali Number 3, Subhash Nagar, Muzaffarpur, Bihar, 843123",LANDMARK:Opposite Shiv Mandir|LOCALITY:Basti Subhash Nagar|PIN:843123,3,116,1,275.75,Home_Kitchen,0.13,0,1,0.015,0.87,843123,Muzaffarpur,Muzaffarpur,Bihar,3,26.16419,85.18445,232-PKT-K844,0,1,166.7,0.6549,0,2.75,2,1,0.1825,1
VALMO_ORD_0000867,CUST_020802,"Patel Niwas, Room 539, Temple Street, Adarsh Nagar, Hyderabad, Telangana, 500050",PREMISE:Patel Niwas|ROAD:Temple Street|LOCALITY:Adarsh Nagar|PIN:500050,4,80,1,1183.84,Apparel_Ethnic,0.22,0,2,0.099,0.917,500050,Hyderabad,Hyderabad,Telangana,1,17.47392,78.33018,422-348-3CPF,1,0,87.8,0.5858,1,3.2,3,0,0.1642,0
VALMO_ORD_0000868,CUST_070367,"Flat 305, Sharma Apartments, Main Bazaar Road, Sulebele, Bangalore, Karnataka, 562129",PREMISE:Flat 305|ROAD:Main Bazaar Road|PIN:562129,3,85,1,184.34,Apparel_Ethnic,0.22,0,4,0.279,0.917,562129,Bangalore,Bangalore,Karnataka,1,13.15975,77.75543,4P3-CCM-86K8,1,0,123.8,0.6016,2,10.21,3,0,0.2279,0
VALMO_ORD_0000869,CUST_068323,"Flat 472, Krishna Apartments, Near Hanuman Temple, Cinema Road, Katthamil Shivpuri S.O, Shivpuri, Madhya Pradesh, 473638",PREMISE:Flat 472|LANDMARK:Near Hanuman Temple|ROAD:Cinema Road|PIN:473638,4,120,0,874.44,Home_Kitchen,0.13,0,6,0.008,0.817,473638,Shivpuri,Shivpuri,Madhya Pradesh,3,24.91485,77.55921,35F-867-5PFF,1,1,202.9,0.9282,1,3.37,4,0,0.0342,0
VALMO_ORD_0000870,CUST_076111,"Holding No. 258, Basti Purani Basti, Gali Number 5, Puvalur, Puvalur, Tamil Nadu, 621712",LOCALITY:Basti Purani Basti|PIN:621712,2,88,0,436.34,Apparel_Ethnic,0.22,1,0,0.0,0.117,621712,Puvalur,Tiruchirappalli,Tamil Nadu,2,10.94356,78.80891,M98-LTM-7CLL,0,0,223.0,0.2619,1,6.8,4,0,0.0664,0
VALMO_ORD_0000871,CUST_055694,"Block D, Sector 338, Near Railway Crossing, Main Bazaar Road, Subhash Nagar, New Delhi, Delhi, 110094",PREMISE:Block D|LANDMARK:Near Railway Crossing|ROAD:Main Bazaar Road|LOCALITY:Subhash Nagar|PIN:110094,5,101,1,1046.85,Personal_Care,0.08,0,18,0.077,0.681,110094,New Delhi,East Delhi,Delhi,1,28.74563,77.25758,39J-373-MJ79,1,1,173.1,0.9518,2,12.53,3,0,0.1572,1
VALMO_ORD_0000872,CUST_010622,"Near Bus Stand, Industrial Area Phase 8, Azad Nagar, Jalgaon, Maharashtra, 425402",LANDMARK:Near Bus Stand|LOCALITY:Industrial Area Phase|PIN:425402,3,81,1,1037.65,Apparel_Western,0.2,1,0,0.0,0.028,425402,Jalgaon,Jalgaon,Maharashtra,2,21.14788,75.01649,3MK-M75-3CK2,0,1,173.4,0.6142,1,3.84,5,3,0.2899,1
VALMO_ORD_0000873,CUST_073531,"Flat 771, Vrindavan Apartments, Near Railway Crossing, Hospital Road, Shastri Nagar, Madurai, Tamil Nadu, 638457",PREMISE:Flat 771|LANDMARK:Near Railway Crossing|ROAD:Hospital Road|LOCALITY:Shastri Nagar|PIN:638457,5,112,1,309.99,Apparel_Western,0.2,0,2,0.156,0.71,638457,Madurai,Madurai,Tamil Nadu,2,11.42917,77.35205,M9F-95F-FFTP,1,1,422.6,0.8668,0,0.56,3,1,0.1521,0
VALMO_ORD_0000874,CUST_051494,"Ward No. 33, Mohalla Kalyan Nagar, Near Krishna Mandir, Station Road, Shastri Nagar, Nandyal, Andhra Pradesh, 518501",PREMISE:Ward No. 33|LANDMARK:Near Krishna Mandir|ROAD:Station Road|LOCALITY:Mohalla Kalyan Nagar|PIN:518501,5,116,1,791.33,Apparel_Ethnic,0.22,0,2,0.09,0.662,518501,Nandyal,Kurnool,Andhra Pradesh,3,15.46419,78.47243,459-PM8-PL36,1,1,677.3,0.7925,1,6.0,5,0,0.1784,0
VALMO_ORD_0000875,CUST_007268,"Shop No. 193, Grain Market, Behind Reliance Fresh, Hospital Road, Niphad, Nashik, Maharashtra, 422303",PREMISE:Shop No. 193|LANDMARK:Grain Market|ROAD:Hospital Road|PIN:422303,4,101,1,289.88,Apparel_Western,0.2,0,3,0.058,0.597,422303,Nashik,Nashik,Maharashtra,2,20.079,74.12229,4F9-6PL-P43K,1,1,28.7,0.9795,1,4.07,3,0,0.1357,1
VALMO_ORD_0000876,CUST_059785,"Opposite Shiv Mandir, Cinema Road, Shastri Nagar, Chennai, Tamil Nadu, 600102",LANDMARK:Opposite Shiv Mandir|ROAD:Cinema Road|LOCALITY:Shastri Nagar|PIN:600102,4,77,1,485.56,Electronics_Accessories,0.12,0,3,0.329,0.842,600102,Chennai,Chennai,Tamil Nadu,1,13.07277,80.22548,4T3-9T2-88TJ,0,1,862.1,0.4512,1,3.34,4,1,0.2162,0
VALMO_ORD_0000877,CUST_004510,"Near Water Tank, Industrial Area Phase 4, Sonepur Rampur, Bolangir, Odisha, 767045",LANDMARK:Near Water Tank|LOCALITY:Industrial Area Phase|PIN:767045,3,82,1,315.49,Home_Kitchen,0.13,1,0,0.0,0.97,767045,Bolangir,Bolangir,Odisha,3,21.09752,83.68214,2L6-TPF-CFCT,0,1,92.0,0.6481,1,4.52,3,1,0.2493,0
VALMO_ORD_0000878,CUST_059684,"Flat 587, Sharma Apartments, Opposite HP Petrol Pump, Kalyan Marg, Purani Basti, Baragaon, Uttar Pradesh, 221204",PREMISE:Flat 587|LANDMARK:Opposite HP Petrol Pump|ROAD:Kalyan Marg|LOCALITY:Purani Basti|PIN:221204,5,112,1,718.67,Apparel_Ethnic,0.22,0,7,0.109,0.678,221204,Baragaon,Varanasi,Uttar Pradesh,2,25.40547,82.78866,2JP-3F2-P3T2,1,1,328.1,0.9048,0,2.3,3,0,0.1287,0
VALMO_ORD_0000879,CUST_044695,"Ward No. 34, Mohalla Kalyan Nagar, Behind Reliance Fresh, Ring Road, Ashok Nagar, Mumbai, Maharashtra, 400072",PREMISE:Ward No. 34|LANDMARK:Behind Reliance Fresh|ROAD:Ring Road|LOCALITY:Mohalla Kalyan Nagar|PIN:400072,5,109,1,923.39,Apparel_Ethnic,0.22,0,7,0.015,0.717,400072,Mumbai,Mumbai,Maharashtra,1,19.10888,72.87834,4FK-2P6-JF2T,1,1,261.2,0.8885,1,4.33,4,0,0.127,0
VALMO_ORD_0000880,CUST_022582,"Quarter No. 318, Railway Colony, Ring Road, Shastri Nagar, Silchar, Assam, 788110",PREMISE:Quarter No. 318|ROAD:Ring Road|LOCALITY:Railway Colony|PIN:788110,4,81,1,260.28,Footwear,0.19,0,9,0.073,0.602,788110,Silchar,Chacher,Assam,3,24.92353,92.75425,74F-FKF-4T9T,1,0,9.0,0.6378,0,0.61,2,0,0.1714,0
VALMO_ORD_0000881,CUST_079419,"Plot No. 1, Gali 11, Station Road, Kommadikottai, Thoothukkudi, Tamil Nadu, 628653",PREMISE:Plot No. 1|ROAD:Station Road|PIN:628653,3,82,1,515.42,Home_Kitchen,0.13,0,7,0.115,0.877,628653,Thoothukkudi,Thoothukkudi,Tamil Nadu,3,8.39142,77.93942,M23-592-65LP,1,0,37.5,0.5981,1,5.51,3,0,0.2002,0
VALMO_ORD_0000882,CUST_032112,"Khata No. 3, Village Rampur, Near Hanuman Temple, Kalyan Marg, Amiti B.O, Vizianagaram, Andhra Pradesh, 535126",PREMISE:Khata No. 3|LANDMARK:Near Hanuman Temple|ROAD:Kalyan Marg|LOCALITY:Village Rampur|PIN:535126,5,110,1,365.5,Apparel_Ethnic,0.22,1,0,0.0,0.661,535126,Vizianagaram,Vizianagaram,Andhra Pradesh,3,18.48719,83.4917,5FT-5J2-9C8L,1,1,186.6,0.94,0,0.68,4,0,0.1654,1
VALMO_ORD_0000883,CUST_073182,"Gandhi Marg, Nagpur Kasturchand Park, Nagpur, Maharashtra, 440001",LANDMARK:Nagpur Kasturchand Park|ROAD:Gandhi Marg|LOCALITY:Nagpur|PIN:440001,4,65,1,412.63,Apparel_Ethnic,0.22,0,16,0.025,0.555,440001,Nagpur,Nagpur,Maharashtra,2,21.15436,79.07776,3P6-P7J-49M8,0,1,179.5,0.6327,1,3.24,4,0,0.1729,0
VALMO_ORD_0000884,CUST_070472,"Plot No. 126, Gali 12, Hospital Road, B K Guda, Hyderabad, Telangana, 500038",PREMISE:Plot No. 126|ROAD:Hospital Road|PIN:500038,3,76,1,151.32,Personal_Care,0.08,0,9,0.108,0.717,500038,Hyderabad,Hyderabad,Telangana,1,17.43846,78.43181,422-2L9-722J,1,0,153.9,0.5927,1,3.17,2,0,0.1565,0
VALMO_ORD_0000885,CUST_033587,"Holding No. 321, Basti Shastri Nagar, Near Railway Crossing, Kalyan Marg, Mitrapur, Baleshwar, Odisha, 756020",LANDMARK:Near Railway Crossing|ROAD:Kalyan Marg|LOCALITY:Basti Shastri Nagar|PIN:756020,4,109,1,579.45,Apparel_Western,0.2,0,16,0.103,0.845,756020,Baleshwar,Baleshwar,Odisha,3,21.57207,86.78485,2P4-C24-CF7J,0,1,85.4,0.6564,0,1.59,2,0,0.1719,1
VALMO_ORD_0000886,CUST_027843,"Flat 740, Krishna Apartments, Behind Post Office, Subhash Path, Adarsh Nagar, Pune, Maharashtra, 411020",PREMISE:Flat 740|LANDMARK:Behind Post Office|ROAD:Subhash Path|LOCALITY:Adarsh Nagar|PIN:411020,5,103,1,771.6,Electronics_Accessories,0.12,0,8,0.374,0.867,411020,Pune,Pune,Maharashtra,1,18.56702,73.84303,4FP-35L-TKT5,1,1,199.7,0.9127,0,2.37,3,3,0.1786,0
VALMO_ORD_0000887,CUST_065744,"Gupta Niwas, Room 322, Gandhi Marg, Khajouli, Madhubani, Bihar, 847228",PREMISE:Gupta Niwas|ROAD:Gandhi Marg|PIN:847228,3,70,1,184.66,Home_Kitchen,0.13,0,20,0.134,0.542,847228,Madhubani,Madhubani,Bihar,3,26.49924,86.21004,22J-337-754M,1,0,49.7,0.6267,2,11.22,2,0,0.2548,0
VALMO_ORD_0000888,CUST_069360,"Quarter No. 246, Railway Colony, Opposite State Bank of India, Gandhi Marg, Shastri Nagar, Pune, Maharashtra, 411025",PREMISE:Quarter No. 246|LANDMARK:Opposite State Bank of India|ROAD:Gandhi Marg|LOCALITY:Railway Colony|PIN:411025,5,116,1,376.97,Footwear,0.19,0,8,0.137,0.758,411025,Pune,Pune,Maharashtra,1,18.40834,73.73443,4FP-KTJ-MTL8,1,1,292.7,0.8656,1,6.4,3,0,0.135,0
VALMO_ORD_0000889,CUST_047845,"Holding No. 336, Basti Gandhi Nagar, Near Peepal Ka Ped, Gandhi Marg, Savner, Savner, Maharashtra, 441107",LANDMARK:Near Peepal Ka Ped|ROAD:Gandhi Marg|LOCALITY:Basti Gandhi Nagar|PIN:441107,4,105,1,269.93,Home_Kitchen,0.13,0,5,0.104,0.704,441107,Savner,Nagpur,Maharashtra,2,21.39676,78.93125,3P6-357-PT2T,0,1,17.7,0.6654,1,4.39,3,1,0.191,1
VALMO_ORD_0000890,CUST_031415,"Quarter No. 347, Railway Colony, Subhash Path, Patel Nagar, Jalpaiguri, West Bengal, 735133",PREMISE:Quarter No. 347|ROAD:Subhash Path|LOCALITY:Railway Colony|PIN:735133,4,91,1,810.07,Home_Kitchen,0.13,1,0,0.0,0.447,735133,Jalpaiguri,Jalpaiguri,West Bengal,3,26.52639,88.58912,27J-2C5-233C,1,0,716.3,0.4364,1,3.16,4,0,0.2558,1
VALMO_ORD_0000891,CUST_029632,"Verma Niwas, Room 131, Near Hanuman Mandir, Cinema Road, Gandhi Nagar, Tonk, Rajasthan, 304504",PREMISE:Verma Niwas|LANDMARK:Near Hanuman Mandir|ROAD:Cinema Road|LOCALITY:Gandhi Nagar|PIN:304504,5,94,1,422.96,Apparel_Western,0.2,1,0,0.0,0.616,304504,Tonk,Tonk,Rajasthan,3,26.38334,75.49408,333-4CK-525L,1,1,142.2,0.9372,1,3.11,4,2,0.2359,0
VALMO_ORD_0000892,CUST_064727,"Shop No. 329, Main Market, Near Water Tank, Gandhi Marg, Meerut 4, Meerut, Uttar Pradesh, 250004",PREMISE:Shop No. 329|LANDMARK:Main Market|ROAD:Gandhi Marg|PIN:250004,4,96,0,218.46,Personal_Care,0.08,0,6,0.241,0.456,250004,Meerut,Meerut,Uttar Pradesh,2,28.97127,77.73906,39C-MMF-F449,1,1,355.3,0.8609,0,2.48,4,0,0.0298,0
VALMO_ORD_0000893,CUST_009711,"Opposite Shiv Mandir, Hospital Road, R S, Surat, Gujarat, 394650",LANDMARK:Opposite Shiv Mandir|ROAD:Hospital Road|PIN:394650,3,64,0,730.62,Electronics_Accessories,0.12,0,5,0.046,0.498,394650,Surat,Surat,Gujarat,3,21.12263,73.37697,3L4-PK7-8K48,0,1,418.6,0.5386,0,2.13,4,1,0.047,0
VALMO_ORD_0000894,CUST_074606,"House No. 50, Opposite Panchayat Bhawan, Hospital Road, Adarsh Nagar, Ludhiana, Punjab, 141203",PREMISE:House No. 50|LANDMARK:Opposite Panchayat Bhawan|ROAD:Hospital Road|LOCALITY:Adarsh Nagar|PIN:141203,5,94,1,483.69,Footwear,0.19,0,5,0.041,0.243,141203,Ludhiana,Ludhiana,Punjab,2,30.75684,75.77122,CM3-TCF-LTLM,1,1,1265.8,0.7462,1,4.26,2,2,0.2017,0
VALMO_ORD_0000895,CUST_051264,"Behind Post Office, Industrial Area Phase 5, Julana, Julana, Haryana, 126101",LANDMARK:Behind Post Office|LOCALITY:Industrial Area Phase|PIN:126101,3,76,1,358.25,Electronics_Accessories,0.12,1,0,0.0,0.547,126101,Julana,Jind,Haryana,3,29.1244,76.395,3C9-656-KPP9,0,1,398.6,0.5788,1,5.79,4,1,0.2597,0
VALMO_ORD_0000896,CUST_001108,"Vrindavan Niwas, Room 700, Near Laxmi Mandir, Station Road, C.V.Raman Nagar S.O, Bangalore, Karnataka, 560093",PREMISE:Vrindavan Niwas|LANDMARK:Near Laxmi Mandir|ROAD:Station Road|LOCALITY:Raman Nagar|PIN:560093,5,109,1,263.2,Apparel_Ethnic,0.22,0,18,0.06,0.201,560093,Bangalore,Bangalore,Karnataka,1,12.97402,77.68283,4P3-J6C-28KK,1,1,205.6,0.9308,2,16.92,3,0,0.166,0
VALMO_ORD_0000897,CUST_034266,"Holding No. 340, Basti Patel Nagar, Kalyan Marg, Ayyanthirumaligai, Salem, Tamil Nadu, 636008",ROAD:Kalyan Marg|LOCALITY:Basti Patel Nagar|PIN:636008,3,93,1,663.55,Home_Kitchen,0.13,1,0,0.0,0.279,636008,Salem,Salem,Tamil Nadu,2,11.69393,78.17112,4PP-K43-L6TT,0,0,42.1,0.3197,1,5.63,4,2,0.3061,0
VALMO_ORD_0000898,CUST_006965,"Block B, Sector 121, Near Railway Crossing, Main Bazaar Road, Adarsh Nagar, Lakhimpur, Assam, 787034",PREMISE:Block B|LANDMARK:Near Railway Crossing|ROAD:Main Bazaar Road|LOCALITY:Adarsh Nagar|PIN:787034,5,100,0,252.44,Apparel_Ethnic,0.22,0,7,0.259,0.621,787034,Lakhimpur,Lakhimpur,Assam,3,27.41551,94.32586,7CP-6L7-CK6L,1,1,97.4,0.9617,0,1.0,3,0,0.0335,0
VALMO_ORD_0000899,CUST_047916,"Shop No. 288, Sabzi Market, Near Durga Mandir, Ring Road, Thuvakunnu, Cannanore (Kannur), Kerala, 670693",PREMISE:Shop No. 288|LANDMARK:Sabzi Market|ROAD:Ring Road|PIN:670693,4,104,1,411.23,Footwear,0.19,0,6,0.049,0.729,670693,Cannanore (Kannur),Kannur,Kerala,3,11.76564,75.6312,4MM-5CJ-MFJ5,1,1,367.8,0.8836,0,2.57,4,0,0.1422,0
VALMO_ORD_0000900,CUST_036393,"Khata No. 148, Village Rampur, Near Ganesh Mandir, Hospital Road, Sundarapandiapuram, Sundarapandiam, Tamil Nadu, 627858",PREMISE:Khata No. 148|LANDMARK:Near Ganesh Mandir|ROAD:Hospital Road|LOCALITY:Village Rampur|PIN:627858,5,120,1,594.94,Home_Kitchen,0.13,1,0,0.0,0.647,627858,Sundarapandiam,Tirunelveli,Tamil Nadu,2,8.96316,77.38918,M2F-58F-4KC6,1,1,63.0,0.9808,1,6.26,2,0,0.1584,0
VALMO_ORD_0000901,CUST_059343,"Block A, Sector 280, Behind Post Office, Ring Road, Patel Nagar, Amravati, Maharashtra, 444719",PREMISE:Block A|LANDMARK:Behind Post Office|ROAD:Ring Road|LOCALITY:Patel Nagar|PIN:444719,5,94,1,530.47,Footwear,0.19,1,0,0.0,0.425,444719,Amravati,Amravati,Maharashtra,2,21.4773,76.80163,3M6-29C-M9T5,1,1,282.8,0.9102,0,2.53,3,0,0.1486,0
VALMO_ORD_0000902,CUST_059701,"Beside Govt Hospital, Kalyan Marg, Subhash Nagar, Coimbatore, Tamil Nadu, 642001",LANDMARK:Beside Govt Hospital|ROAD:Kalyan Marg|LOCALITY:Subhash Nagar|PIN:642001,4,80,1,367.12,Apparel_Western,0.2,0,3,0.16,0.662,642001,Coimbatore,Coimbatore,Tamil Nadu,2,10.6337,77.04822,M9J-KC4-478F,0,1,151.4,0.6462,1,6.97,3,2,0.2271,0
VALMO_ORD_0000903,CUST_048449,"Khata No. 255, Village Rampur, Industrial Area Phase 9, Azad Nagar, Pune, Maharashtra, 411001",PREMISE:Khata No. 255|LOCALITY:Village Rampur|PIN:411001,3,93,1,570.78,Personal_Care,0.08,0,10,0.113,0.348,411001,Pune,Pune,Maharashtra,1,18.51905,73.92216,4FP-5F3-7K8T,1,0,117.6,0.614,0,2.49,3,4,0.2177,0
VALMO_ORD_0000904,CUST_010631,"Block C, Sector 23, Main Bazaar Road, New Town Ship, Pune, Maharashtra, 411044",PREMISE:Block C|ROAD:Main Bazaar Road|PIN:411044,3,78,1,499.31,Electronics_Accessories,0.12,0,10,0.096,0.849,411044,Pune,Pune,Maharashtra,1,18.66416,73.77791,4FP-3FC-M5CC,1,0,62.6,0.6276,1,4.0,4,0,0.1539,1
VALMO_ORD_0000905,CUST_050863,"Vrindavan Residency, Flat 696, Near Bus Stand, Link Road, Bholath, Kapurthala, Punjab, 144622",PREMISE:Vrindavan Residency|LANDMARK:Near Bus Stand|ROAD:Link Road|PIN:144622,4,93,1,596.77,Footwear,0.19,1,0,0.0,0.074,144622,Kapurthala,Kapurthala,Punjab,3,31.52308,75.52312,CMC-347-T7C2,1,1,100.7,0.9564,1,6.29,4,0,0.1846,0
VALMO_ORD_0000906,CUST_049056,"Shop No. 335, Cloth Market, Main Bazaar Road, Gandhi Nagar, Jalandhar, Punjab, 144035",PREMISE:Shop No. 335|LANDMARK:Cloth Market|ROAD:Main Bazaar Road|LOCALITY:Gandhi Nagar|PIN:144035,5,85,0,231.83,Apparel_Western,0.2,0,1,0.235,0.805,144035,Jalandhar,Jalandhar,Punjab,2,31.02056,75.73835,CM3-7FK-MTL6,1,1,376.4,0.8873,2,9.56,4,0,0.0486,0
VALMO_ORD_0000907,CUST_015600,"Opposite Panchayat Bhawan, Gandhi Marg, Shankargarh, Shankargarh, Uttar Pradesh, 212108",LANDMARK:Opposite Panchayat Bhawan|ROAD:Gandhi Marg|PIN:212108,3,87,0,331.72,Apparel_Ethnic,0.22,0,2,0.074,0.338,212108,Shankargarh,Allahabad,Uttar Pradesh,2,25.19254,81.60639,2JL-K6K-F32P,0,1,304.2,0.5986,2,17.77,4,0,0.0571,0
VALMO_ORD_0000908,CUST_008362,"Block C, Sector 270, Main Bazaar Road, Haldwani Ho., Haldwani, Uttarakhand, 263139",PREMISE:Block C|ROAD:Main Bazaar Road|PIN:263139,3,82,1,614.92,Footwear,0.19,1,0,0.0,0.252,263139,Haldwani,Nainital,Uttarakhand,3,29.19922,79.53488,38F-5FK-CP5C,1,0,209.5,0.5795,2,15.01,3,0,0.3018,0
VALMO_ORD_0000909,CUST_073184,"Quarter No. 39, Railway Colony, Near Krishna Mandir, Station Road, J A Hospital, Gwalior, Madhya Pradesh, 474009",PREMISE:Quarter No. 39|LANDMARK:Near Krishna Mandir|ROAD:Station Road|LOCALITY:Railway Colony|PIN:474009,5,112,1,671.68,Footwear,0.19,0,5,0.448,0.63,474009,Gwalior,Gwalior,Madhya Pradesh,2,26.17877,78.16594,322-L4J-P59J,1,1,474.9,0.8365,0,1.86,3,2,0.1978,0
VALMO_ORD_0000910,CUST_056657,"Holding No. 244, Basti Azad Nagar, Near Govt Primary School, Industrial Area Phase 5, Gandhi Nagar, Nagpur, Maharashtra, 441112",LANDMARK:Near Govt Primary School|LOCALITY:Basti Azad Nagar|PIN:441112,3,127,1,381.4,Apparel_Western,0.2,0,9,0.099,0.647,441112,Nagpur,Nagpur,Maharashtra,2,21.45426,78.87993,3P6-3CM-75MJ,0,1,192.9,0.6265,2,8.88,3,0,0.2309,0
VALMO_ORD_0000911,CUST_000681,"Block C, Sector 123, Gandhi Marg, Subhash Nagar, Dharwar, Karnataka, 581206",PREMISE:Block C|ROAD:Gandhi Marg|LOCALITY:Subhash Nagar|PIN:581206,4,75,1,448.76,Apparel_Ethnic,0.22,1,0,0.0,0.613,581206,Dharwar,Dharwar,Karnataka,3,15.60473,75.01881,44F-4T9-PM43,1,0,141.8,0.6098,1,5.11,3,0,0.2352,0
VALMO_ORD_0000912,CUST_073022,"Block B, Sector 37, Kalyan Marg, Panchyawala S.O, Jaipur, Rajasthan, 302034",PREMISE:Block B|ROAD:Kalyan Marg|LOCALITY:Jaipur|PIN:302034,4,75,1,600.5,Home_Kitchen,0.13,1,0,0.0,0.497,302034,Jaipur,Jaipur,Rajasthan,2,26.91208,75.72364,33C-575-7LC6,1,0,261.8,0.5549,2,15.98,2,0,0.2725,0
VALMO_ORD_0000913,CUST_066271,"Shop No. 264, Sabzi Market, Nehru Road, Adarsh Nagar, Arrah, Bihar, 802202",PREMISE:Shop No. 264|LANDMARK:Sabzi Market|ROAD:Nehru Road|LOCALITY:Adarsh Nagar|PIN:802202,5,74,1,294.51,Footwear,0.19,0,8,0.23,0.749,802202,Arrah,Bhojpur,Bihar,3,25.3092,84.3076,23L-7T8-M7F3,1,1,404.9,0.8932,1,5.95,3,2,0.2206,0
VALMO_ORD_0000914,CUST_029408,"Near Peepal Ka Ped, Temple Street, Sihora Khitola Bazar, Sihora, Madhya Pradesh, 483225",LANDMARK:Near Peepal Ka Ped|ROAD:Temple Street|PIN:483225,3,87,1,783.16,Home_Kitchen,0.13,0,5,0.173,0.621,483225,Sihora,Jabalpur,Madhya Pradesh,2,23.49362,80.11672,364-5KP-247C,0,1,180.2,0.6382,0,2.55,2,1,0.176,0
VALMO_ORD_0000915,CUST_061685,"Ward No. 280, Mohalla Purani Basti, Behind Krishna Hospital, Subhash Path, Lonavala Bazar, Lonavala, Maharashtra, 410401",PREMISE:Ward No. 280|LANDMARK:Behind Krishna Hospital|ROAD:Subhash Path|LOCALITY:Mohalla Purani Basti|PIN:410401,5,120,1,372.27,Footwear,0.19,0,3,0.297,0.68,410401,Lonavala,Pune,Maharashtra,1,18.74573,73.42606,4FM-92M-436C,1,1,292.7,0.9038,1,6.26,4,1,0.1596,0
VALMO_ORD_0000916,CUST_057355,"Kalyan Marg, Dobespet, Bangalore, Karnataka, 562111",ROAD:Kalyan Marg|PIN:562111,2,51,1,500.39,Home_Kitchen,0.13,0,5,0.034,0.551,562111,Bangalore,Bangalore,Karnataka,1,13.18808,77.26388,4PF-MTP-LKMP,0,0,43.2,0.3011,1,3.99,3,1,0.2125,0
VALMO_ORD_0000917,CUST_049919,"Quarter No. 83, Railway Colony, Opposite Shiv Mandir, Kalyan Marg, Jawaharsagar, Tonk, Rajasthan, 323302",PREMISE:Quarter No. 83|LANDMARK:Opposite Shiv Mandir|ROAD:Kalyan Marg|LOCALITY:Railway Colony|PIN:323302,5,104,1,292.1,Apparel_Ethnic,0.22,0,10,0.026,0.61,323302,Tonk,Tonk,Rajasthan,3,25.07516,75.48906,33M-M3L-JMC5,1,1,337.9,0.9042,1,5.99,4,0,0.1603,0
VALMO_ORD_0000918,CUST_014298,"Ward No. 126, Mohalla Patel Nagar, Near Govt Primary School, Station Road, Maharajganj, Azamgarh, Uttar Pradesh, 276137",PREMISE:Ward No. 126|LANDMARK:Near Govt Primary School|ROAD:Station Road|LOCALITY:Mohalla Patel Nagar|PIN:276137,5,119,0,259.7,Apparel_Ethnic,0.22,0,1,0.209,0.971,276137,Azamgarh,Azamgarh,Uttar Pradesh,3,26.1212,83.11426,2J5-8C8-25P5,1,1,270.1,0.9272,2,13.87,3,1,0.0613,0
VALMO_ORD_0000919,CUST_040857,"Ward No. 179, Mohalla Adarsh Nagar, Station Road, Azad Nagar, Vandalur, Tamil Nadu, 600048",PREMISE:Ward No. 179|ROAD:Station Road|LOCALITY:Mohalla Adarsh Nagar|PIN:600048,4,90,1,305.31,Apparel_Western,0.2,0,5,0.137,0.887,600048,Vandalur,Chennai,Tamil Nadu,1,12.94371,80.12164,4T3-2KT-KPTF,1,0,371.0,0.5462,0,1.73,2,1,0.1686,0
VALMO_ORD_0000920,CUST_079062,"Surya Residency, Flat 452, Behind Post Office, Main Bazaar Road, Purani Basti, Kullu, Himachal Pradesh, 175103",PREMISE:Surya Residency|LANDMARK:Behind Post Office|ROAD:Main Bazaar Road|LOCALITY:Purani Basti|PIN:175103,5,110,1,426.94,Apparel_Ethnic,0.22,0,7,0.316,0.673,175103,Kullu,Kullu,Himachal Pradesh,3,32.28368,77.1682,C5L-CFT-J9JT,1,1,220.0,0.943,0,1.21,4,1,0.1748,0
VALMO_ORD_0000921,CUST_064520,"Block A, Sector 279, Station Road, Shendurjanaghat, Amraoti, Maharashtra, 444907",PREMISE:Block A|ROAD:Station Road|PIN:444907,3,80,0,263.99,Apparel_Western,0.2,1,0,0.0,0.881,444907,Amraoti,Amraoti,Maharashtra,3,21.48978,78.29158,3P5-CLP-76F6,1,0,573.8,0.4908,0,2.56,3,1,0.0618,0
VALMO_ORD_0000922,CUST_017246,"Near Peepal Ka Ped, Bypass Road, Maina, Sehore, Madhya Pradesh, 466125",LANDMARK:Near Peepal Ka Ped|ROAD:Bypass Road|PIN:466125,3,70,1,512.31,Personal_Care,0.08,0,5,0.087,0.491,466125,Sehore,Sehore,Madhya Pradesh,3,23.16955,76.65666,34T-39F-798T,0,1,29.2,0.6674,0,1.15,3,1,0.1835,0
VALMO_ORD_0000923,CUST_051348,"Industrial Area Phase 9, Shastri Nagar, Mahboobnagar, Telangana, 509408",LOCALITY:Industrial Area Phase|PIN:509408,2,71,0,272.23,Home_Kitchen,0.13,0,10,0.23,0.663,509408,Mahboobnagar,Mahboobnagar,Telangana,3,16.9549,78.35475,425-39P-J2K6,0,0,343.2,0.2493,1,4.1,4,3,0.0985,0
VALMO_ORD_0000924,CUST_054966,"Holding No. 330, Basti Subhash Nagar, Near Peepal Ka Ped, Kalyan Marg, Azad Nagar, Pune, Maharashtra, 412301",LANDMARK:Near Peepal Ka Ped|ROAD:Kalyan Marg|LOCALITY:Basti Subhash Nagar|PIN:412301,4,108,1,526.28,Apparel_Western,0.2,0,12,0.175,0.845,412301,Pune,Pune,Maharashtra,1,18.3422,74.02732,4FP-P73-6FC5,0,1,340.5,0.5922,0,1.91,2,1,0.1659,0
VALMO_ORD_0000925,CUST_029326,"Khata No. 4, Village Rampur, Near Hanuman Temple, Subhash Path, Samuel Street, Mumbai, Maharashtra, 400003",PREMISE:Khata No. 4|LANDMARK:Near Hanuman Temple|ROAD:Subhash Path|LOCALITY:Village Rampur|PIN:400003,5,106,1,513.42,Apparel_Ethnic,0.22,0,12,0.062,0.927,400003,Mumbai,Mumbai,Maharashtra,1,18.94763,72.84954,4FK-PC8-6KCC,1,1,119.1,0.9642,1,3.6,3,0,0.1226,0
VALMO_ORD_0000926,CUST_051770,"Flat 762, Patel Apartments, Opposite State Bank of India, Link Road, Rampura Bhankoda, Ahmedabad, Gujarat, 382140",PREMISE:Flat 762|LANDMARK:Opposite State Bank of India|ROAD:Link Road|PIN:382140,4,113,1,640.58,Personal_Care,0.08,1,0,0.0,0.338,382140,Ahmedabad,Ahmedabad,Gujarat,1,23.26511,72.10909,J6T-CJ7-2K3C,1,1,329.7,0.8917,1,5.82,4,0,0.1475,1
VALMO_ORD_0000927,CUST_000475,"Block B, Sector 221, Opposite State Bank of India, Nehru Road, Mahajan, Bikaner, Rajasthan, 334604",PREMISE:Block B|LANDMARK:Opposite State Bank of India|ROAD:Nehru Road|PIN:334604,4,98,1,1070.14,Home_Kitchen,0.13,0,4,0.023,0.839,334604,Bikaner,Bikaner,Rajasthan,2,28.77716,73.84277,3F2-39K-8LM6,1,1,64.6,0.94,0,0.79,5,3,0.1697,0
VALMO_ORD_0000928,CUST_040710,"Opposite Panchayat Bhawan, Cinema Road, Shastri Nagar, Paschimi Singhbhum, Jharkhand, 833105",LANDMARK:Opposite Panchayat Bhawan|ROAD:Cinema Road|LOCALITY:Shastri Nagar|PIN:833105,4,92,1,218.5,Apparel_Ethnic,0.22,0,5,0.01,0.696,833105,Paschimi Singhbhum,Paschimi Singhbhum,Jharkhand,3,22.59018,85.46639,2M8-JF6-CKPM,0,1,57.3,0.6585,0,2.14,2,0,0.166,0
VALMO_ORD_0000929,CUST_026367,"Khata No. 206, Village Rampur, Opposite Panchayat Bhawan, Hospital Road, Darwha, Darwha, Maharashtra, 445202",PREMISE:Khata No. 206|LANDMARK:Opposite Panchayat Bhawan|ROAD:Hospital Road|LOCALITY:Village Rampur|PIN:445202,5,108,1,369.26,Apparel_Ethnic,0.22,0,9,0.311,0.568,445202,Darwha,Yeotamal,Maharashtra,3,20.35249,77.70632,49C-3FF-MC6C,1,1,335.9,0.8634,1,4.37,4,1,0.2095,0
VALMO_ORD_0000930,CUST_076640,"Ward No. 66, Mohalla Patel Nagar, Link Road, Purani Basti, Nanded, Maharashtra, 431736",PREMISE:Ward No. 66|ROAD:Link Road|LOCALITY:Mohalla Patel Nagar|PIN:431736,4,86,1,238.72,Apparel_Western,0.2,0,2,0.038,0.916,431736,Nanded,Nanded,Maharashtra,2,18.68959,77.52634,49L-8P7-TPL9,1,0,125.3,0.5909,0,0.84,4,0,0.1557,0
VALMO_ORD_0000931,CUST_078822,"Flat 414, Vrindavan Apartments, Kalyan Marg, Azad Nagar, Jevargi, Karnataka, 585325",PREMISE:Flat 414|ROAD:Kalyan Marg|LOCALITY:Azad Nagar|PIN:585325,4,83,1,286.76,Home_Kitchen,0.13,0,19,0.083,0.555,585325,Jevargi,Gulbarga,Karnataka,2,16.84697,76.54116,436-JPT-6K96,1,0,55.4,0.6176,1,5.23,2,0,0.1739,0
VALMO_ORD_0000932,CUST_056614,"Gupta Niwas, Room 363, Ring Road, Tank Colony, Mumbai, Maharashtra, 400064",PREMISE:Gupta Niwas|ROAD:Ring Road|LOCALITY:Tank Colony|PIN:400064,4,74,0,300.01,Electronics_Accessories,0.12,1,0,0.0,0.506,400064,Mumbai,Mumbai,Maharashtra,1,19.194,72.83733,4FK-239-42KC,1,0,161.9,0.5649,2,9.29,4,0,0.0598,0
VALMO_ORD_0000933,CUST_001307,"Shop No. 79, Grain Market, Opposite HP Petrol Pump, Gali Number 7, Gandhi Nagar, Cannanore (Kannur), Kerala, 670703",PREMISE:Shop No. 79|LANDMARK:Grain Market|LOCALITY:Gandhi Nagar|PIN:670703,4,115,0,236.21,Footwear,0.19,0,2,0.154,0.802,670703,Cannanore (Kannur),Kannur,Kerala,3,11.9797,75.67605,4MM-953-346M,1,1,7.6,0.9742,1,4.19,5,2,0.0478,0
VALMO_ORD_0000934,CUST_023116,"Near Railway Crossing, Subhash Path, Subhash Nagar, Nainital, Uttarakhand, 263128",LANDMARK:Near Railway Crossing|ROAD:Subhash Path|LOCALITY:Subhash Nagar|PIN:263128,4,81,1,301.67,Personal_Care,0.08,0,9,0.06,0.712,263128,Nainital,Nainital,Uttarakhand,3,29.33995,79.4417,38F-3C4-8L77,0,1,142.5,0.6416,1,4.36,4,0,0.1868,0
VALMO_ORD_0000935,CUST_031427,"House No. 52, Main Bazaar Road, Gandhi Nagar, Hyderabad, Telangana, 500087",PREMISE:House No. 52|ROAD:Main Bazaar Road|LOCALITY:Gandhi Nagar|PIN:500087,4,74,1,376.13,Apparel_Ethnic,0.22,0,10,0.036,0.506,500087,Hyderabad,Hyderabad,Telangana,1,17.51926,78.56527,422-7FP-F438,1,0,125.8,0.6103,1,5.45,4,1,0.1772,0
VALMO_ORD_0000936,CUST_046961,"Kalyan Marg, Kalyan Nagar, Ujjain, Madhya Pradesh, 456440",ROAD:Kalyan Marg|LOCALITY:Kalyan Nagar|PIN:456440,3,57,1,326.4,Home_Kitchen,0.13,0,16,0.014,0.777,456440,Ujjain,Ujjain,Madhya Pradesh,2,23.5288,75.38962,344-K2L-7KCP,0,0,8.5,0.3313,1,4.54,2,3,0.2858,0
VALMO_ORD_0000937,CUST_005833,"Plot No. 266, Gali 14, Behind Reliance Fresh, Main Bazaar Road, Patel Nagar, Coimbatore, Tamil Nadu, 641030",PREMISE:Plot No. 266|LANDMARK:Behind Reliance Fresh|ROAD:Main Bazaar Road|LOCALITY:Patel Nagar|PIN:641030,5,107,1,386.09,Electronics_Accessories,0.12,0,2,0.236,0.763,641030,Coimbatore,Coimbatore,Tamil Nadu,2,11.02994,76.94916,MC8-T22-JT4T,1,1,357.4,0.906,2,7.34,3,2,0.2476,0
VALMO_ORD_0000938,CUST_058641,"Quarter No. 317, Railway Colony, Near Water Tank, Link Road, Brahma Devam, Nellore, Andhra Pradesh, 524346",PREMISE:Quarter No. 317|LANDMARK:Near Water Tank|ROAD:Link Road|LOCALITY:Railway Colony|PIN:524346,5,106,0,320.66,Apparel_Western,0.2,1,0,0.0,0.654,524346,Nellore,Nellore,Andhra Pradesh,2,14.33289,80.06647,464-MTJ-65M4,1,1,93.3,0.9515,2,13.17,4,3,0.0776,0
VALMO_ORD_0000939,CUST_045397,"Block A, Sector 183, Near Hanuman Temple, Bypass Road, Padappai, Tiruvallur, Tamil Nadu, 601301",PREMISE:Block A|LANDMARK:Near Hanuman Temple|ROAD:Bypass Road|PIN:601301,4,95,1,671.95,Electronics_Accessories,0.12,1,0,0.0,0.386,601301,Tiruvallur,Tiruvallur,Tamil Nadu,3,12.85257,79.98531,4T3-4J6-925M,1,1,229.7,0.9318,0,1.25,4,0,0.1609,0
VALMO_ORD_0000940,CUST_015308,"Behind Hanuman Hospital, Link Road, Shastri Nagar, Gulbarga, Karnataka, 585265",LANDMARK:Behind Hanuman Hospital|ROAD:Link Road|LOCALITY:Shastri Nagar|PIN:585265,4,78,1,324.35,Home_Kitchen,0.13,0,4,0.497,0.575,585265,Gulbarga,Gulbarga,Karnataka,2,17.24805,76.63955,437-MC2-TTTM,0,1,29.5,0.6841,1,5.26,2,0,0.1979,1
VALMO_ORD_0000941,CUST_036230,"Link Road, Fatehpur, Gaya, Bihar, 824232",ROAD:Link Road|LOCALITY:Fatehpur|PIN:824232,3,40,1,324.6,Home_Kitchen,0.13,1,0,0.0,0.213,824232,Gaya,Gaya,Bihar,2,24.73481,85.32042,249-7L5-95TC,0,0,310.6,0.2483,0,2.23,3,0,0.2302,0
VALMO_ORD_0000942,CUST_070305,"Quarter No. 66, Railway Colony, Opposite State Bank of India, Main Bazaar Road, Panjee, Mangalore, Karnataka, 574259",PREMISE:Quarter No. 66|LANDMARK:Opposite State Bank of India|ROAD:Main Bazaar Road|LOCALITY:Railway Colony|PIN:574259,5,116,1,396.77,Apparel_Western,0.2,0,17,0.06,0.877,574259,Mangalore,Dak. Kannada,Karnataka,2,12.66804,75.18612,4MJ-TKM-9365,1,1,30.4,0.9755,0,0.58,5,0,0.1186,1
VALMO_ORD_0000943,CUST_006279,"Behind Shiv Hospital, Gandhi Marg, Vasant Kunj S.O, South West Delhi, Delhi, 110070",LANDMARK:Behind Shiv Hospital|ROAD:Gandhi Marg|PIN:110070,3,83,1,316.74,Apparel_Western,0.2,1,0,0.0,0.694,110070,South West Delhi,South West Delhi,Delhi,1,28.51962,77.17067,39J-4LT-495T,0,1,96.4,0.6472,0,2.6,4,1,0.1805,1
VALMO_ORD_0000944,CUST_026708,"Cinema Road, Dehurda, Baleshwar, Odisha, 756036",ROAD:Cinema Road|PIN:756036,2,47,0,369.62,Footwear,0.19,1,0,0.0,0.345,756036,Baleshwar,Baleshwar,Odisha,3,21.68445,87.40747,2P2-PKJ-FPL8,0,0,18.7,0.276,0,0.62,3,0,0.0638,0
VALMO_ORD_0000945,CUST_004045,"Gandhi Marg, Adarsh Nagar, Jaipur, Rajasthan, 303104",ROAD:Gandhi Marg|LOCALITY:Adarsh Nagar|PIN:303104,3,52,1,984.82,Apparel_Ethnic,0.22,1,0,0.0,0.274,303104,Jaipur,Jaipur,Rajasthan,2,27.15077,75.98971,339-F6M-JF64,0,0,9.5,0.3423,2,10.87,4,0,0.3176,0
VALMO_ORD_0000946,CUST_037926,"Opposite HP Petrol Pump, Main Bazaar Road, Dibiapur, Etwah, Uttar Pradesh, 206244",LANDMARK:Opposite HP Petrol Pump|ROAD:Main Bazaar Road|LOCALITY:Dibiapur|PIN:206244,4,81,1,196.26,Home_Kitchen,0.13,0,7,0.008,0.719,206244,Etwah,Etwah,Uttar Pradesh,3,26.62752,79.55254,37J-9J5-M28L,0,1,194.5,0.6338,1,3.71,4,2,0.2348,1
VALMO_ORD_0000947,CUST_070524,"Ward No. 252, Mohalla Shastri Nagar, Temple Street, Purani Basti, Chik Ballapur, Karnataka, 562104",PREMISE:Ward No. 252|ROAD:Temple Street|LOCALITY:Mohalla Shastri Nagar|PIN:562104,4,98,1,506.12,Apparel_Ethnic,0.22,0,4,0.053,0.77,562104,Chik Ballapur,Kolar,Karnataka,3,13.61619,77.81034,4PC-CTL-FTK2,1,0,173.5,0.5621,2,9.16,3,0,0.2642,0
VALMO_ORD_0000948,CUST_022927,"House No. 59, Near Railway Crossing, Gandhi Marg, Kattedan Ie S.O, Hyderabad, Telangana, 500077",PREMISE:House No. 59|LANDMARK:Near Railway Crossing|ROAD:Gandhi Marg|PIN:500077,4,95,0,352.83,Apparel_Ethnic,0.22,0,3,0.119,0.489,500077,Hyderabad,Hyderabad,Telangana,1,17.28761,78.4209,422-5L3-2PPP,1,1,216.6,0.9316,0,2.35,4,0,0.0244,0
VALMO_ORD_0000949,CUST_067833,"Flat 617, Gokul Apartments, Opposite State Bank of India, Gandhi Marg, Purani Basti, Dungarpur, Rajasthan, 314406",PREMISE:Flat 617|LANDMARK:Opposite State Bank of India|ROAD:Gandhi Marg|LOCALITY:Purani Basti|PIN:314406,5,113,0,520.42,Footwear,0.19,1,0,0.0,0.543,314406,Dungarpur,Dungarpur,Rajasthan,3,23.53585,73.76582,3K5-4JK-KJ34,1,1,257.4,0.9062,1,3.37,3,0,0.0447,0
VALMO_ORD_0000950,CUST_054502,"Quarter No. 116, Railway Colony, Gali Number 8, Brahmanapattu B.O, Chittoor, Andhra Pradesh, 517551",PREMISE:Quarter No. 116|LOCALITY:Railway Colony|PIN:517551,3,99,1,371.82,Apparel_Ethnic,0.22,0,14,0.012,0.818,517551,Chittoor,Chittoor,Andhra Pradesh,3,13.54952,79.54441,4TF-2J4-M8TT,1,0,126.0,0.6041,2,9.87,4,0,0.2533,0
VALMO_ORD_0000951,CUST_069520,"Khata No. 196, Village Rampur, Opposite Panchayat Bhawan, Hospital Road, Patel Nagar, Sivaganga, Tamil Nadu, 630710",PREMISE:Khata No. 196|LANDMARK:Opposite Panchayat Bhawan|ROAD:Hospital Road|LOCALITY:Village Rampur|PIN:630710,5,115,1,188.21,Apparel_Ethnic,0.22,0,12,0.055,0.564,630710,Sivaganga,Sivaganga,Tamil Nadu,3,9.62259,78.72259,M9T-JJ7-676P,1,1,390.7,0.8859,1,6.85,3,0,0.1645,0
VALMO_ORD_0000952,CUST_060135,"Ward No. 233, Mohalla Adarsh Nagar, Near Govt Primary School, Industrial Area Phase 6, Azad Nagar, Udaipur, Rajasthan, 313708",PREMISE:Ward No. 233|LANDMARK:Near Govt Primary School|LOCALITY:Mohalla Adarsh Nagar|PIN:313708,4,125,1,278.61,Apparel_Ethnic,0.22,0,2,0.189,0.539,313708,Udaipur,Udaipur,Rajasthan,2,24.77542,73.31386,3KC-36J-5CP3,1,1,220.8,0.9078,1,3.31,4,1,0.1723,0
VALMO_ORD_0000953,CUST_004524,"Main Bazaar Road, Adarsh Nagar, Kota, Rajasthan, 325218",ROAD:Main Bazaar Road|LOCALITY:Adarsh Nagar|PIN:325218,3,55,1,311.33,Home_Kitchen,0.13,1,0,0.0,0.319,325218,Kota,Kota,Rajasthan,2,24.87563,76.71897,348-9LK-FK35,0,0,184.0,0.2564,0,0.76,5,0,0.229,0
VALMO_ORD_0000954,CUST_022486,"Quarter No. 343, Railway Colony, Beside Govt Hospital, Gali Number 1, Adarsh Nagar, Aurangabad, Maharashtra, 431008",PREMISE:Quarter No. 343|LANDMARK:Beside Govt Hospital|LOCALITY:Railway Colony|PIN:431008,4,115,0,761.71,Apparel_Ethnic,0.22,0,5,0.033,0.786,431008,Aurangabad,Aurangabad,Maharashtra,2,19.9758,75.39497,4CC-L5M-45J9,1,1,121.0,0.9362,0,2.52,3,0,0.0266,0
VALMO_ORD_0000955,CUST_025968,"Khata No. 142, Village Rampur, Gandhi Marg, Devara Palle, Vishakhapatnam, Andhra Pradesh, 531030",PREMISE:Khata No. 142|ROAD:Gandhi Marg|LOCALITY:Village Rampur|PIN:531030,4,96,1,196.67,Apparel_Ethnic,0.22,0,4,0.204,0.566,531030,Vishakhapatnam,Vishakhapatnam,Andhra Pradesh,2,17.98505,82.96886,5J9-2M6-F477,1,0,109.6,0.6116,2,17.77,5,0,0.2446,1
VALMO_ORD_0000956,CUST_068620,"Quarter No. 89, Railway Colony, Subhash Path, Shastri Nagar, Madhubani, Bihar, 847212",PREMISE:Quarter No. 89|ROAD:Subhash Path|LOCALITY:Railway Colony|PIN:847212,4,85,1,803.94,Footwear,0.19,1,0,0.0,0.234,847212,Madhubani,Madhubani,Bihar,3,26.31173,86.05991,22J-K45-TCF3,1,0,205.4,0.562,0,0.86,4,0,0.2126,0
VALMO_ORD_0000957,CUST_002862,"Quarter No. 247, Railway Colony, Temple Street, Wilson Garden, Bangalore, Karnataka, 560027",PREMISE:Quarter No. 247|LANDMARK:Wilson Garden|ROAD:Temple Street|LOCALITY:Railway Colony|PIN:560027,5,91,1,339.44,Footwear,0.19,0,13,0.136,0.642,560027,Bangalore,Bangalore,Karnataka,1,12.94585,77.57319,4P3-JKM-JTM6,1,1,72.5,0.9597,0,2.55,4,0,0.1094,0
VALMO_ORD_0000958,CUST_065303,"Patel Residency, Flat 322, Behind Post Office, Main Bazaar Road, Patel Nagar, Bangalore, Karnataka, 560004",PREMISE:Patel Residency|LANDMARK:Behind Post Office|ROAD:Main Bazaar Road|LOCALITY:Patel Nagar|PIN:560004,5,106,1,658.41,Apparel_Western,0.2,1,0,0.0,0.855,560004,Bangalore,Bangalore,Karnataka,1,12.93488,77.56229,4PJ-7T8-6TP4,1,1,100.4,0.9633,1,6.34,2,0,0.1459,0
VALMO_ORD_0000959,CUST_053032,"Opposite Shiv Mandir, Cinema Road, Bus Stand, Chatrapur, Odisha, 761018",LANDMARK:Opposite Shiv Mandir|ROAD:Cinema Road|LOCALITY:Chatrapur|PIN:761018,4,71,1,416.84,Apparel_Western,0.2,0,15,0.207,0.614,761018,Chatrapur,Ganjam,Odisha,3,19.49881,84.90285,5C2-LF7-L557,0,1,64.1,0.6614,1,3.69,4,0,0.2037,0
VALMO_ORD_0000960,CUST_018850,"Kalyan Marg, MIRC S.O, Ahmed Nagar, Maharashtra, 414110",ROAD:Kalyan Marg|LOCALITY:Ahmed Nagar|PIN:414110,3,55,1,292.92,Apparel_Ethnic,0.22,1,0,0.0,0.255,414110,Ahmed Nagar,Ahmed Nagar,Maharashtra,3,19.06269,74.75675,4CK-KFL-6F4F,0,0,430.7,0.2197,0,0.56,4,1,0.297,0
VALMO_ORD_0000961,CUST_010449,"Flat 370, Krishna Apartments, Gali Number 5, Sivane, Chitradurga, Karnataka, 577549",PREMISE:Flat 370|PIN:577549,2,83,1,857.41,Apparel_Western,0.2,0,3,0.343,0.925,577549,Chitradurga,Chitradurga,Karnataka,3,13.82511,76.02885,44P-MJM-2LJC,1,0,379.8,0.508,0,0.68,3,0,0.2106,0
VALMO_ORD_0000962,CUST_071305,"Link Road, Ganeshpuri, Thane, Maharashtra, 401206",ROAD:Link Road|PIN:401206,2,49,1,493.62,Apparel_Ethnic,0.22,0,2,0.193,0.964,401206,Thane,Thane,Maharashtra,2,19.0002,73.10765,4F4-K44-K5J8,0,0,11.8,0.3128,0,0.96,3,1,0.2279,0
VALMO_ORD_0000963,CUST_057700,"Krishna Niwas, Room 439, Behind Post Office, Station Road, Behta, Raibareilly, Uttar Pradesh, 229201",PREMISE:Krishna Niwas|LANDMARK:Behind Post Office|ROAD:Station Road|PIN:229201,4,100,1,315.95,Footwear,0.19,0,21,0.191,0.45,229201,Raibareilly,Raibareilly,Uttar Pradesh,2,26.21142,80.86644,372-T36-8555,1,1,526.6,0.8602,1,3.18,3,0,0.1565,0
VALMO_ORD_0000964,CUST_065514,"Yadav Residency, Flat 272, Link Road, Nallur Tenkasi, Nallur, Tamil Nadu, 627853",PREMISE:Yadav Residency|ROAD:Link Road|PIN:627853,3,80,1,641.24,Electronics_Accessories,0.12,0,3,0.384,0.896,627853,Nallur,Tirunelveli,Tamil Nadu,2,8.94007,77.54845,M2F-68P-39CP,1,0,615.8,0.4752,2,16.76,3,0,0.2772,1
VALMO_ORD_0000965,CUST_011034,"Temple Street, Alandi Devachi, Pune, Maharashtra, 412105",ROAD:Temple Street|PIN:412105,2,56,1,279.3,Home_Kitchen,0.13,0,17,0.359,0.712,412105,Pune,Pune,Maharashtra,1,18.67158,73.87132,4FP-38F-FF49,0,0,67.4,0.3136,0,1.31,2,0,0.1891,0
VALMO_ORD_0000966,CUST_039074,"Khata No. 65, Village Rampur, Near Railway Crossing, Station Road, Jaitpura, Jaipur, Rajasthan, 303704",PREMISE:Khata No. 65|LANDMARK:Near Railway Crossing|ROAD:Station Road|LOCALITY:Village Rampur|PIN:303704,5,102,1,316.89,Apparel_Western,0.2,0,4,0.126,0.832,303704,Jaipur,Jaipur,Rajasthan,2,27.12972,75.74022,33C-8LJ-55PP,1,1,103.3,0.9494,0,0.98,3,0,0.1246,0
VALMO_ORD_0000967,CUST_068041,"Block D, Sector 165, Station Road, Azad Nagar, Ballia, Uttar Pradesh, 277204",PREMISE:Block D|ROAD:Station Road|LOCALITY:Azad Nagar|PIN:277204,4,76,1,299.13,Apparel_Ethnic,0.22,1,0,0.0,0.281,277204,Ballia,Ballia,Uttar Pradesh,3,25.7064,84.53333,234-4PM-K5FF,1,0,62.4,0.6324,1,4.59,5,0,0.2318,0
VALMO_ORD_0000968,CUST_008444,"Nehru Road, R S Puram West, Coimbatore, Tamil Nadu, 641002",ROAD:Nehru Road|LOCALITY:R S Puram|PIN:641002,3,58,1,229.25,Apparel_Western,0.2,0,3,0.107,0.806,641002,Coimbatore,Coimbatore,Tamil Nadu,2,11.01672,76.93895,MC8-T24-LLTC,0,0,74.5,0.2955,0,0.94,4,2,0.2472,1
VALMO_ORD_0000969,CUST_063406,"Plot No. 181, Gali 13, Behind Shiv Hospital, Gali Number 6, Sarni, Sarni, Madhya Pradesh, 460447",PREMISE:Plot No. 181|LANDMARK:Behind Shiv Hospital|PIN:460447,3,96,1,1096.67,Apparel_Ethnic,0.22,1,0,0.0,0.339,460447,Sarni,Betul,Madhya Pradesh,3,22.10896,77.93567,3P3-959-M6MM,1,1,133.6,0.9468,0,2.63,2,0,0.1646,1
VALMO_ORD_0000970,CUST_038989,"Behind Balaji Hospital, Gali Number 9, Kalyan Nagar, Jalandhar, Punjab, 144006",LANDMARK:Behind Balaji Hospital|LOCALITY:Kalyan Nagar|PIN:144006,3,78,1,266.17,Apparel_Western,0.2,1,0,0.0,0.389,144006,Jalandhar,Jalandhar,Punjab,2,31.32469,75.58246,CMC-M89-2638,0,1,226.4,0.6173,0,0.78,4,4,0.2865,0
VALMO_ORD_0000971,CUST_070861,"Behind Sai Baba Hospital, Main Bazaar Road, Adarsh Nagar, Canning - II, West Bengal, 711109",LANDMARK:Behind Sai Baba Hospital|ROAD:Main Bazaar Road|LOCALITY:Adarsh Nagar|PIN:711109,4,91,1,178.33,Apparel_Ethnic,0.22,1,0,0.0,0.508,711109,Canning - II,Howrah,West Bengal,2,22.56319,88.27812,2TF-JJ7-J8F7,0,1,239.7,0.6066,1,3.42,4,1,0.2366,0
VALMO_ORD_0000972,CUST_069495,"Gupta Residency, Flat 649, Opposite Shiv Mandir, Industrial Area Phase 6, Choolaimedu Mdo, Chennai, Tamil Nadu, 600094",PREMISE:Gupta Residency|LANDMARK:Opposite Shiv Mandir|LOCALITY:Industrial Area Phase|PIN:600094,4,118,0,484.68,Apparel_Western,0.2,0,16,0.489,0.64,600094,Chennai,Chennai,Tamil Nadu,1,13.05417,80.21974,4T3-9TP-C44M,1,1,200.3,0.9054,2,13.86,3,0,0.0475,0
VALMO_ORD_0000973,CUST_076018,"Block C, Sector 107, Temple Street, Mallappa Hill, Mumbai, Maharashtra, 400093",PREMISE:Block C|ROAD:Temple Street|PIN:400093,3,78,1,372.46,Apparel_Ethnic,0.22,0,15,0.135,0.454,400093,Mumbai,Mumbai,Maharashtra,1,19.12338,72.86206,4FK-2PC-K6FC,1,0,147.3,0.566,0,2.59,3,1,0.1672,0
VALMO_ORD_0000974,CUST_029566,"Near Water Tank, Temple Street, Transit Camp Ambedkar Nag, Mumbai, Maharashtra, 400017",LANDMARK:Near Water Tank|ROAD:Temple Street|PIN:400017,3,86,1,550.4,Apparel_Ethnic,0.22,0,6,0.072,0.671,400017,Mumbai,Mumbai,Maharashtra,1,19.05248,72.87997,4FK-528-KT96,0,1,46.6,0.6778,0,1.57,3,2,0.1696,0
VALMO_ORD_0000975,CUST_013075,"Kalyan Marg, Lhaksar, Saharanpur, Uttar Pradesh, 247663",ROAD:Kalyan Marg|LOCALITY:Saharanpur|PIN:247663,3,55,1,260.33,Apparel_Western,0.2,0,5,0.201,0.877,247663,Saharanpur,Saharanpur,Uttar Pradesh,2,29.78196,78.08366,CPM-7PT-MK5T,0,0,1038.9,0.0772,1,4.13,2,0,0.267,0
VALMO_ORD_0000976,CUST_032693,"Surya Niwas, Room 650, Near Railway Crossing, Station Road, Purani Basti, Dholpur, Rajasthan, 328022",PREMISE:Surya Niwas|LANDMARK:Near Railway Crossing|ROAD:Station Road|LOCALITY:Purani Basti|PIN:328022,5,100,1,490.38,Apparel_Ethnic,0.22,0,11,0.012,0.529,328022,Dholpur,Dholpur,Rajasthan,3,26.63885,77.41095,32J-972-6FK3,1,1,53.8,0.9506,1,5.65,3,0,0.1541,1
VALMO_ORD_0000977,CUST_066593,"Krishna Niwas, Room 346, Behind Reliance Fresh, Subhash Path, Azad Nagar, Malapuram, Kerala, 676319",PREMISE:Krishna Niwas|LANDMARK:Behind Reliance Fresh|ROAD:Subhash Path|LOCALITY:Azad Nagar|PIN:676319,5,99,1,1111.31,Apparel_Ethnic,0.22,0,12,0.064,0.887,676319,Malapuram,Malapuram,Kerala,3,11.10167,75.85858,MCC-6T2-J2F4,1,1,26.5,0.97,1,3.93,4,0,0.1555,1
VALMO_ORD_0000978,CUST_064816,"Behind Reliance Fresh, College Road, Ganga Bawada, Kolhapur, Maharashtra, 416206",LANDMARK:Behind Reliance Fresh|ROAD:College Road|LOCALITY:Kolhapur|PIN:416206,4,80,1,466.62,Apparel_Ethnic,0.22,1,0,0.0,0.489,416206,Kolhapur,Kolhapur,Maharashtra,2,16.6128,73.91361,4J5-PKK-7C35,0,1,69.4,0.671,1,4.53,2,0,0.2024,0
VALMO_ORD_0000979,CUST_075917,"Gali Number 4, Purani Basti, Thrissur, Kerala, 679501",LOCALITY:Purani Basti|PIN:679501,2,53,1,660.76,Apparel_Western,0.2,0,12,0.079,0.503,679501,Thrissur,Thrissur,Kerala,3,10.81529,76.35168,MC2-8M2-L67L,0,0,20.8,0.3351,2,15.65,2,0,0.3045,0
VALMO_ORD_0000980,CUST_078553,"House No. 304, Opposite State Bank of India, Bypass Road, Kadur, Kadur, Karnataka, 577548",PREMISE:House No. 304|LANDMARK:Opposite State Bank of India|ROAD:Bypass Road|PIN:577548,4,89,1,477.92,Apparel_Western,0.2,0,5,0.025,0.971,577548,Kadur,Chikamangalur,Karnataka,3,13.53249,76.03361,4M9-3K9-KLPT,1,1,149.3,0.9377,0,1.72,3,0,0.1356,1
VALMO_ORD_0000981,CUST_041485,"Block A, Sector 282, Opposite State Bank of India, Link Road, Sitamarhi Court, Sitamarhi, Bihar, 843302",PREMISE:Block A|LANDMARK:Opposite State Bank of India|ROAD:Link Road|PIN:843302,4,103,1,302.8,Apparel_Ethnic,0.22,0,6,0.206,0.483,843302,Sitamarhi,Sitamarhi,Bihar,3,26.59959,85.51355,237-F5K-99C8,1,1,18.4,0.9818,0,2.69,3,2,0.1828,0
VALMO_ORD_0000982,CUST_008404,"Shanti Niwas, Room 760, Near Railway Crossing, Subhash Path, Kalyan Nagar, Moradabad, Uttar Pradesh, 244236",PREMISE:Shanti Niwas|LANDMARK:Near Railway Crossing|ROAD:Subhash Path|LOCALITY:Kalyan Nagar|PIN:244236,5,107,1,289.44,Apparel_Western,0.2,0,4,0.262,0.429,244236,Moradabad,Moradabad,Uttar Pradesh,2,28.82861,78.41481,392-9LF-769M,1,1,145.9,0.9501,0,2.86,4,1,0.1501,0
VALMO_ORD_0000983,CUST_003664,"Near Hanuman Temple, College Road, Adarsh Nagar, Viramgam, Gujarat, 382150",LANDMARK:Near Hanuman Temple|ROAD:College Road|LOCALITY:Adarsh Nagar|PIN:382150,4,74,1,443.53,Apparel_Western,0.2,0,11,0.226,0.82,382150,Viramgam,Ahmedabad,Gujarat,1,23.10831,72.05991,J6T-J7M-8P6M,0,1,604.6,0.5016,0,1.06,3,0,0.1602,0
VALMO_ORD_0000984,CUST_033891,"Shanti Residency, Flat 517, Behind Ganesh Hospital, Subhash Path, Yelabanka, Bangalore, Karnataka, 560064",PREMISE:Shanti Residency|LANDMARK:Behind Ganesh Hospital|ROAD:Subhash Path|PIN:560064,4,105,1,366.99,Apparel_Ethnic,0.22,0,17,0.11,0.74,560064,Bangalore,Bangalore,Karnataka,1,13.08963,77.61799,4P3-F4P-C4FK,1,1,125.0,0.955,0,1.34,4,0,0.1096,0
VALMO_ORD_0000985,CUST_076667,"Block D, Sector 108, Gali Number 4, Patel Nagar, New Delhi, Delhi, 110093",PREMISE:Block D|LOCALITY:Patel Nagar|PIN:110093,3,73,1,183.64,Apparel_Western,0.2,0,5,0.084,0.293,110093,New Delhi,East Delhi,Delhi,1,28.69307,77.30088,39J-2KP-L8PT,1,0,210.2,0.5866,1,6.22,4,0,0.162,1
VALMO_ORD_0000986,CUST_027420,"House No. 350, Nehru Road, Vembakottai, Virudhunagar, Tamil Nadu, 626131",PREMISE:House No. 350|ROAD:Nehru Road|LOCALITY:Virudhunagar|PIN:626131,4,72,1,492.79,Apparel_Western,0.2,1,0,0.0,0.574,626131,Virudhunagar,Virudhunagar,Tamil Nadu,3,9.37835,77.72587,M9M-MF2-2432,1,0,310.8,0.5602,0,0.96,3,0,0.2135,1
VALMO_ORD_0000987,CUST_043881,"Cinema Road, Shastri Nagar, Pune, Maharashtra, 413802",ROAD:Cinema Road|LOCALITY:Shastri Nagar|PIN:413802,3,53,1,500.53,Footwear,0.19,0,4,0.142,0.936,413802,Pune,Pune,Maharashtra,1,18.34334,74.56463,4FT-P22-759J,0,0,136.1,0.3034,1,5.55,4,0,0.2015,1
VALMO_ORD_0000988,CUST_070448,"Block C, Sector 272, Near Peepal Ka Ped, College Road, Izatnagar, Bareilly, Uttar Pradesh, 243122",PREMISE:Block C|LANDMARK:Near Peepal Ka Ped|ROAD:College Road|LOCALITY:Izatnagar|PIN:243122,5,97,1,623.94,Electronics_Accessories,0.12,0,12,0.203,0.796,243122,Bareilly,Bareilly,Uttar Pradesh,2,28.39004,79.43909,38J-MM4-2FK7,1,1,11.3,0.9792,0,1.59,3,1,0.1392,0
VALMO_ORD_0000989,CUST_073893,"Near Hanuman Temple, Station Road, Afzalpur, Afzalpur, Karnataka, 585301",LANDMARK:Near Hanuman Temple|ROAD:Station Road|LOCALITY:Afzalpur|PIN:585301,4,72,1,543.6,Apparel_Ethnic,0.22,0,3,0.217,0.441,585301,Afzalpur,Gulbarga,Karnataka,2,17.27659,76.43531,432-6T6-TFFF,0,1,200.3,0.6449,0,0.58,3,1,0.1839,0
VALMO_ORD_0000990,CUST_068552,"Shop No. 142, Sabzi Market, Near Water Tank, Industrial Area Phase 1, Patel Nagar, Nahan, Himachal Pradesh, 173001",PREMISE:Shop No. 142|LANDMARK:Sabzi Market|LOCALITY:Industrial Area Phase|PIN:173001,4,114,0,446.88,Apparel_Ethnic,0.22,0,4,0.136,0.783,173001,Nahan,Sirmour,Himachal Pradesh,3,30.52238,77.34721,CPK-94T-5KL3,1,1,104.8,0.937,1,6.17,3,1,0.043,0
VALMO_ORD_0000991,CUST_073582,"Flat 391, Krishna Apartments, Station Road, Kempegowda Road, Bangalore, Karnataka, 560009",PREMISE:Flat 391|ROAD:Station Road|PIN:560009,3,89,1,307.31,Electronics_Accessories,0.12,0,3,0.056,0.756,560009,Bangalore,Bangalore,Karnataka,1,12.97927,77.57485,4P3-JJM-4PC7,1,0,76.5,0.608,0,2.03,3,0,0.1338,0
VALMO_ORD_0000992,CUST_049686,"Behind Post Office, Temple Street, Tarnau, Nagaur, Rajasthan, 341030",LANDMARK:Behind Post Office|ROAD:Temple Street|PIN:341030,3,68,1,311.24,Home_Kitchen,0.13,0,10,0.126,0.525,341030,Nagaur,Nagaur,Rajasthan,3,27.10564,74.17902,3J9-788-JKPC,0,1,28.9,0.6864,0,2.48,2,0,0.1661,0
VALMO_ORD_0000993,CUST_023931,"Flat 268, Singh Apartments, Opposite HP Petrol Pump, Nehru Road, Vengalam, Kozhikode, Kerala, 673303",PREMISE:Flat 268|LANDMARK:Opposite HP Petrol Pump|ROAD:Nehru Road|PIN:673303,4,100,1,375.2,Home_Kitchen,0.13,0,21,0.211,0.839,673303,Kozhikode,Kozhikode,Kerala,3,11.35377,75.75391,MCC-7F9-K69L,1,1,235.3,0.936,0,2.25,4,0,0.1441,0
VALMO_ORD_0000994,CUST_053649,"Khata No. 189, Village Rampur, Behind Post Office, Bypass Road, Safipur S.O, Unnao, Uttar Pradesh, 209871",PREMISE:Khata No. 189|LANDMARK:Behind Post Office|ROAD:Bypass Road|LOCALITY:Village Rampur|PIN:209871,5,105,1,310.66,Apparel_Ethnic,0.22,0,3,0.039,0.712,209871,Unnao,Unnao,Uttar Pradesh,3,26.78255,80.31166,37C-T2J-8KPT,1,1,194.8,0.9112,2,15.12,4,0,0.2094,0
VALMO_ORD_0000995,CUST_012743,"Khata No. 202, Village Rampur, Beside Govt Hospital, Ring Road, Red Hills Bazaar, Padianallur, Tamil Nadu, 600052",PREMISE:Khata No. 202|LANDMARK:Beside Govt Hospital|ROAD:Ring Road|LOCALITY:Village Rampur|PIN:600052,5,113,1,151.77,Apparel_Western,0.2,0,10,0.291,0.586,600052,Padianallur,Chennai,Tamil Nadu,1,13.20371,80.18044,4TC-PP4-847M,1,1,32.9,0.9687,0,1.22,4,0,0.1171,0
VALMO_ORD_0000996,CUST_045001,"House No. 137, Gandhi Marg, Patas B.O, Pune, Maharashtra, 412219",PREMISE:House No. 137|ROAD:Gandhi Marg|PIN:412219,3,64,1,1253.47,Apparel_Ethnic,0.22,1,0,0.0,0.485,412219,Pune,Pune,Maharashtra,1,18.46877,74.45586,4FT-47P-9J5L,1,0,88.1,0.6253,0,0.75,4,2,0.2073,0
VALMO_ORD_0000997,CUST_049556,"Shanti Niwas, Room 740, Kalyan Marg, Patel Nagar, Tiruvallur, Tamil Nadu, 631211",PREMISE:Shanti Niwas|ROAD:Kalyan Marg|LOCALITY:Patel Nagar|PIN:631211,4,80,0,588.6,Apparel_Ethnic,0.22,0,6,0.17,0.603,631211,Tiruvallur,Tiruvallur,Tamil Nadu,3,13.13538,79.5892,4TJ-932-P4M6,1,0,191.1,0.5796,0,2.73,3,2,0.0576,0
VALMO_ORD_0000998,CUST_078425,"Khata No. 312, Village Rampur, Opposite HP Petrol Pump, Industrial Area Phase 2, Patel Nagar, Poonamallee, Tamil Nadu, 600056",PREMISE:Khata No. 312|LANDMARK:Opposite HP Petrol Pump|LOCALITY:Village Rampur|PIN:600056,4,125,1,414.93,Footwear,0.19,0,9,0.174,0.54,600056,Poonamallee,Chennai,Tamil Nadu,1,13.07213,80.13299,4T3-9MJ-C6C9,1,1,50.8,0.9683,2,10.92,5,1,0.1894,0
VALMO_ORD_0000999,CUST_054250,"Behind Reliance Fresh, Subhash Path, Mancode, #N/A, Kerala, 689694",LANDMARK:Behind Reliance Fresh|ROAD:Subhash Path|PIN:689694,3,66,0,453.49,Apparel_Ethnic,0.22,0,9,0.243,0.52,689694,#N/A,Pathanamthitta,Kerala,3,9.10928,76.87853,M38-7F9-F984,0,1,245.0,0.6085,2,13.4,2,2,0.0915,0
VALMO_ORD_0001000,CUST_026789,"Shop No. 127, Grain Market, Bypass Road, Harsidhi, Motihari, Bihar, 845422",PREMISE:Shop No. 127|LANDMARK:Grain Market|ROAD:Bypass Road|PIN:845422,4,74,1,226.6,Apparel_Western,0.2,0,16,0.178,0.349,845422,Motihari,Purba Champaran,Bihar,3,25.1945,85.35034,23P-642-L3M4,1,1,214.6,0.926,0,1.69,5,0,0.1465,1
